solid OpenSCAD_Model
  facet normal -0.57735 -0.57735 -0.57735
    outer loop
      vertex -21.2 74.4 -6.6
      vertex -21.2 74.2 -6.4
      vertex -21.4 74.4 -6.4
    endloop
  endfacet
  facet normal -0.707107 -0.707107 0
    outer loop
      vertex -21.2 74.2 -6.4
      vertex -21.4 74.4 27.2
      vertex -21.4 74.4 -6.4
    endloop
  endfacet
  facet normal -0.707107 -0.707107 0
    outer loop
      vertex -21.4 74.4 27.2
      vertex -21.2 74.2 -6.4
      vertex -21.2 74.2 27.2
    endloop
  endfacet
  facet normal -0.57735 -0.57735 0.57735
    outer loop
      vertex -21.2 74.2 27.2
      vertex -21.2 74.4 27.4
      vertex -21.4 74.4 27.2
    endloop
  endfacet
  facet normal -0.707107 0 -0.707107
    outer loop
      vertex -21.2 74.4 -6.6
      vertex -21.4 75.6 -6.4
      vertex -21.2 75.6 -6.6
    endloop
  endfacet
  facet normal -0.707107 -0 -0.707107
    outer loop
      vertex -21.4 75.6 -6.4
      vertex -21.2 74.4 -6.6
      vertex -21.4 74.4 -6.4
    endloop
  endfacet
  facet normal -1 0 0
    outer loop
      vertex -21.4 74.4 -6.4
      vertex -21.4 75.6 27.2
      vertex -21.4 75.6 -6.4
    endloop
  endfacet
  facet normal -1 -0 0
    outer loop
      vertex -21.4 75.6 27.2
      vertex -21.4 74.4 -6.4
      vertex -21.4 74.4 27.2
    endloop
  endfacet
  facet normal -0.707107 0 0.707107
    outer loop
      vertex -21.2 74.4 27.4
      vertex -21.2 75.6 27.4
      vertex -21.4 75.6 27.2
    endloop
  endfacet
  facet normal -0.707107 0 0.707107
    outer loop
      vertex -21.2 74.4 27.4
      vertex -21.4 75.6 27.2
      vertex -21.4 74.4 27.2
    endloop
  endfacet
  facet normal -0.707107 0 0.707107
    outer loop
      vertex -21.2 75.6 27.4
      vertex -21.2 74.4 27.4
      vertex -21 75.6 27.6
    endloop
  endfacet
  facet normal -0.707107 0 0.707107
    outer loop
      vertex -21 75.6 27.6
      vertex -21.2 74.4 27.4
      vertex -21 74.4 27.6
    endloop
  endfacet
  facet normal -0.57735 0.57735 -0.57735
    outer loop
      vertex -21.2 75.8 -6.4
      vertex -21.2 75.6 -6.6
      vertex -21.4 75.6 -6.4
    endloop
  endfacet
  facet normal -0.707107 0.707107 0
    outer loop
      vertex -21.4 75.6 -6.4
      vertex -21.2 75.8 -6
      vertex -21.2 75.8 -6.4
    endloop
  endfacet
  facet normal -0.707107 0.707107 0
    outer loop
      vertex -21.4 75.6 27.2
      vertex -21.2 75.8 -6
      vertex -21.4 75.6 -6.4
    endloop
  endfacet
  facet normal -0.707107 0.707107 0
    outer loop
      vertex -21.2 75.8 -6
      vertex -21.4 75.6 27.2
      vertex -21.2 75.8 27.2
    endloop
  endfacet
  facet normal -0.57735 0.57735 0.57735
    outer loop
      vertex -21.2 75.6 27.4
      vertex -21.2 75.8 27.2
      vertex -21.4 75.6 27.2
    endloop
  endfacet
  facet normal -0.57735 -0.57735 -0.57735
    outer loop
      vertex -20.8 74.4 -7
      vertex -20.8 74.2 -6.8
      vertex -21 74.4 -6.8
    endloop
  endfacet
  facet normal -0.57735 -0.57735 -0.57735
    outer loop
      vertex -21.2 74.4 -6.6
      vertex -21 74.4 -6.8
      vertex -21.2 74.2 -6.4
    endloop
  endfacet
  facet normal -0.57735 -0.57735 -0.57735
    outer loop
      vertex -21 74.4 -6.8
      vertex -20.8 74.2 -6.8
      vertex -21.2 74.2 -6.4
    endloop
  endfacet
  facet normal 0 -1 0
    outer loop
      vertex -19.6 74.2 26.4
      vertex -20.8 74.2 27.6
      vertex -21.2 74.2 27.2
    endloop
  endfacet
  facet normal 0 -1 0
    outer loop
      vertex -20.8 74.2 27.6
      vertex -18.8 74.2 27.2
      vertex -18.4 74.2 27.6
    endloop
  endfacet
  facet normal 0 -1 0
    outer loop
      vertex -20.8 74.2 27.6
      vertex -19.2 74.2 26.8
      vertex -18.8 74.2 27.2
    endloop
  endfacet
  facet normal 0 -1 0
    outer loop
      vertex -20.8 74.2 27.6
      vertex -19.6 74.2 26.4
      vertex -19.2 74.2 26.8
    endloop
  endfacet
  facet normal 0 -1 0
    outer loop
      vertex -21.2 74.2 27.2
      vertex -20 74.2 26
      vertex -19.6 74.2 26.4
    endloop
  endfacet
  facet normal 0 -1 0
    outer loop
      vertex -21.2 74.2 27.2
      vertex -20 74.2 25.6
      vertex -20 74.2 26
    endloop
  endfacet
  facet normal 0 -1 0
    outer loop
      vertex -18.4 74.2 17.2
      vertex -19.6 74.2 25.2
      vertex -20 74.2 25.6
    endloop
  endfacet
  facet normal 0 -1 0
    outer loop
      vertex -18.4 74.2 17.2
      vertex -18.8 74.2 24.4
      vertex -19.2 74.2 24.8
    endloop
  endfacet
  facet normal 0 -1 0
    outer loop
      vertex -18.8 74.2 24.4
      vertex -18.4 74.2 17.2
      vertex -18.4 74.2 24
    endloop
  endfacet
  facet normal 0 -1 0
    outer loop
      vertex -19.6 74.2 25.2
      vertex -18.4 74.2 17.2
      vertex -19.2 74.2 24.8
    endloop
  endfacet
  facet normal 0 -1 0
    outer loop
      vertex -21.2 74.2 27.2
      vertex -18.4 74.2 17.2
      vertex -20 74.2 25.6
    endloop
  endfacet
  facet normal 0 -1 0
    outer loop
      vertex -16.4 74.2 11.6
      vertex -16.4 74.2 16.8
      vertex -18 74.2 16.8
    endloop
  endfacet
  facet normal 0 -1 0
    outer loop
      vertex -16.4 74.2 16.8
      vertex -16 74.2 11.2
      vertex -2.4 74.2 15.2
    endloop
  endfacet
  facet normal 0 -1 0
    outer loop
      vertex 0 74.2 13.6
      vertex 0 74.2 14.8
      vertex -2 74.2 14.8
    endloop
  endfacet
  facet normal 0 -1 0
    outer loop
      vertex 0.4 74.2 13.2
      vertex 0 74.2 14.8
      vertex 0 74.2 13.6
    endloop
  endfacet
  facet normal 0 -1 0
    outer loop
      vertex 0 74.2 13.6
      vertex -2 74.2 14.8
      vertex -2 74.2 13.6
    endloop
  endfacet
  facet normal -0 -1 0
    outer loop
      vertex -2.4 74.2 13.2
      vertex -2.4 74.2 15.2
      vertex -16 74.2 11.2
    endloop
  endfacet
  facet normal 0 -1 -0
    outer loop
      vertex -2 74.2 14.8
      vertex -2.4 74.2 13.2
      vertex -2 74.2 13.6
    endloop
  endfacet
  facet normal 0 -1 0
    outer loop
      vertex -16.4 74.2 11.6
      vertex -18 74.2 16.8
      vertex -18 74.2 11.6
    endloop
  endfacet
  facet normal 0 -1 0
    outer loop
      vertex -18.4 74.2 17.2
      vertex -18 74.2 11.6
      vertex -18 74.2 16.8
    endloop
  endfacet
  facet normal 0 -1 0
    outer loop
      vertex -18.4 74.2 11.2
      vertex -18.4 74.2 17.2
      vertex -21.2 74.2 27.2
    endloop
  endfacet
  facet normal 0 -1 0
    outer loop
      vertex -18.4 74.2 17.2
      vertex -18.4 74.2 11.2
      vertex -18 74.2 11.6
    endloop
  endfacet
  facet normal 0 -1 0
    outer loop
      vertex -21.2 74.2 -6.4
      vertex -18.4 74.2 11.2
      vertex -21.2 74.2 27.2
    endloop
  endfacet
  facet normal 0 -1 0
    outer loop
      vertex -20.8 74.2 -6.8
      vertex -17.6 74.2 -4.4
      vertex -18 74.2 -4
    endloop
  endfacet
  facet normal 0 -1 0
    outer loop
      vertex -17.2 74.2 -4.8
      vertex -16.4 74.2 -5.2
      vertex -16.8 74.2 -4.8
    endloop
  endfacet
  facet normal 0 -1 0
    outer loop
      vertex -20.8 74.2 -6.8
      vertex 0 74.2 -5.2
      vertex -16.4 74.2 -5.2
    endloop
  endfacet
  facet normal 0 -1 -0
    outer loop
      vertex 0 74.2 -5.2
      vertex -20.8 74.2 -6.8
      vertex 16.4 74.2 -5.2
    endloop
  endfacet
  facet normal 0 -1 -0
    outer loop
      vertex -17.2 74.2 -4.8
      vertex -20.8 74.2 -6.8
      vertex -16.4 74.2 -5.2
    endloop
  endfacet
  facet normal 0 -1 -0
    outer loop
      vertex -17.6 74.2 -4.4
      vertex -20.8 74.2 -6.8
      vertex -17.2 74.2 -4.8
    endloop
  endfacet
  facet normal 0 -1 0
    outer loop
      vertex -20.8 74.2 -6.8
      vertex -18 74.2 -4
      vertex -21.2 74.2 -6.4
    endloop
  endfacet
  facet normal 0 -1 -0
    outer loop
      vertex -18.4 74.2 -3.6
      vertex -21.2 74.2 -6.4
      vertex -18 74.2 -4
    endloop
  endfacet
  facet normal 0 -1 -0
    outer loop
      vertex -18.4 74.2 11.2
      vertex -21.2 74.2 -6.4
      vertex -18.4 74.2 -3.6
    endloop
  endfacet
  facet normal 0 -1 0
    outer loop
      vertex 0.4 74.2 17.2
      vertex 16.8 74.2 17.6
      vertex 0 74.2 17.6
    endloop
  endfacet
  facet normal 0 -1 0
    outer loop
      vertex 0.4 74.2 17.2
      vertex 16.4 74.2 17.2
      vertex 16.8 74.2 17.6
    endloop
  endfacet
  facet normal 0 -1 0
    outer loop
      vertex 0.4 74.2 15.2
      vertex 16.4 74.2 17.2
      vertex 0.4 74.2 17.2
    endloop
  endfacet
  facet normal 0 -1 0
    outer loop
      vertex 0.4 74.2 15.2
      vertex 16.4 74.2 15.2
      vertex 16.4 74.2 17.2
    endloop
  endfacet
  facet normal 0 -1 0
    outer loop
      vertex 0 74.2 14.8
      vertex 16.4 74.2 15.2
      vertex 0.4 74.2 15.2
    endloop
  endfacet
  facet normal 0 -1 -0
    outer loop
      vertex 16.4 74.2 15.2
      vertex 0 74.2 14.8
      vertex 16.8 74.2 14.8
    endloop
  endfacet
  facet normal 0 -1 0
    outer loop
      vertex 0 74.2 17.6
      vertex -16 74.2 21.6
      vertex -2 74.2 17.6
    endloop
  endfacet
  facet normal 0 -1 0
    outer loop
      vertex -2.4 74.2 17.2
      vertex -16 74.2 21.6
      vertex -16 74.2 17.2
    endloop
  endfacet
  facet normal 0 -1 0
    outer loop
      vertex -16 74.2 21.6
      vertex -2.4 74.2 17.2
      vertex -2 74.2 17.6
    endloop
  endfacet
  facet normal 0 -1 0
    outer loop
      vertex -2.4 74.2 15.2
      vertex -16 74.2 17.2
      vertex -16.4 74.2 16.8
    endloop
  endfacet
  facet normal 0 -1 0
    outer loop
      vertex -16 74.2 17.2
      vertex -2.4 74.2 15.2
      vertex -2.4 74.2 17.2
    endloop
  endfacet
  facet normal 0 -1 0
    outer loop
      vertex -16 74.2 21.6
      vertex 0 74.2 17.6
      vertex 32.4 74.2 21.6
    endloop
  endfacet
  facet normal 0 -1 0
    outer loop
      vertex 16.8 74.2 17.6
      vertex 32.4 74.2 21.6
      vertex 0 74.2 17.6
    endloop
  endfacet
  facet normal 0 -1 0
    outer loop
      vertex 18.8 74.2 17.6
      vertex 32.4 74.2 21.6
      vertex 16.8 74.2 17.6
    endloop
  endfacet
  facet normal 0 -1 0
    outer loop
      vertex 19.2 74.2 17.2
      vertex 32.4 74.2 21.6
      vertex 18.8 74.2 17.6
    endloop
  endfacet
  facet normal 0 -1 0
    outer loop
      vertex 19.2 74.2 17.2
      vertex 32.4 74.2 17.2
      vertex 32.4 74.2 21.6
    endloop
  endfacet
  facet normal 0 -1 0
    outer loop
      vertex 19.2 74.2 15.2
      vertex 32.4 74.2 17.2
      vertex 19.2 74.2 17.2
    endloop
  endfacet
  facet normal 0 -1 0
    outer loop
      vertex 32.4 74.2 17.2
      vertex 32.4 74.2 11.2
      vertex 32.8 74.2 16.8
    endloop
  endfacet
  facet normal 0 -1 0
    outer loop
      vertex 32.4 74.2 11.2
      vertex 32.4 74.2 17.2
      vertex 19.2 74.2 15.2
    endloop
  endfacet
  facet normal 0 -1 -0
    outer loop
      vertex 35.6 74.2 24.8
      vertex 35.2 74.2 24.4
      vertex 36 74.2 24.8
    endloop
  endfacet
  facet normal 0 -1 0
    outer loop
      vertex 35.6 74.2 26.8
      vertex 35.2 74.2 27.6
      vertex 35.2 74.2 27.2
    endloop
  endfacet
  facet normal 0 -1 0
    outer loop
      vertex 35.2 74.2 27.6
      vertex 35.6 74.2 26.8
      vertex 37.6 74.2 27.6
    endloop
  endfacet
  facet normal 0 -1 0
    outer loop
      vertex 36 74.2 26.4
      vertex 37.6 74.2 27.6
      vertex 35.6 74.2 26.8
    endloop
  endfacet
  facet normal 0 -1 0
    outer loop
      vertex 36.4 74.2 26
      vertex 37.6 74.2 27.6
      vertex 36 74.2 26.4
    endloop
  endfacet
  facet normal 0 -1 0
    outer loop
      vertex 36.8 74.2 25.6
      vertex 37.6 74.2 27.6
      vertex 36.4 74.2 26
    endloop
  endfacet
  facet normal 0 -1 0
    outer loop
      vertex 35.2 74.2 17.2
      vertex 36 74.2 24.8
      vertex 35.2 74.2 24.4
    endloop
  endfacet
  facet normal 0 -1 0
    outer loop
      vertex 35.2 74.2 17.2
      vertex 36.4 74.2 25.2
      vertex 36 74.2 24.8
    endloop
  endfacet
  facet normal 0 -1 0
    outer loop
      vertex 35.2 74.2 17.2
      vertex 36.8 74.2 25.6
      vertex 36.4 74.2 25.2
    endloop
  endfacet
  facet normal 0 -1 0
    outer loop
      vertex 35.2 74.2 17.2
      vertex 37.6 74.2 27.6
      vertex 36.8 74.2 25.6
    endloop
  endfacet
  facet normal 0 -1 0
    outer loop
      vertex 19.2 74.2 13.2
      vertex 19.2 74.2 15.2
      vertex 18.8 74.2 14.8
    endloop
  endfacet
  facet normal 0 -1 0
    outer loop
      vertex 0 74.2 14.8
      vertex 0.4 74.2 13.2
      vertex 16.8 74.2 14.8
    endloop
  endfacet
  facet normal 0 -1 0
    outer loop
      vertex 16.8 74.2 14.8
      vertex 16.8 74.2 13.6
      vertex 18.8 74.2 14.8
    endloop
  endfacet
  facet normal 0 -1 0
    outer loop
      vertex 18.8 74.2 13.6
      vertex 18.8 74.2 14.8
      vertex 16.8 74.2 13.6
    endloop
  endfacet
  facet normal 0 -1 0
    outer loop
      vertex 19.2 74.2 13.2
      vertex 18.8 74.2 14.8
      vertex 18.8 74.2 13.6
    endloop
  endfacet
  facet normal 0 -1 0
    outer loop
      vertex 19.2 74.2 15.2
      vertex 19.2 74.2 13.2
      vertex 32.4 74.2 11.2
    endloop
  endfacet
  facet normal -0 -1 0
    outer loop
      vertex 32.8 74.2 11.6
      vertex 32.8 74.2 16.8
      vertex 32.4 74.2 11.2
    endloop
  endfacet
  facet normal 0 -1 0
    outer loop
      vertex 34.8 74.2 11.6
      vertex 34.8 74.2 16.8
      vertex 32.8 74.2 11.6
    endloop
  endfacet
  facet normal 0 -1 0
    outer loop
      vertex 34.8 74.2 16.8
      vertex 34.8 74.2 11.6
      vertex 35.2 74.2 17.2
    endloop
  endfacet
  facet normal 0 -1 0
    outer loop
      vertex 35.2 74.2 11.2
      vertex 35.2 74.2 17.2
      vertex 34.8 74.2 11.6
    endloop
  endfacet
  facet normal 0 -1 0
    outer loop
      vertex 35.2 74.2 17.2
      vertex 35.2 74.2 11.2
      vertex 37.6 74.2 27.6
    endloop
  endfacet
  facet normal 0 -1 0
    outer loop
      vertex 37.6 74.2 -6.4
      vertex 35.2 74.2 11.2
      vertex 35.2 74.2 -3.2
    endloop
  endfacet
  facet normal 0 -1 0
    outer loop
      vertex 37.6 74.2 -6.4
      vertex 34.8 74.2 -3.6
      vertex 34.4 74.2 -4
    endloop
  endfacet
  facet normal 0 -1 0
    outer loop
      vertex 37.2 74.2 -6.8
      vertex 34 74.2 -4.4
      vertex 33.6 74.2 -4.8
    endloop
  endfacet
  facet normal 0 -1 0
    outer loop
      vertex 35.2 74.2 11.2
      vertex 37.6 74.2 -6.4
      vertex 37.6 74.2 27.6
    endloop
  endfacet
  facet normal 0 -1 0
    outer loop
      vertex 34.8 74.2 -3.6
      vertex 37.6 74.2 -6.4
      vertex 35.2 74.2 -3.2
    endloop
  endfacet
  facet normal 0 -1 0
    outer loop
      vertex 34 74.2 -4.4
      vertex 37.2 74.2 -6.8
      vertex 34.4 74.2 -4
    endloop
  endfacet
  facet normal 0 -1 0
    outer loop
      vertex 37.2 74.2 -6.8
      vertex 33.6 74.2 -4.8
      vertex 32.8 74.2 -5.2
    endloop
  endfacet
  facet normal 0 -1 0
    outer loop
      vertex 37.2 74.2 -6.8
      vertex 16.4 74.2 -5.2
      vertex -20.8 74.2 -6.8
    endloop
  endfacet
  facet normal 0 -1 0
    outer loop
      vertex 16.4 74.2 -5.2
      vertex 37.2 74.2 -6.8
      vertex 32.8 74.2 -5.2
    endloop
  endfacet
  facet normal 0 -1 0
    outer loop
      vertex 34.4 74.2 -4
      vertex 37.2 74.2 -6.8
      vertex 37.6 74.2 -6.4
    endloop
  endfacet
  facet normal 0 -1 -0
    outer loop
      vertex 8.8 74.2 -3.6
      vertex 8.4 74.2 -4
      vertex 9.2 74.2 -3.6
    endloop
  endfacet
  facet normal 0 -1 0
    outer loop
      vertex 9.6 74.2 -3.2
      vertex 10 74.2 -2.4
      vertex 9.6 74.2 -2.8
    endloop
  endfacet
  facet normal 0 -1 0
    outer loop
      vertex 10 74.2 -2.4
      vertex 16 74.2 -2.8
      vertex 16.4 74.2 -2.4
    endloop
  endfacet
  facet normal 0 -1 0
    outer loop
      vertex 16 74.2 -4.8
      vertex 10 74.2 -2.4
      vertex 9.6 74.2 -3.2
    endloop
  endfacet
  facet normal 0 -1 0
    outer loop
      vertex 16 74.2 -4.8
      vertex 9.6 74.2 -3.2
      vertex 9.2 74.2 -3.6
    endloop
  endfacet
  facet normal 0 -1 0
    outer loop
      vertex 16 74.2 -4.8
      vertex 9.2 74.2 -3.6
      vertex 8.4 74.2 -4
    endloop
  endfacet
  facet normal 0 -1 0
    outer loop
      vertex 10 74.2 -2.4
      vertex 16 74.2 -4.8
      vertex 16 74.2 -2.8
    endloop
  endfacet
  facet normal 0 -1 -0
    outer loop
      vertex 7.6 74.2 -3.6
      vertex 0 74.2 -5.2
      vertex 8.4 74.2 -4
    endloop
  endfacet
  facet normal 0 -1 0
    outer loop
      vertex 16.4 74.2 -5.2
      vertex 8.4 74.2 -4
      vertex 0 74.2 -5.2
    endloop
  endfacet
  facet normal 0 -1 0
    outer loop
      vertex 8.4 74.2 -4
      vertex 16.4 74.2 -5.2
      vertex 16 74.2 -4.8
    endloop
  endfacet
  facet normal 0 -1 0
    outer loop
      vertex 32.4 74.2 11.2
      vertex 19.2 74.2 13.2
      vertex 19.2 74.2 11.2
    endloop
  endfacet
  facet normal 0 -1 0
    outer loop
      vertex 32.8 74.2 16.8
      vertex 32.8 74.2 11.6
      vertex 34.8 74.2 16.8
    endloop
  endfacet
  facet normal 0 -1 0
    outer loop
      vertex 32.4 74.2 -2.4
      vertex 19.2 74.2 11.2
      vertex 18.8 74.2 10.8
    endloop
  endfacet
  facet normal 0 -1 0
    outer loop
      vertex 16.4 74.2 -2.4
      vertex 16.8 74.2 10.8
      vertex 8.8 74.2 -0.799999
    endloop
  endfacet
  facet normal 0 -1 -0
    outer loop
      vertex 16.8 74.2 10.8
      vertex 16.4 74.2 -2.4
      vertex 18.8 74.2 10.8
    endloop
  endfacet
  facet normal 0 -1 0
    outer loop
      vertex 16.4 74.2 -2.4
      vertex 8.8 74.2 -0.799999
      vertex 9.2 74.2 -1.2
    endloop
  endfacet
  facet normal 0 -1 0
    outer loop
      vertex 16.4 74.2 -2.4
      vertex 9.2 74.2 -1.2
      vertex 9.6 74.2 -1.6
    endloop
  endfacet
  facet normal 0 -1 0
    outer loop
      vertex 16.4 74.2 -2.4
      vertex 9.6 74.2 -1.6
      vertex 10 74.2 -2
    endloop
  endfacet
  facet normal 0 -1 0
    outer loop
      vertex 16.4 74.2 -2.4
      vertex 10 74.2 -2
      vertex 10 74.2 -2.4
    endloop
  endfacet
  facet normal 0 -1 0
    outer loop
      vertex 32.4 74.2 -2.4
      vertex 18.8 74.2 10.8
      vertex 16.4 74.2 -2.4
    endloop
  endfacet
  facet normal 0 -1 0
    outer loop
      vertex 19.2 74.2 11.2
      vertex 32.4 74.2 -2.4
      vertex 32.4 74.2 11.2
    endloop
  endfacet
  facet normal 0 -1 0
    outer loop
      vertex 16.4 74.2 13.2
      vertex 16.8 74.2 14.8
      vertex 0.4 74.2 13.2
    endloop
  endfacet
  facet normal 0 -1 -0
    outer loop
      vertex 16.8 74.2 14.8
      vertex 16.4 74.2 13.2
      vertex 16.8 74.2 13.6
    endloop
  endfacet
  facet normal 0 -1 0
    outer loop
      vertex 0.4 74.2 11.2
      vertex 16.4 74.2 13.2
      vertex 0.4 74.2 13.2
    endloop
  endfacet
  facet normal 0 -1 0
    outer loop
      vertex 0.4 74.2 11.2
      vertex 16.4 74.2 11.2
      vertex 16.4 74.2 13.2
    endloop
  endfacet
  facet normal 0 -1 0
    outer loop
      vertex 7.6 74.2 -0.799999
      vertex 0.4 74.2 11.2
      vertex 0 74.2 10.8
    endloop
  endfacet
  facet normal 0 -1 0
    outer loop
      vertex 8.8 74.2 -0.799999
      vertex 0.4 74.2 11.2
      vertex 7.6 74.2 -0.799999
    endloop
  endfacet
  facet normal 0 -1 0
    outer loop
      vertex -16.4 74.2 16.8
      vertex -16.4 74.2 11.6
      vertex -16 74.2 11.2
    endloop
  endfacet
  facet normal 0 -1 0
    outer loop
      vertex -2.4 74.2 15.2
      vertex -2.4 74.2 13.2
      vertex -2 74.2 14.8
    endloop
  endfacet
  facet normal 0 -1 0
    outer loop
      vertex -16 74.2 11.2
      vertex -2.4 74.2 11.2
      vertex -2.4 74.2 13.2
    endloop
  endfacet
  facet normal 0 -1 0
    outer loop
      vertex -16 74.2 -2
      vertex -2.4 74.2 11.2
      vertex -16 74.2 11.2
    endloop
  endfacet
  facet normal 0 -1 0
    outer loop
      vertex 0 74.2 -2.4
      vertex 0 74.2 10.8
      vertex -2 74.2 10.8
    endloop
  endfacet
  facet normal 0 -1 0
    outer loop
      vertex 0.4 74.2 11.2
      vertex 8.8 74.2 -0.799999
      vertex 16.4 74.2 11.2
    endloop
  endfacet
  facet normal 0 -1 -0
    outer loop
      vertex 16.4 74.2 11.2
      vertex 8.8 74.2 -0.799999
      vertex 16.8 74.2 10.8
    endloop
  endfacet
  facet normal 0 -1 0
    outer loop
      vertex -15.6 74.2 -2.4
      vertex -2.4 74.2 11.2
      vertex -16 74.2 -2
    endloop
  endfacet
  facet normal 0 -1 0
    outer loop
      vertex 0 74.2 10.8
      vertex 0 74.2 -2.4
      vertex 7.6 74.2 -0.799999
    endloop
  endfacet
  facet normal 0 -1 0
    outer loop
      vertex 7.6 74.2 -0.799999
      vertex 0 74.2 -2.4
      vertex 7.2 74.2 -1.2
    endloop
  endfacet
  facet normal 0 -1 -0
    outer loop
      vertex -2.4 74.2 11.2
      vertex -15.6 74.2 -2.4
      vertex -2 74.2 10.8
    endloop
  endfacet
  facet normal 0 -1 -0
    outer loop
      vertex -2 74.2 10.8
      vertex -15.6 74.2 -2.4
      vertex 0 74.2 -2.4
    endloop
  endfacet
  facet normal 0 -1 0
    outer loop
      vertex 7.2 74.2 -1.2
      vertex 0 74.2 -2.4
      vertex 6.8 74.2 -1.6
    endloop
  endfacet
  facet normal 0 -1 0
    outer loop
      vertex 0.4 74.2 -2.8
      vertex 6.8 74.2 -1.6
      vertex 0 74.2 -2.4
    endloop
  endfacet
  facet normal 0 -1 0
    outer loop
      vertex 0.4 74.2 -2.8
      vertex 6.8 74.2 -2.8
      vertex 6.8 74.2 -1.6
    endloop
  endfacet
  facet normal 0 -1 0
    outer loop
      vertex 0.4 74.2 -4.8
      vertex 6.8 74.2 -2.8
      vertex 0.4 74.2 -2.8
    endloop
  endfacet
  facet normal 0 -1 -0
    outer loop
      vertex 6.8 74.2 -2.8
      vertex 0.4 74.2 -4.8
      vertex 7.2 74.2 -3.2
    endloop
  endfacet
  facet normal 0 -1 0
    outer loop
      vertex 7.6 74.2 -3.6
      vertex 8.4 74.2 -4
      vertex 8 74.2 -3.6
    endloop
  endfacet
  facet normal 0 -1 -0
    outer loop
      vertex 7.2 74.2 -3.2
      vertex 0.4 74.2 -4.8
      vertex 7.6 74.2 -3.6
    endloop
  endfacet
  facet normal 0 -1 0
    outer loop
      vertex 0 74.2 -5.2
      vertex 7.6 74.2 -3.6
      vertex 0.4 74.2 -4.8
    endloop
  endfacet
  facet normal 0 -1 -0
    outer loop
      vertex 33.2 74.2 -4.8
      vertex 32.8 74.2 -5.2
      vertex 33.6 74.2 -4.8
    endloop
  endfacet
  facet normal -0.57735 -0.57735 0.57735
    outer loop
      vertex -20.8 74.2 27.6
      vertex -21 74.4 27.6
      vertex -21.2 74.4 27.4
    endloop
  endfacet
  facet normal -0.57735 -0.57735 0.57735
    outer loop
      vertex -20.8 74.2 27.6
      vertex -21.2 74.4 27.4
      vertex -21.2 74.2 27.2
    endloop
  endfacet
  facet normal -0.57735 -0.57735 0.57735
    outer loop
      vertex -20.8 74.2 27.6
      vertex -20.8 74.4 27.8
      vertex -21 74.4 27.6
    endloop
  endfacet
  facet normal -0.707107 0 -0.707107
    outer loop
      vertex -21 74.4 -6.8
      vertex -20.8 75.6 -7
      vertex -20.8 74.4 -7
    endloop
  endfacet
  facet normal -0.707107 0 -0.707107
    outer loop
      vertex -20.8 75.6 -7
      vertex -21 74.4 -6.8
      vertex -21 75.6 -6.8
    endloop
  endfacet
  facet normal -0.707107 0 -0.707107
    outer loop
      vertex -21 74.4 -6.8
      vertex -21.2 75.6 -6.6
      vertex -21 75.6 -6.8
    endloop
  endfacet
  facet normal -0.707107 -0 -0.707107
    outer loop
      vertex -21.2 75.6 -6.6
      vertex -21 74.4 -6.8
      vertex -21.2 74.4 -6.6
    endloop
  endfacet
  facet normal -0.707107 0 0.707107
    outer loop
      vertex -21 75.6 27.6
      vertex -20.8 74.4 27.8
      vertex -20.8 75.6 27.8
    endloop
  endfacet
  facet normal -0.707107 0 0.707107
    outer loop
      vertex -20.8 74.4 27.8
      vertex -21 75.6 27.6
      vertex -21 74.4 27.6
    endloop
  endfacet
  facet normal -0.57735 0.57735 -0.57735
    outer loop
      vertex -20.8 75.8 -6.8
      vertex -20.8 75.6 -7
      vertex -21 75.6 -6.8
    endloop
  endfacet
  facet normal -0.57735 0.57735 -0.57735
    outer loop
      vertex -20.8 75.8 -6.8
      vertex -21 75.6 -6.8
      vertex -21.2 75.6 -6.6
    endloop
  endfacet
  facet normal -0.57735 0.57735 -0.57735
    outer loop
      vertex -21.2 75.8 -6.4
      vertex -20.8 75.8 -6.8
      vertex -21.2 75.6 -6.6
    endloop
  endfacet
  facet normal -0.57735 0.57735 -0.57735
    outer loop
      vertex -20.8 76.2 -6
      vertex -20.8 75.8 -6.4
      vertex -21.2 75.8 -6
    endloop
  endfacet
  facet normal 0 1 0
    outer loop
      vertex -20.8 75.8 -6.4
      vertex -21.2 75.8 -6.4
      vertex -21.2 75.8 -6
    endloop
  endfacet
  facet normal 0 1 0
    outer loop
      vertex -20.8 75.8 -6.8
      vertex -20.8 75.8 -6.4
      vertex -20.4 75.8 -6.8
    endloop
  endfacet
  facet normal 0 1 0
    outer loop
      vertex -20.8 75.8 -6.4
      vertex -20.8 75.8 -6.8
      vertex -21.2 75.8 -6.4
    endloop
  endfacet
  facet normal -0.707107 0.707107 0
    outer loop
      vertex -20.8 76.2 26.8
      vertex -21.2 75.8 27.2
      vertex -20.8 76.2 27.2
    endloop
  endfacet
  facet normal -0.707107 0.707107 0
    outer loop
      vertex -21.2 75.8 -6
      vertex -20.8 76.2 26.8
      vertex -20.8 76.2 -6
    endloop
  endfacet
  facet normal -0.707107 0.707107 0
    outer loop
      vertex -20.8 76.2 26.8
      vertex -21.2 75.8 -6
      vertex -21.2 75.8 27.2
    endloop
  endfacet
  facet normal -0.57735 0.57735 0.57735
    outer loop
      vertex -20.8 76 27.4
      vertex -20.8 76.2 27.2
      vertex -21.2 75.8 27.2
    endloop
  endfacet
  facet normal -0.57735 0.57735 0.57735
    outer loop
      vertex -20.8 76 27.4
      vertex -21.2 75.8 27.2
      vertex -21.2 75.6 27.4
    endloop
  endfacet
  facet normal -0.57735 0.57735 0.57735
    outer loop
      vertex -20.8 75.8 27.6
      vertex -20.8 76 27.4
      vertex -21.2 75.6 27.4
    endloop
  endfacet
  facet normal -0.57735 0.57735 0.57735
    outer loop
      vertex -21 75.6 27.6
      vertex -20.8 75.8 27.6
      vertex -21.2 75.6 27.4
    endloop
  endfacet
  facet normal -0.57735 0.57735 0.57735
    outer loop
      vertex -20.8 75.6 27.8
      vertex -20.8 75.8 27.6
      vertex -21 75.6 27.6
    endloop
  endfacet
  facet normal 0 -0.707107 -0.707107
    outer loop
      vertex -20.8 74.2 -6.8
      vertex 37.2 74.4 -7
      vertex 37.2 74.2 -6.8
    endloop
  endfacet
  facet normal -0 -0.707107 -0.707107
    outer loop
      vertex 37.2 74.4 -7
      vertex -20.8 74.2 -6.8
      vertex -20.8 74.4 -7
    endloop
  endfacet
  facet normal 0 -0.707107 0.707107
    outer loop
      vertex -20.8 74.4 27.8
      vertex -18.4 74.2 27.6
      vertex -18.4 74.4 27.8
    endloop
  endfacet
  facet normal 0 -0.707107 0.707107
    outer loop
      vertex -18.4 74.2 27.6
      vertex -20.8 74.4 27.8
      vertex -20.8 74.2 27.6
    endloop
  endfacet
  facet normal 0 0 -1
    outer loop
      vertex -20.8 74.4 -7
      vertex 37.2 75.6 -7
      vertex 37.2 74.4 -7
    endloop
  endfacet
  facet normal -0 0 -1
    outer loop
      vertex 37.2 75.6 -7
      vertex -20.8 74.4 -7
      vertex -20.8 75.6 -7
    endloop
  endfacet
  facet normal 0 0 1
    outer loop
      vertex 37.6 75.6 27.8
      vertex 35.2 74.4 27.8
      vertex 37.6 74.4 27.8
    endloop
  endfacet
  facet normal 0 0 1
    outer loop
      vertex 22.7 23.7 27.8
      vertex 34.8 74 27.8
      vertex 22.7 52.7 27.8
    endloop
  endfacet
  facet normal -0 0 1
    outer loop
      vertex -18 74 27.8
      vertex 22.7 52.7 27.8
      vertex 34.8 74 27.8
    endloop
  endfacet
  facet normal 0 0 1
    outer loop
      vertex -18 74 27.8
      vertex 34.8 74 27.8
      vertex 35.2 74.4 27.8
    endloop
  endfacet
  facet normal 0 0 1
    outer loop
      vertex -6.3 52.7 27.8
      vertex -18 74 27.8
      vertex -6.3 23.7 27.8
    endloop
  endfacet
  facet normal 0 0 1
    outer loop
      vertex 22.7 52.7 27.8
      vertex -18 74 27.8
      vertex -6.3 52.7 27.8
    endloop
  endfacet
  facet normal 0 0 1
    outer loop
      vertex -18.4 74.4 27.8
      vertex 35.2 74.4 27.8
      vertex 37.6 75.6 27.8
    endloop
  endfacet
  facet normal 0 0 1
    outer loop
      vertex 35.2 74.4 27.8
      vertex -18.4 74.4 27.8
      vertex -18 74 27.8
    endloop
  endfacet
  facet normal -0 0 1
    outer loop
      vertex -20.8 75.6 27.8
      vertex -18.4 74.4 27.8
      vertex 37.6 75.6 27.8
    endloop
  endfacet
  facet normal 0 0 1
    outer loop
      vertex -18.4 74.4 27.8
      vertex -20.8 75.6 27.8
      vertex -20.8 74.4 27.8
    endloop
  endfacet
  facet normal 0 0 1
    outer loop
      vertex 34.8 74 27.8
      vertex 22.7 23.7 27.8
      vertex 34.8 0.799999 27.8
    endloop
  endfacet
  facet normal 0 0 1
    outer loop
      vertex -18 0.799999 27.8
      vertex 22.7 23.7 27.8
      vertex -6.3 23.7 27.8
    endloop
  endfacet
  facet normal 0 0 1
    outer loop
      vertex 22.7 23.7 27.8
      vertex -18 0.799999 27.8
      vertex 34.8 0.799999 27.8
    endloop
  endfacet
  facet normal 0 0 1
    outer loop
      vertex -18 0.799999 27.8
      vertex -6.3 23.7 27.8
      vertex -18 74 27.8
    endloop
  endfacet
  facet normal 0 0.707107 -0.707107
    outer loop
      vertex 37.2 75.6 -7
      vertex -20.4 75.8 -6.8
      vertex 37.2 75.8 -6.8
    endloop
  endfacet
  facet normal 0 0.707107 -0.707107
    outer loop
      vertex -20.8 75.6 -7
      vertex -20.4 75.8 -6.8
      vertex 37.2 75.6 -7
    endloop
  endfacet
  facet normal 0 0.707107 -0.707107
    outer loop
      vertex -20.4 75.8 -6.8
      vertex -20.8 75.6 -7
      vertex -20.8 75.8 -6.8
    endloop
  endfacet
  facet normal -0.57735 0.57735 -0.57735
    outer loop
      vertex -20.4 76 -6.6
      vertex -20.4 75.8 -6.8
      vertex -20.6 76 -6.4
    endloop
  endfacet
  facet normal -0.57735 0.57735 -0.57735
    outer loop
      vertex -20.6 76 -6.4
      vertex -20.4 75.8 -6.8
      vertex -20.8 75.8 -6.4
    endloop
  endfacet
  facet normal -0.57735 0.57735 -0.57735
    outer loop
      vertex -20.8 76.2 -6
      vertex -20.6 76 -6.4
      vertex -20.8 75.8 -6.4
    endloop
  endfacet
  facet normal 0 0.707107 0.707107
    outer loop
      vertex 37.2 76 27.4
      vertex -20.8 75.8 27.6
      vertex 37.2 75.8 27.6
    endloop
  endfacet
  facet normal 0 0.707107 0.707107
    outer loop
      vertex -20.8 75.8 27.6
      vertex 37.2 76 27.4
      vertex -20.8 76 27.4
    endloop
  endfacet
  facet normal -0 0.707107 0.707107
    outer loop
      vertex 37.2 75.8 27.6
      vertex 37.6 75.6 27.8
      vertex 37.6 75.8 27.6
    endloop
  endfacet
  facet normal 0 0.707107 0.707107
    outer loop
      vertex -20.8 75.6 27.8
      vertex 37.2 75.8 27.6
      vertex -20.8 75.8 27.6
    endloop
  endfacet
  facet normal 0 0.707107 0.707107
    outer loop
      vertex 37.2 75.8 27.6
      vertex -20.8 75.6 27.8
      vertex 37.6 75.6 27.8
    endloop
  endfacet
  facet normal -0.57735 0.57735 -0.57735
    outer loop
      vertex -20.4 76.2 -6.4
      vertex -20.4 76 -6.6
      vertex -20.6 76 -6.4
    endloop
  endfacet
  facet normal -0.57735 0.57735 -0.57735
    outer loop
      vertex -20.4 76.4 -6.2
      vertex -20.4 76.2 -6.4
      vertex -20.6 76.4 -6
    endloop
  endfacet
  facet normal -0.57735 0.57735 -0.57735
    outer loop
      vertex -20.6 76.4 -6
      vertex -20.4 76.2 -6.4
      vertex -20.8 76.2 -6
    endloop
  endfacet
  facet normal -0.57735 0.57735 -0.57735
    outer loop
      vertex -20.4 76.2 -6.4
      vertex -20.6 76 -6.4
      vertex -20.8 76.2 -6
    endloop
  endfacet
  facet normal -0.707107 0.707107 0
    outer loop
      vertex -20.8 76.2 -6
      vertex -20.6 76.4 26.8
      vertex -20.6 76.4 -6
    endloop
  endfacet
  facet normal -0.707107 0.707107 0
    outer loop
      vertex -20.6 76.4 26.8
      vertex -20.8 76.2 -6
      vertex -20.8 76.2 26.8
    endloop
  endfacet
  facet normal -0.57735 0.57735 0.57735
    outer loop
      vertex -20.4 76.4 27
      vertex -20.6 76.4 26.8
      vertex -20.8 76.2 26.8
    endloop
  endfacet
  facet normal -0.57735 0.57735 0.57735
    outer loop
      vertex -20.4 76.2 27.2
      vertex -20.4 76.4 27
      vertex -20.8 76.2 26.8
    endloop
  endfacet
  facet normal -0 1 0
    outer loop
      vertex -20.8 76.2 27.2
      vertex -20.4 76.2 27.2
      vertex -20.8 76.2 26.8
    endloop
  endfacet
  facet normal -0 0.707107 0.707107
    outer loop
      vertex -20.4 76.2 27.2
      vertex 37.2 76 27.4
      vertex 37.2 76.2 27.2
    endloop
  endfacet
  facet normal 0 0.707107 0.707107
    outer loop
      vertex 37.2 76 27.4
      vertex -20.4 76.2 27.2
      vertex -20.8 76 27.4
    endloop
  endfacet
  facet normal 0 0.707107 0.707107
    outer loop
      vertex -20.8 76 27.4
      vertex -20.4 76.2 27.2
      vertex -20.8 76.2 27.2
    endloop
  endfacet
  facet normal -0.57735 0.57735 -0.57735
    outer loop
      vertex -20.4 76.6 -6
      vertex -20.4 76.4 -6.2
      vertex -20.6 76.4 -6
    endloop
  endfacet
  facet normal -0.707107 0.707107 0
    outer loop
      vertex -20.4 76.6 -6
      vertex -20.6 76.4 26.8
      vertex -20.4 76.6 26.8
    endloop
  endfacet
  facet normal -0.707107 0.707107 0
    outer loop
      vertex -20.6 76.4 26.8
      vertex -20.4 76.6 -6
      vertex -20.6 76.4 -6
    endloop
  endfacet
  facet normal -0.57735 0.57735 0.57735
    outer loop
      vertex -20.4 76.4 27
      vertex -20.4 76.6 26.8
      vertex -20.6 76.4 26.8
    endloop
  endfacet
  facet normal 0 0.707107 -0.707107
    outer loop
      vertex 37.2 75.8 -6.8
      vertex -20.4 76 -6.6
      vertex 37.2 76 -6.6
    endloop
  endfacet
  facet normal 0 0.707107 -0.707107
    outer loop
      vertex -20.4 76 -6.6
      vertex 37.2 75.8 -6.8
      vertex -20.4 75.8 -6.8
    endloop
  endfacet
  facet normal 0 0.707107 -0.707107
    outer loop
      vertex 37.2 76 -6.6
      vertex -20.4 76.2 -6.4
      vertex 37.2 76.2 -6.4
    endloop
  endfacet
  facet normal 0 0.707107 -0.707107
    outer loop
      vertex -20.4 76.2 -6.4
      vertex 37.2 76 -6.6
      vertex -20.4 76 -6.6
    endloop
  endfacet
  facet normal 0 0.707107 -0.707107
    outer loop
      vertex -20.4 76.2 -6.4
      vertex 37.2 76.4 -6.2
      vertex 37.2 76.2 -6.4
    endloop
  endfacet
  facet normal 0 0.707107 -0.707107
    outer loop
      vertex 37.2 76.4 -6.2
      vertex -20.4 76.2 -6.4
      vertex -20.4 76.4 -6.2
    endloop
  endfacet
  facet normal -0 0.707107 0.707107
    outer loop
      vertex -20.4 76.4 27
      vertex 37.2 76.2 27.2
      vertex 37.2 76.4 27
    endloop
  endfacet
  facet normal 0 0.707107 0.707107
    outer loop
      vertex 37.2 76.2 27.2
      vertex -20.4 76.4 27
      vertex -20.4 76.2 27.2
    endloop
  endfacet
  facet normal 0 0.707107 -0.707107
    outer loop
      vertex 37.2 76.4 -6.2
      vertex -20.4 76.6 -6
      vertex 37.2 76.6 -6
    endloop
  endfacet
  facet normal 0 0.707107 -0.707107
    outer loop
      vertex -20.4 76.6 -6
      vertex 37.2 76.4 -6.2
      vertex -20.4 76.4 -6.2
    endloop
  endfacet
  facet normal 0 1 0
    outer loop
      vertex 7.6 76.6 -4.8
      vertex 8 76.6 -5.2
      vertex 7.2 76.6 -4.8
    endloop
  endfacet
  facet normal 0 1 0
    outer loop
      vertex 6.8 76.6 -4.4
      vertex 7.2 76.6 -4.8
      vertex 6.4 76.6 -4.4
    endloop
  endfacet
  facet normal 0 1 0
    outer loop
      vertex 37.2 76.6 26.8
      vertex 9.2 76.6 0.4
      vertex -20.4 76.6 26.8
    endloop
  endfacet
  facet normal 0 1 0
    outer loop
      vertex 37.2 76.6 26.8
      vertex 10 76.6 0
      vertex 9.2 76.6 0.4
    endloop
  endfacet
  facet normal 0 1 0
    outer loop
      vertex 37.2 76.6 26.8
      vertex 10.4 76.6 -0.4
      vertex 10 76.6 0
    endloop
  endfacet
  facet normal 0 1 0
    outer loop
      vertex 37.2 76.6 26.8
      vertex 10.8 76.6 -0.799999
      vertex 10.4 76.6 -0.4
    endloop
  endfacet
  facet normal 0 1 -0
    outer loop
      vertex 37.2 76.6 -6
      vertex 10.8 76.6 -0.799999
      vertex 37.2 76.6 26.8
    endloop
  endfacet
  facet normal 0 1 0
    outer loop
      vertex 10.8 76.6 -0.799999
      vertex 11.2 76.6 -1.6
      vertex 10.8 76.6 -1.2
    endloop
  endfacet
  facet normal 0 1 0
    outer loop
      vertex 10.8 76.6 -0.799999
      vertex 37.2 76.6 -6
      vertex 11.2 76.6 -1.6
    endloop
  endfacet
  facet normal 0 1 0
    outer loop
      vertex 11.2 76.6 -2.8
      vertex 10.8 76.6 -3.6
      vertex 10.8 76.6 -3.2
    endloop
  endfacet
  facet normal 0 1 0
    outer loop
      vertex 11.2 76.6 -1.6
      vertex 37.2 76.6 -6
      vertex 11.2 76.6 -2.8
    endloop
  endfacet
  facet normal 0 1 0
    outer loop
      vertex 37.2 76.6 -6
      vertex 10.4 76.6 -4
      vertex 10.8 76.6 -3.6
    endloop
  endfacet
  facet normal 0 1 0
    outer loop
      vertex 10.4 76.6 -4
      vertex 37.2 76.6 -6
      vertex 10 76.6 -4.4
    endloop
  endfacet
  facet normal 0 1 0
    outer loop
      vertex 9.6 76.6 -4.8
      vertex 8.8 76.6 -5.2
      vertex 9.2 76.6 -4.8
    endloop
  endfacet
  facet normal 0 1 0
    outer loop
      vertex 8.8 76.6 -5.2
      vertex 37.2 76.6 -6
      vertex 8 76.6 -5.2
    endloop
  endfacet
  facet normal 0 1 0
    outer loop
      vertex 9.6 76.6 -4.8
      vertex 37.2 76.6 -6
      vertex 8.8 76.6 -5.2
    endloop
  endfacet
  facet normal 0 1 0
    outer loop
      vertex 10 76.6 -4.4
      vertex 37.2 76.6 -6
      vertex 9.6 76.6 -4.8
    endloop
  endfacet
  facet normal 0 1 0
    outer loop
      vertex 11.2 76.6 -2.8
      vertex 37.2 76.6 -6
      vertex 10.8 76.6 -3.6
    endloop
  endfacet
  facet normal 0 1 -0
    outer loop
      vertex 7.2 76.6 0.4
      vertex -20.4 76.6 26.8
      vertex 9.2 76.6 0.4
    endloop
  endfacet
  facet normal 0 1 -0
    outer loop
      vertex 6.8 76.6 0
      vertex -20.4 76.6 26.8
      vertex 7.2 76.6 0.4
    endloop
  endfacet
  facet normal 0 1 -0
    outer loop
      vertex 6.4 76.6 -0.4
      vertex -20.4 76.6 26.8
      vertex 6.8 76.6 0
    endloop
  endfacet
  facet normal 0 1 -0
    outer loop
      vertex 6 76.6 -0.799999
      vertex -20.4 76.6 26.8
      vertex 6.4 76.6 -0.4
    endloop
  endfacet
  facet normal 0 1 -0
    outer loop
      vertex 5.6 76.6 -1.2
      vertex -20.4 76.6 26.8
      vertex 6 76.6 -0.799999
    endloop
  endfacet
  facet normal 0 1 0
    outer loop
      vertex -20.4 76.6 -6
      vertex 5.6 76.6 -1.2
      vertex 5.6 76.6 -3.2
    endloop
  endfacet
  facet normal 0 1 -0
    outer loop
      vertex 6 76.6 -4
      vertex 5.6 76.6 -3.2
      vertex 6 76.6 -3.6
    endloop
  endfacet
  facet normal 0 1 0
    outer loop
      vertex -20.4 76.6 -6
      vertex 5.6 76.6 -3.2
      vertex 6 76.6 -4
    endloop
  endfacet
  facet normal 0 1 0
    outer loop
      vertex 5.6 76.6 -1.2
      vertex -20.4 76.6 -6
      vertex -20.4 76.6 26.8
    endloop
  endfacet
  facet normal 0 1 0
    outer loop
      vertex 6.4 76.6 -4.4
      vertex -20.4 76.6 -6
      vertex 6 76.6 -4
    endloop
  endfacet
  facet normal 0 1 0
    outer loop
      vertex 7.2 76.6 -4.8
      vertex -20.4 76.6 -6
      vertex 6.4 76.6 -4.4
    endloop
  endfacet
  facet normal 0 1 0
    outer loop
      vertex 8 76.6 -5.2
      vertex -20.4 76.6 -6
      vertex 7.2 76.6 -4.8
    endloop
  endfacet
  facet normal 0 1 0
    outer loop
      vertex -20.4 76.6 -6
      vertex 8 76.6 -5.2
      vertex 37.2 76.6 -6
    endloop
  endfacet
  facet normal 0 1 0
    outer loop
      vertex 9.2 76.6 0.4
      vertex 10 76.6 0
      vertex 9.6 76.6 0
    endloop
  endfacet
  facet normal 0 0.707107 0.707107
    outer loop
      vertex 37.2 76.6 26.8
      vertex -20.4 76.4 27
      vertex 37.2 76.4 27
    endloop
  endfacet
  facet normal 0 0.707107 0.707107
    outer loop
      vertex -20.4 76.4 27
      vertex 37.2 76.6 26.8
      vertex -20.4 76.6 26.8
    endloop
  endfacet
  facet normal -0.57735 -0.57735 -0.57735
    outer loop
      vertex -19.6 0 25.4
      vertex -19.6 -0.2 25.6
      vertex -19.8 0 25.6
    endloop
  endfacet
  facet normal -0.707107 -0.707107 0
    outer loop
      vertex -19.6 -0.2 25.6
      vertex -19.8 0 26
      vertex -19.8 0 25.6
    endloop
  endfacet
  facet normal -0.707107 -0.707107 0
    outer loop
      vertex -19.8 0 26
      vertex -19.6 -0.2 25.6
      vertex -19.6 -0.2 26
    endloop
  endfacet
  facet normal -0.57735 -0.57735 0.57735
    outer loop
      vertex -19.6 -0.2 26
      vertex -19.6 0 26.2
      vertex -19.8 0 26
    endloop
  endfacet
  facet normal -0.707107 0 -0.707107
    outer loop
      vertex -19.6 0 25.4
      vertex -19.8 74 25.6
      vertex -19.6 74 25.4
    endloop
  endfacet
  facet normal -0.707107 -0 -0.707107
    outer loop
      vertex -19.8 74 25.6
      vertex -19.6 0 25.4
      vertex -19.8 0 25.6
    endloop
  endfacet
  facet normal -1 0 0
    outer loop
      vertex -19.8 0 25.6
      vertex -19.8 74 26
      vertex -19.8 74 25.6
    endloop
  endfacet
  facet normal -1 -0 0
    outer loop
      vertex -19.8 74 26
      vertex -19.8 0 25.6
      vertex -19.8 0 26
    endloop
  endfacet
  facet normal -0.707107 0 0.707107
    outer loop
      vertex -19.8 0 26
      vertex -19.6 74 26.2
      vertex -19.8 74 26
    endloop
  endfacet
  facet normal -0.707107 0 0.707107
    outer loop
      vertex -19.6 74 26.2
      vertex -19.8 0 26
      vertex -19.6 0 26.2
    endloop
  endfacet
  facet normal -0.57735 -0.57735 -0.57735
    outer loop
      vertex -19.6 74 25.4
      vertex -19.8 74 25.6
      vertex -20 74.2 25.6
    endloop
  endfacet
  facet normal -0.57735 -0.57735 -0.57735
    outer loop
      vertex -19.6 74.2 25.2
      vertex -19.6 74 25.4
      vertex -20 74.2 25.6
    endloop
  endfacet
  facet normal -0.707107 -0.707107 0
    outer loop
      vertex -20 74.2 25.6
      vertex -19.8 74 26
      vertex -20 74.2 26
    endloop
  endfacet
  facet normal -0.707107 -0.707107 -0
    outer loop
      vertex -19.8 74 26
      vertex -20 74.2 25.6
      vertex -19.8 74 25.6
    endloop
  endfacet
  facet normal -0.57735 -0.57735 0.57735
    outer loop
      vertex -19.6 74 26.2
      vertex -19.6 74.2 26.4
      vertex -19.8 74 26
    endloop
  endfacet
  facet normal -0.57735 -0.57735 0.57735
    outer loop
      vertex -19.8 74 26
      vertex -19.6 74.2 26.4
      vertex -20 74.2 26
    endloop
  endfacet
  facet normal -0.57735 -0.57735 -0.57735
    outer loop
      vertex -19.2 0 25
      vertex -19.2 -0.2 25.2
      vertex -19.4 0 25.2
    endloop
  endfacet
  facet normal -0.57735 -0.57735 -0.57735
    outer loop
      vertex -19.6 0 25.4
      vertex -19.4 0 25.2
      vertex -19.6 -0.2 25.6
    endloop
  endfacet
  facet normal -0.57735 -0.57735 -0.57735
    outer loop
      vertex -19.4 0 25.2
      vertex -19.2 -0.2 25.2
      vertex -19.6 -0.2 25.6
    endloop
  endfacet
  facet normal 0 -1 0
    outer loop
      vertex -18.8 -0.2 24.8
      vertex -18.8 -0.2 26.8
      vertex -19.2 -0.2 26.4
    endloop
  endfacet
  facet normal 0 -1 0
    outer loop
      vertex -18.8 -0.2 26.8
      vertex -18.4 -0.2 24.4
      vertex 35.2 -0.2 26.8
    endloop
  endfacet
  facet normal 0 -1 0
    outer loop
      vertex -19.2 -0.2 25.2
      vertex -19.2 -0.2 26.4
      vertex -19.6 -0.2 26
    endloop
  endfacet
  facet normal 0 -1 0
    outer loop
      vertex 35.2 -0.2 24.4
      vertex 35.2 -0.2 26.8
      vertex -18.4 -0.2 24.4
    endloop
  endfacet
  facet normal 0 -1 0
    outer loop
      vertex -19.2 -0.2 25.2
      vertex -19.6 -0.2 26
      vertex -19.6 -0.2 25.6
    endloop
  endfacet
  facet normal 0 -1 0
    outer loop
      vertex -19.2 -0.2 26.4
      vertex -19.2 -0.2 25.2
      vertex -18.8 -0.2 24.8
    endloop
  endfacet
  facet normal 0 -1 0
    outer loop
      vertex -18.8 -0.2 26.8
      vertex -18.8 -0.2 24.8
      vertex -18.4 -0.2 24.4
    endloop
  endfacet
  facet normal 0 -1 0
    outer loop
      vertex 36 -0.2 26
      vertex 36 -0.2 25.2
      vertex 36.4 -0.2 25.6
    endloop
  endfacet
  facet normal 0 -1 0
    outer loop
      vertex 35.2 -0.2 26.8
      vertex 35.2 -0.2 24.4
      vertex 35.6 -0.2 26.4
    endloop
  endfacet
  facet normal 0 -1 -0
    outer loop
      vertex 36 -0.2 26
      vertex 35.6 -0.2 24.8
      vertex 36 -0.2 25.2
    endloop
  endfacet
  facet normal -0 -1 0
    outer loop
      vertex 35.6 -0.2 24.8
      vertex 35.6 -0.2 26.4
      vertex 35.2 -0.2 24.4
    endloop
  endfacet
  facet normal 0 -1 0
    outer loop
      vertex 35.6 -0.2 26.4
      vertex 35.6 -0.2 24.8
      vertex 36 -0.2 26
    endloop
  endfacet
  facet normal -0.57735 -0.57735 0.57735
    outer loop
      vertex -19.2 -0.2 26.4
      vertex -19.4 0 26.4
      vertex -19.6 0 26.2
    endloop
  endfacet
  facet normal -0.57735 -0.57735 0.57735
    outer loop
      vertex -19.2 -0.2 26.4
      vertex -19.6 0 26.2
      vertex -19.6 -0.2 26
    endloop
  endfacet
  facet normal -0.57735 -0.57735 0.57735
    outer loop
      vertex -19.2 -0.2 26.4
      vertex -19.2 0 26.6
      vertex -19.4 0 26.4
    endloop
  endfacet
  facet normal -0.707107 0 -0.707107
    outer loop
      vertex -19.2 0 25
      vertex -19.4 74 25.2
      vertex -19.2 74 25
    endloop
  endfacet
  facet normal -0.707107 -0 -0.707107
    outer loop
      vertex -19.4 74 25.2
      vertex -19.2 0 25
      vertex -19.4 0 25.2
    endloop
  endfacet
  facet normal -0.707107 0 -0.707107
    outer loop
      vertex -19.6 0 25.4
      vertex -19.4 74 25.2
      vertex -19.4 0 25.2
    endloop
  endfacet
  facet normal -0.707107 0 -0.707107
    outer loop
      vertex -19.4 74 25.2
      vertex -19.6 0 25.4
      vertex -19.6 74 25.4
    endloop
  endfacet
  facet normal -0.707107 0 0.707107
    outer loop
      vertex -19.6 74 26.2
      vertex -19.4 0 26.4
      vertex -19.4 74 26.4
    endloop
  endfacet
  facet normal -0.707107 0 0.707107
    outer loop
      vertex -19.4 0 26.4
      vertex -19.6 74 26.2
      vertex -19.6 0 26.2
    endloop
  endfacet
  facet normal -0.707107 0 0.707107
    outer loop
      vertex -19.4 0 26.4
      vertex -19.2 74 26.6
      vertex -19.4 74 26.4
    endloop
  endfacet
  facet normal -0.707107 0 0.707107
    outer loop
      vertex -19.2 74 26.6
      vertex -19.4 0 26.4
      vertex -19.2 0 26.6
    endloop
  endfacet
  facet normal -0.57735 -0.57735 -0.57735
    outer loop
      vertex -19.2 74 25
      vertex -19.4 74 25.2
      vertex -19.6 74.2 25.2
    endloop
  endfacet
  facet normal -0.57735 -0.57735 -0.57735
    outer loop
      vertex -19.2 74.2 24.8
      vertex -19.2 74 25
      vertex -19.6 74.2 25.2
    endloop
  endfacet
  facet normal -0.57735 -0.57735 -0.57735
    outer loop
      vertex -19.6 74.2 25.2
      vertex -19.4 74 25.2
      vertex -19.6 74 25.4
    endloop
  endfacet
  facet normal -0.57735 -0.57735 0.57735
    outer loop
      vertex -19.4 74 26.4
      vertex -19.6 74.2 26.4
      vertex -19.6 74 26.2
    endloop
  endfacet
  facet normal -0.57735 -0.57735 0.57735
    outer loop
      vertex -19.2 74 26.6
      vertex -19.2 74.2 26.8
      vertex -19.4 74 26.4
    endloop
  endfacet
  facet normal -0.57735 -0.57735 0.57735
    outer loop
      vertex -19.4 74 26.4
      vertex -19.2 74.2 26.8
      vertex -19.6 74.2 26.4
    endloop
  endfacet
  facet normal -0.57735 -0.57735 -0.57735
    outer loop
      vertex -18.8 0 24.6
      vertex -18.8 -0.2 24.8
      vertex -19 0 24.8
    endloop
  endfacet
  facet normal -0.57735 -0.57735 -0.57735
    outer loop
      vertex -19 0 24.8
      vertex -19.2 -0.2 25.2
      vertex -19.2 0 25
    endloop
  endfacet
  facet normal -0.57735 -0.57735 -0.57735
    outer loop
      vertex -19.2 -0.2 25.2
      vertex -19 0 24.8
      vertex -18.8 -0.2 24.8
    endloop
  endfacet
  facet normal -0.57735 -0.57735 0.57735
    outer loop
      vertex -18.8 -0.2 26.8
      vertex -19 0 26.8
      vertex -19.2 0 26.6
    endloop
  endfacet
  facet normal -0.57735 -0.57735 0.57735
    outer loop
      vertex -18.8 -0.2 26.8
      vertex -19.2 0 26.6
      vertex -19.2 -0.2 26.4
    endloop
  endfacet
  facet normal -0.57735 -0.57735 0.57735
    outer loop
      vertex -18.8 -0.2 26.8
      vertex -18.8 0 27
      vertex -19 0 26.8
    endloop
  endfacet
  facet normal -0.707107 0 -0.707107
    outer loop
      vertex -19 0 24.8
      vertex -18.8 74 24.6
      vertex -18.8 0 24.6
    endloop
  endfacet
  facet normal -0.707107 0 -0.707107
    outer loop
      vertex -18.8 74 24.6
      vertex -19 0 24.8
      vertex -19 74 24.8
    endloop
  endfacet
  facet normal -0.707107 0 -0.707107
    outer loop
      vertex -19 0 24.8
      vertex -19.2 74 25
      vertex -19 74 24.8
    endloop
  endfacet
  facet normal -0.707107 -0 -0.707107
    outer loop
      vertex -19.2 74 25
      vertex -19 0 24.8
      vertex -19.2 0 25
    endloop
  endfacet
  facet normal -0.707107 0 0.707107
    outer loop
      vertex -19.2 74 26.6
      vertex -19 0 26.8
      vertex -19 74 26.8
    endloop
  endfacet
  facet normal -0.707107 0 0.707107
    outer loop
      vertex -19 0 26.8
      vertex -19.2 74 26.6
      vertex -19.2 0 26.6
    endloop
  endfacet
  facet normal -0.707107 0 0.707107
    outer loop
      vertex -19 74 26.8
      vertex -18.8 0.4 27
      vertex -18.8 74 27
    endloop
  endfacet
  facet normal -0.707107 0 0.707107
    outer loop
      vertex -19 0 26.8
      vertex -18.8 0.4 27
      vertex -19 74 26.8
    endloop
  endfacet
  facet normal -0.707107 0 0.707107
    outer loop
      vertex -18.8 0.4 27
      vertex -19 0 26.8
      vertex -18.8 0 27
    endloop
  endfacet
  facet normal -0.57735 -0.57735 -0.57735
    outer loop
      vertex -18.8 74 24.6
      vertex -19 74 24.8
      vertex -19.2 74.2 24.8
    endloop
  endfacet
  facet normal -0.57735 -0.57735 -0.57735
    outer loop
      vertex -18.8 74.2 24.4
      vertex -18.8 74 24.6
      vertex -19.2 74.2 24.8
    endloop
  endfacet
  facet normal -0.57735 -0.57735 -0.57735
    outer loop
      vertex -19.2 74.2 24.8
      vertex -19 74 24.8
      vertex -19.2 74 25
    endloop
  endfacet
  facet normal -0.57735 -0.57735 0.57735
    outer loop
      vertex -19 74 26.8
      vertex -19.2 74.2 26.8
      vertex -19.2 74 26.6
    endloop
  endfacet
  facet normal -0.57735 -0.57735 0.57735
    outer loop
      vertex -19.2 74.2 26.8
      vertex -18.8 74 27
      vertex -18.8 74.2 27.2
    endloop
  endfacet
  facet normal -0.57735 -0.57735 0.57735
    outer loop
      vertex -18.8 74 27
      vertex -19.2 74.2 26.8
      vertex -19 74 26.8
    endloop
  endfacet
  facet normal -0.57735 -0.57735 -0.57735
    outer loop
      vertex -18.4 0 24.2
      vertex -18.4 -0.2 24.4
      vertex -18.6 0 24.4
    endloop
  endfacet
  facet normal -0.57735 -0.57735 -0.57735
    outer loop
      vertex -18.8 0 24.6
      vertex -18.6 0 24.4
      vertex -18.8 -0.2 24.8
    endloop
  endfacet
  facet normal -0.57735 -0.57735 -0.57735
    outer loop
      vertex -18.6 0 24.4
      vertex -18.4 -0.2 24.4
      vertex -18.8 -0.2 24.8
    endloop
  endfacet
  facet normal 0 -0.707107 0.707107
    outer loop
      vertex -18.8 -0.2 26.8
      vertex -18.4 0 27
      vertex -18.8 0 27
    endloop
  endfacet
  facet normal 0 -0.707107 0.707107
    outer loop
      vertex -18.4 0 27
      vertex -18.8 -0.2 26.8
      vertex 34.8 0 27
    endloop
  endfacet
  facet normal 0 -0.707107 0.707107
    outer loop
      vertex 35.2 -0.2 26.8
      vertex 34.8 0 27
      vertex -18.8 -0.2 26.8
    endloop
  endfacet
  facet normal 0 -0.707107 0.707107
    outer loop
      vertex 34.8 0 27
      vertex 35.2 -0.2 26.8
      vertex 35.2 0 27
    endloop
  endfacet
  facet normal 0 -0.707107 0.707107
    outer loop
      vertex -18.4 0 27
      vertex 34.8 0.2 27.2
      vertex -18.4 0.2 27.2
    endloop
  endfacet
  facet normal 0 -0.707107 0.707107
    outer loop
      vertex 34.8 0.2 27.2
      vertex -18.4 0 27
      vertex 34.8 0 27
    endloop
  endfacet
  facet normal -0.707107 0 -0.707107
    outer loop
      vertex -18.6 0 24.4
      vertex -18.4 72 24.2
      vertex -18.4 0 24.2
    endloop
  endfacet
  facet normal -0.707107 -0 -0.707107
    outer loop
      vertex -18.6 74 24.4
      vertex -18.4 72 24.2
      vertex -18.6 0 24.4
    endloop
  endfacet
  facet normal -0.707107 0 -0.707107
    outer loop
      vertex -18.4 72 24.2
      vertex -18.6 74 24.4
      vertex -18.4 74 24.2
    endloop
  endfacet
  facet normal -0.707107 0 -0.707107
    outer loop
      vertex -18.6 0 24.4
      vertex -18.8 74 24.6
      vertex -18.6 74 24.4
    endloop
  endfacet
  facet normal -0.707107 -0 -0.707107
    outer loop
      vertex -18.8 74 24.6
      vertex -18.6 0 24.4
      vertex -18.8 0 24.6
    endloop
  endfacet
  facet normal -0.57735 -0.57735 0.57735
    outer loop
      vertex -18.4 0.2 27.2
      vertex -18.6 0.4 27.2
      vertex -18.8 0.4 27
    endloop
  endfacet
  facet normal -0.57735 -0.57735 0.57735
    outer loop
      vertex -18.4 0 27
      vertex -18.4 0.2 27.2
      vertex -18.8 0.4 27
    endloop
  endfacet
  facet normal 0 0 1
    outer loop
      vertex -18.4 0 27
      vertex -18.8 0.4 27
      vertex -18.8 0 27
    endloop
  endfacet
  facet normal -0.57735 -0.57735 0.57735
    outer loop
      vertex -18.4 0.2 27.2
      vertex -18.4 0.4 27.4
      vertex -18.6 0.4 27.2
    endloop
  endfacet
  facet normal -0.707107 0 0.707107
    outer loop
      vertex -18.8 0.4 27
      vertex -18.6 74 27.2
      vertex -18.8 74 27
    endloop
  endfacet
  facet normal -0.707107 0 0.707107
    outer loop
      vertex -18.6 74 27.2
      vertex -18.8 0.4 27
      vertex -18.6 0.4 27.2
    endloop
  endfacet
  facet normal -0.707107 0 0.707107
    outer loop
      vertex -18.6 74 27.2
      vertex -18.4 0.799999 27.4
      vertex -18.4 74 27.4
    endloop
  endfacet
  facet normal -0.707107 0 0.707107
    outer loop
      vertex -18.6 0.4 27.2
      vertex -18.4 0.799999 27.4
      vertex -18.6 74 27.2
    endloop
  endfacet
  facet normal -0.707107 0 0.707107
    outer loop
      vertex -18.4 0.799999 27.4
      vertex -18.6 0.4 27.2
      vertex -18.4 0.4 27.4
    endloop
  endfacet
  facet normal -0.57735 -0.57735 -0.57735
    outer loop
      vertex -18.4 74 24.2
      vertex -18.6 74 24.4
      vertex -18.8 74.2 24.4
    endloop
  endfacet
  facet normal -0.57735 -0.57735 -0.57735
    outer loop
      vertex -18.4 74.2 24
      vertex -18.4 74 24.2
      vertex -18.8 74.2 24.4
    endloop
  endfacet
  facet normal -0.57735 -0.57735 -0.57735
    outer loop
      vertex -18.8 74.2 24.4
      vertex -18.6 74 24.4
      vertex -18.8 74 24.6
    endloop
  endfacet
  facet normal -0.57735 -0.57735 0.57735
    outer loop
      vertex -18.6 74 27.2
      vertex -18.8 74.2 27.2
      vertex -18.8 74 27
    endloop
  endfacet
  facet normal -0.57735 -0.57735 0.57735
    outer loop
      vertex -18.4 74 27.4
      vertex -18.4 74.2 27.6
      vertex -18.6 74 27.2
    endloop
  endfacet
  facet normal -0.57735 -0.57735 0.57735
    outer loop
      vertex -18.6 74 27.2
      vertex -18.4 74.2 27.6
      vertex -18.8 74.2 27.2
    endloop
  endfacet
  facet normal 0 -0.707107 -0.707107
    outer loop
      vertex -18.4 -0.2 24.4
      vertex 35.2 0 24.2
      vertex 35.2 -0.2 24.4
    endloop
  endfacet
  facet normal -0 -0.707107 -0.707107
    outer loop
      vertex 35.2 0 24.2
      vertex -18.4 -0.2 24.4
      vertex -18.4 0 24.2
    endloop
  endfacet
  facet normal 0 0 -1
    outer loop
      vertex -8.9903 25.6567 24.2
      vertex -6.3 23.7 24.2
      vertex -8.88519 25.347 24.2
    endloop
  endfacet
  facet normal 0 0 -1
    outer loop
      vertex -6.3 52.7 24.2
      vertex -8.82139 51.3737 24.2
      vertex -8.8 51.7 24.2
    endloop
  endfacet
  facet normal 0 0 -1
    outer loop
      vertex -9.13494 25.95 24.2
      vertex -6.3 23.7 24.2
      vertex -8.9903 25.6567 24.2
    endloop
  endfacet
  facet normal 0 0 -1
    outer loop
      vertex -6.3 52.7 24.2
      vertex -8.88519 51.053 24.2
      vertex -8.82139 51.3737 24.2
    endloop
  endfacet
  facet normal 0 0 -1
    outer loop
      vertex -9.31662 26.2219 24.2
      vertex -6.3 23.7 24.2
      vertex -9.13494 25.95 24.2
    endloop
  endfacet
  facet normal 0 0 -1
    outer loop
      vertex -6.3 52.7 24.2
      vertex -8.9903 50.7433 24.2
      vertex -8.88519 51.053 24.2
    endloop
  endfacet
  facet normal 0 0 -1
    outer loop
      vertex -9.53223 26.4678 24.2
      vertex -6.3 23.7 24.2
      vertex -9.31662 26.2219 24.2
    endloop
  endfacet
  facet normal 0 0 -1
    outer loop
      vertex -6.3 52.7 24.2
      vertex -9.13494 50.45 24.2
      vertex -8.9903 50.7433 24.2
    endloop
  endfacet
  facet normal 0 0 -1
    outer loop
      vertex -6.3 23.7 24.2
      vertex -9.53223 26.4678 24.2
      vertex -6.3 52.7 24.2
    endloop
  endfacet
  facet normal 0 0 -1
    outer loop
      vertex -6.3 52.7 24.2
      vertex -9.31662 50.1781 24.2
      vertex -9.13494 50.45 24.2
    endloop
  endfacet
  facet normal 0 0 -1
    outer loop
      vertex -9.53223 49.9322 24.2
      vertex -6.3 52.7 24.2
      vertex -9.53223 26.4678 24.2
    endloop
  endfacet
  facet normal 0 0 -1
    outer loop
      vertex -6.3 52.7 24.2
      vertex -9.53223 49.9322 24.2
      vertex -9.31662 50.1781 24.2
    endloop
  endfacet
  facet normal 0 0 -1
    outer loop
      vertex -9.7781 26.6834 24.2
      vertex -9.53223 49.9322 24.2
      vertex -9.53223 26.4678 24.2
    endloop
  endfacet
  facet normal 0 0 -1
    outer loop
      vertex -9.7781 26.6834 24.2
      vertex -9.7781 49.7166 24.2
      vertex -9.53223 49.9322 24.2
    endloop
  endfacet
  facet normal 0 0 -1
    outer loop
      vertex -10.05 26.8651 24.2
      vertex -9.7781 49.7166 24.2
      vertex -9.7781 26.6834 24.2
    endloop
  endfacet
  facet normal 0 0 -1
    outer loop
      vertex -10.05 26.8651 24.2
      vertex -10.05 49.5349 24.2
      vertex -9.7781 49.7166 24.2
    endloop
  endfacet
  facet normal 0 0 -1
    outer loop
      vertex -10.3433 27.0097 24.2
      vertex -10.05 49.5349 24.2
      vertex -10.05 26.8651 24.2
    endloop
  endfacet
  facet normal 0 0 -1
    outer loop
      vertex -10.3433 27.0097 24.2
      vertex -10.3433 49.3903 24.2
      vertex -10.05 49.5349 24.2
    endloop
  endfacet
  facet normal 0 0 -1
    outer loop
      vertex -10.653 27.1148 24.2
      vertex -10.3433 49.3903 24.2
      vertex -10.3433 27.0097 24.2
    endloop
  endfacet
  facet normal 0 0 -1
    outer loop
      vertex -10.653 27.1148 24.2
      vertex -10.653 49.2852 24.2
      vertex -10.3433 49.3903 24.2
    endloop
  endfacet
  facet normal 0 0 -1
    outer loop
      vertex -10.9737 27.1786 24.2
      vertex -10.653 49.2852 24.2
      vertex -10.653 27.1148 24.2
    endloop
  endfacet
  facet normal 0 0 -1
    outer loop
      vertex -10.9737 27.1786 24.2
      vertex -10.9737 49.2214 24.2
      vertex -10.653 49.2852 24.2
    endloop
  endfacet
  facet normal 0 0 -1
    outer loop
      vertex -11.3 27.2 24.2
      vertex -10.9737 49.2214 24.2
      vertex -10.9737 27.1786 24.2
    endloop
  endfacet
  facet normal 0 0 -1
    outer loop
      vertex -11.3 27.2 24.2
      vertex -11.3 49.2 24.2
      vertex -10.9737 49.2214 24.2
    endloop
  endfacet
  facet normal 0 0 -1
    outer loop
      vertex -11.6263 27.1786 24.2
      vertex -11.3 49.2 24.2
      vertex -11.3 27.2 24.2
    endloop
  endfacet
  facet normal 0 0 -1
    outer loop
      vertex -11.6263 27.1786 24.2
      vertex -11.6263 49.2214 24.2
      vertex -11.3 49.2 24.2
    endloop
  endfacet
  facet normal 0 0 -1
    outer loop
      vertex -11.947 27.1148 24.2
      vertex -11.6263 49.2214 24.2
      vertex -11.6263 27.1786 24.2
    endloop
  endfacet
  facet normal 0 0 -1
    outer loop
      vertex -11.947 27.1148 24.2
      vertex -11.947 49.2852 24.2
      vertex -11.6263 49.2214 24.2
    endloop
  endfacet
  facet normal 0 0 -1
    outer loop
      vertex -12.2567 27.0097 24.2
      vertex -11.947 49.2852 24.2
      vertex -11.947 27.1148 24.2
    endloop
  endfacet
  facet normal 0 0 -1
    outer loop
      vertex -12.2567 27.0097 24.2
      vertex -12.2567 49.3903 24.2
      vertex -11.947 49.2852 24.2
    endloop
  endfacet
  facet normal 0 0 -1
    outer loop
      vertex -12.55 26.8651 24.2
      vertex -12.2567 49.3903 24.2
      vertex -12.2567 27.0097 24.2
    endloop
  endfacet
  facet normal 0 0 -1
    outer loop
      vertex -12.55 26.8651 24.2
      vertex -12.55 49.5349 24.2
      vertex -12.2567 49.3903 24.2
    endloop
  endfacet
  facet normal 0 0 -1
    outer loop
      vertex -12.8219 26.6834 24.2
      vertex -12.55 49.5349 24.2
      vertex -12.55 26.8651 24.2
    endloop
  endfacet
  facet normal 0 0 -1
    outer loop
      vertex -12.8219 26.6834 24.2
      vertex -12.8219 49.7166 24.2
      vertex -12.55 49.5349 24.2
    endloop
  endfacet
  facet normal 0 0 -1
    outer loop
      vertex -13.0678 26.4678 24.2
      vertex -12.8219 49.7166 24.2
      vertex -12.8219 26.6834 24.2
    endloop
  endfacet
  facet normal 0 0 -1
    outer loop
      vertex -13.0678 26.4678 24.2
      vertex -13.0678 49.9322 24.2
      vertex -12.8219 49.7166 24.2
    endloop
  endfacet
  facet normal 0 0 -1
    outer loop
      vertex -13.2834 26.2219 24.2
      vertex -13.0678 49.9322 24.2
      vertex -13.0678 26.4678 24.2
    endloop
  endfacet
  facet normal 0 0 -1
    outer loop
      vertex -13.2834 26.2219 24.2
      vertex -13.2834 50.1781 24.2
      vertex -13.0678 49.9322 24.2
    endloop
  endfacet
  facet normal 0 0 -1
    outer loop
      vertex -13.4651 25.95 24.2
      vertex -13.2834 50.1781 24.2
      vertex -13.2834 26.2219 24.2
    endloop
  endfacet
  facet normal 0 0 -1
    outer loop
      vertex -13.4651 25.95 24.2
      vertex -13.4651 50.45 24.2
      vertex -13.2834 50.1781 24.2
    endloop
  endfacet
  facet normal 0 0 -1
    outer loop
      vertex -13.6097 25.6567 24.2
      vertex -13.4651 50.45 24.2
      vertex -13.4651 25.95 24.2
    endloop
  endfacet
  facet normal 0 0 -1
    outer loop
      vertex -13.6097 25.6567 24.2
      vertex -13.6097 50.7433 24.2
      vertex -13.4651 50.45 24.2
    endloop
  endfacet
  facet normal 0 0 -1
    outer loop
      vertex -13.7148 25.347 24.2
      vertex -13.6097 50.7433 24.2
      vertex -13.6097 25.6567 24.2
    endloop
  endfacet
  facet normal 0 0 -1
    outer loop
      vertex -13.7148 25.347 24.2
      vertex -13.7148 51.053 24.2
      vertex -13.6097 50.7433 24.2
    endloop
  endfacet
  facet normal 0 0 -1
    outer loop
      vertex -13.7786 25.0263 24.2
      vertex -13.7148 51.053 24.2
      vertex -13.7148 25.347 24.2
    endloop
  endfacet
  facet normal 0 0 -1
    outer loop
      vertex -13.7786 25.0263 24.2
      vertex -13.7786 51.3737 24.2
      vertex -13.7148 51.053 24.2
    endloop
  endfacet
  facet normal 0 0 -1
    outer loop
      vertex -18.4 0 24.2
      vertex -13.7786 25.0263 24.2
      vertex -13.8 24.7 24.2
    endloop
  endfacet
  facet normal 0 0 -1
    outer loop
      vertex -13.7786 25.0263 24.2
      vertex -18.4 72 24.2
      vertex -13.7786 51.3737 24.2
    endloop
  endfacet
  facet normal 0 0 -1
    outer loop
      vertex 30.1786 51.3737 24.2
      vertex 35.2 72.4 24.2
      vertex 30.1786 25.0263 24.2
    endloop
  endfacet
  facet normal 0 0 -1
    outer loop
      vertex 35.2 72.4 24.2
      vertex 30.1786 51.3737 24.2
      vertex 30.2 51.7 24.2
    endloop
  endfacet
  facet normal 0 0 -1
    outer loop
      vertex 30.1148 25.347 24.2
      vertex 30.1786 51.3737 24.2
      vertex 30.1786 25.0263 24.2
    endloop
  endfacet
  facet normal 0 0 -1
    outer loop
      vertex 30.1148 25.347 24.2
      vertex 30.1148 51.053 24.2
      vertex 30.1786 51.3737 24.2
    endloop
  endfacet
  facet normal 0 0 -1
    outer loop
      vertex 30.0097 25.6567 24.2
      vertex 30.1148 51.053 24.2
      vertex 30.1148 25.347 24.2
    endloop
  endfacet
  facet normal 0 0 -1
    outer loop
      vertex 30.0097 25.6567 24.2
      vertex 30.0097 50.7433 24.2
      vertex 30.1148 51.053 24.2
    endloop
  endfacet
  facet normal 0 0 -1
    outer loop
      vertex 29.8651 25.95 24.2
      vertex 30.0097 50.7433 24.2
      vertex 30.0097 25.6567 24.2
    endloop
  endfacet
  facet normal 0 0 -1
    outer loop
      vertex 29.8651 25.95 24.2
      vertex 29.8651 50.45 24.2
      vertex 30.0097 50.7433 24.2
    endloop
  endfacet
  facet normal 0 0 -1
    outer loop
      vertex 29.6834 26.2219 24.2
      vertex 29.8651 50.45 24.2
      vertex 29.8651 25.95 24.2
    endloop
  endfacet
  facet normal 0 0 -1
    outer loop
      vertex 29.6834 26.2219 24.2
      vertex 29.6834 50.1781 24.2
      vertex 29.8651 50.45 24.2
    endloop
  endfacet
  facet normal 0 0 -1
    outer loop
      vertex 29.4678 26.4678 24.2
      vertex 29.6834 50.1781 24.2
      vertex 29.6834 26.2219 24.2
    endloop
  endfacet
  facet normal 0 0 -1
    outer loop
      vertex 29.4678 26.4678 24.2
      vertex 29.4678 49.9322 24.2
      vertex 29.6834 50.1781 24.2
    endloop
  endfacet
  facet normal 0 0 -1
    outer loop
      vertex 29.2219 26.6834 24.2
      vertex 29.4678 49.9322 24.2
      vertex 29.4678 26.4678 24.2
    endloop
  endfacet
  facet normal 0 0 -1
    outer loop
      vertex 29.2219 26.6834 24.2
      vertex 29.2219 49.7166 24.2
      vertex 29.4678 49.9322 24.2
    endloop
  endfacet
  facet normal 0 0 -1
    outer loop
      vertex 28.95 26.8651 24.2
      vertex 29.2219 49.7166 24.2
      vertex 29.2219 26.6834 24.2
    endloop
  endfacet
  facet normal 0 0 -1
    outer loop
      vertex 28.95 26.8651 24.2
      vertex 28.95 49.5349 24.2
      vertex 29.2219 49.7166 24.2
    endloop
  endfacet
  facet normal 0 0 -1
    outer loop
      vertex 28.6567 27.0097 24.2
      vertex 28.95 49.5349 24.2
      vertex 28.95 26.8651 24.2
    endloop
  endfacet
  facet normal 0 0 -1
    outer loop
      vertex 28.6567 27.0097 24.2
      vertex 28.6567 49.3903 24.2
      vertex 28.95 49.5349 24.2
    endloop
  endfacet
  facet normal 0 0 -1
    outer loop
      vertex 28.347 27.1148 24.2
      vertex 28.6567 49.3903 24.2
      vertex 28.6567 27.0097 24.2
    endloop
  endfacet
  facet normal 0 0 -1
    outer loop
      vertex 28.347 27.1148 24.2
      vertex 28.347 49.2852 24.2
      vertex 28.6567 49.3903 24.2
    endloop
  endfacet
  facet normal 0 0 -1
    outer loop
      vertex 28.0263 27.1786 24.2
      vertex 28.347 49.2852 24.2
      vertex 28.347 27.1148 24.2
    endloop
  endfacet
  facet normal 0 0 -1
    outer loop
      vertex 28.0263 27.1786 24.2
      vertex 28.0263 49.2214 24.2
      vertex 28.347 49.2852 24.2
    endloop
  endfacet
  facet normal 0 0 -1
    outer loop
      vertex 27.7 27.2 24.2
      vertex 28.0263 49.2214 24.2
      vertex 28.0263 27.1786 24.2
    endloop
  endfacet
  facet normal 0 0 -1
    outer loop
      vertex 27.7 27.2 24.2
      vertex 27.7 49.2 24.2
      vertex 28.0263 49.2214 24.2
    endloop
  endfacet
  facet normal 0 0 -1
    outer loop
      vertex 27.3737 27.1786 24.2
      vertex 27.7 49.2 24.2
      vertex 27.7 27.2 24.2
    endloop
  endfacet
  facet normal 0 0 -1
    outer loop
      vertex 27.3737 27.1786 24.2
      vertex 27.3737 49.2214 24.2
      vertex 27.7 49.2 24.2
    endloop
  endfacet
  facet normal 0 0 -1
    outer loop
      vertex 27.053 27.1148 24.2
      vertex 27.3737 49.2214 24.2
      vertex 27.3737 27.1786 24.2
    endloop
  endfacet
  facet normal 0 0 -1
    outer loop
      vertex 27.053 27.1148 24.2
      vertex 27.053 49.2852 24.2
      vertex 27.3737 49.2214 24.2
    endloop
  endfacet
  facet normal 0 0 -1
    outer loop
      vertex 26.7433 27.0097 24.2
      vertex 27.053 49.2852 24.2
      vertex 27.053 27.1148 24.2
    endloop
  endfacet
  facet normal 0 0 -1
    outer loop
      vertex 26.7433 27.0097 24.2
      vertex 26.7433 49.3903 24.2
      vertex 27.053 49.2852 24.2
    endloop
  endfacet
  facet normal 0 0 -1
    outer loop
      vertex 26.45 26.8651 24.2
      vertex 26.7433 49.3903 24.2
      vertex 26.7433 27.0097 24.2
    endloop
  endfacet
  facet normal 0 0 -1
    outer loop
      vertex 26.45 26.8651 24.2
      vertex 26.45 49.5349 24.2
      vertex 26.7433 49.3903 24.2
    endloop
  endfacet
  facet normal 0 0 -1
    outer loop
      vertex 26.1781 26.6834 24.2
      vertex 26.45 49.5349 24.2
      vertex 26.45 26.8651 24.2
    endloop
  endfacet
  facet normal 0 0 -1
    outer loop
      vertex 26.1781 26.6834 24.2
      vertex 26.1781 49.7166 24.2
      vertex 26.45 49.5349 24.2
    endloop
  endfacet
  facet normal 0 0 -1
    outer loop
      vertex 25.9322 26.4678 24.2
      vertex 26.1781 49.7166 24.2
      vertex 26.1781 26.6834 24.2
    endloop
  endfacet
  facet normal 0 0 -1
    outer loop
      vertex 25.9322 26.4678 24.2
      vertex 25.9322 49.9322 24.2
      vertex 26.1781 49.7166 24.2
    endloop
  endfacet
  facet normal 0 0 -1
    outer loop
      vertex 22.7 23.7 24.2
      vertex 25.9322 26.4678 24.2
      vertex 25.7166 26.2219 24.2
    endloop
  endfacet
  facet normal -0 0 -1
    outer loop
      vertex 25.9322 26.4678 24.2
      vertex 22.7 23.7 24.2
      vertex 25.9322 49.9322 24.2
    endloop
  endfacet
  facet normal 0 0 -1
    outer loop
      vertex 22.7 23.7 24.2
      vertex 25.7166 26.2219 24.2
      vertex 25.5349 25.95 24.2
    endloop
  endfacet
  facet normal 0 0 -1
    outer loop
      vertex 22.7 52.7 24.2
      vertex 25.9322 49.9322 24.2
      vertex 22.7 23.7 24.2
    endloop
  endfacet
  facet normal 0 0 -1
    outer loop
      vertex 22.7 23.7 24.2
      vertex 25.5349 25.95 24.2
      vertex 25.3903 25.6567 24.2
    endloop
  endfacet
  facet normal 0 0 -1
    outer loop
      vertex 25.9322 49.9322 24.2
      vertex 22.7 52.7 24.2
      vertex 25.7166 50.1781 24.2
    endloop
  endfacet
  facet normal 0 0 -1
    outer loop
      vertex 22.7 23.7 24.2
      vertex 25.3903 25.6567 24.2
      vertex 25.2852 25.347 24.2
    endloop
  endfacet
  facet normal 0 0 -1
    outer loop
      vertex 25.7166 50.1781 24.2
      vertex 22.7 52.7 24.2
      vertex 25.5349 50.45 24.2
    endloop
  endfacet
  facet normal 0 0 -1
    outer loop
      vertex 22.7 23.7 24.2
      vertex 25.2852 25.347 24.2
      vertex 25.2214 25.0263 24.2
    endloop
  endfacet
  facet normal 0 0 -1
    outer loop
      vertex 25.5349 50.45 24.2
      vertex 22.7 52.7 24.2
      vertex 25.3903 50.7433 24.2
    endloop
  endfacet
  facet normal 0 0 -1
    outer loop
      vertex 22.7 23.7 24.2
      vertex 25.2214 25.0263 24.2
      vertex 25.2 24.7 24.2
    endloop
  endfacet
  facet normal 0 0 -1
    outer loop
      vertex 25.3903 50.7433 24.2
      vertex 22.7 52.7 24.2
      vertex 25.2852 51.053 24.2
    endloop
  endfacet
  facet normal 0 0 -1
    outer loop
      vertex 30.1786 25.0263 24.2
      vertex 35.2 0 24.2
      vertex 30.2 24.7 24.2
    endloop
  endfacet
  facet normal 0 0 -1
    outer loop
      vertex 35.2 0 24.2
      vertex 30.1786 25.0263 24.2
      vertex 35.2 72.4 24.2
    endloop
  endfacet
  facet normal 0 0 -1
    outer loop
      vertex 30.1786 52.0263 24.2
      vertex 35.2 72.4 24.2
      vertex 30.2 51.7 24.2
    endloop
  endfacet
  facet normal 0 0 -1
    outer loop
      vertex 35.2 0 24.2
      vertex 30.1786 24.3737 24.2
      vertex 30.2 24.7 24.2
    endloop
  endfacet
  facet normal 0 0 -1
    outer loop
      vertex 35.2 0 24.2
      vertex 30.1148 24.053 24.2
      vertex 30.1786 24.3737 24.2
    endloop
  endfacet
  facet normal 0 0 -1
    outer loop
      vertex 35.2 0 24.2
      vertex 30.0097 23.7433 24.2
      vertex 30.1148 24.053 24.2
    endloop
  endfacet
  facet normal 0 0 -1
    outer loop
      vertex 35.2 0 24.2
      vertex 29.8651 23.45 24.2
      vertex 30.0097 23.7433 24.2
    endloop
  endfacet
  facet normal 0 0 -1
    outer loop
      vertex 35.2 0 24.2
      vertex 29.6834 23.1781 24.2
      vertex 29.8651 23.45 24.2
    endloop
  endfacet
  facet normal 0 0 -1
    outer loop
      vertex 35.2 0 24.2
      vertex 29.4678 22.9322 24.2
      vertex 29.6834 23.1781 24.2
    endloop
  endfacet
  facet normal 0 0 -1
    outer loop
      vertex 35.2 0 24.2
      vertex 29.2219 22.7166 24.2
      vertex 29.4678 22.9322 24.2
    endloop
  endfacet
  facet normal 0 0 -1
    outer loop
      vertex 35.2 0 24.2
      vertex 28.95 22.5349 24.2
      vertex 29.2219 22.7166 24.2
    endloop
  endfacet
  facet normal 0 0 -1
    outer loop
      vertex 35.2 0 24.2
      vertex 28.6567 22.3903 24.2
      vertex 28.95 22.5349 24.2
    endloop
  endfacet
  facet normal 0 0 -1
    outer loop
      vertex 35.2 0 24.2
      vertex 28.347 22.2852 24.2
      vertex 28.6567 22.3903 24.2
    endloop
  endfacet
  facet normal 0 0 -1
    outer loop
      vertex 35.2 0 24.2
      vertex 28.0263 22.2214 24.2
      vertex 28.347 22.2852 24.2
    endloop
  endfacet
  facet normal 0 0 -1
    outer loop
      vertex 35.2 0 24.2
      vertex 27.7 22.2 24.2
      vertex 28.0263 22.2214 24.2
    endloop
  endfacet
  facet normal 0 0 -1
    outer loop
      vertex 35.2 0 24.2
      vertex 27.3737 22.2214 24.2
      vertex 27.7 22.2 24.2
    endloop
  endfacet
  facet normal 0 0 -1
    outer loop
      vertex 35.2 0 24.2
      vertex 27.053 22.2852 24.2
      vertex 27.3737 22.2214 24.2
    endloop
  endfacet
  facet normal 0 0 -1
    outer loop
      vertex 35.2 0 24.2
      vertex 26.7433 22.3903 24.2
      vertex 27.053 22.2852 24.2
    endloop
  endfacet
  facet normal 0 0 -1
    outer loop
      vertex 22.7 23.7 24.2
      vertex 26.7433 22.3903 24.2
      vertex 35.2 0 24.2
    endloop
  endfacet
  facet normal 0 0 -1
    outer loop
      vertex 26.7433 22.3903 24.2
      vertex 22.7 23.7 24.2
      vertex 26.45 22.5349 24.2
    endloop
  endfacet
  facet normal 0 0 -1
    outer loop
      vertex 26.45 22.5349 24.2
      vertex 22.7 23.7 24.2
      vertex 26.1781 22.7166 24.2
    endloop
  endfacet
  facet normal 0 0 -1
    outer loop
      vertex 26.1781 22.7166 24.2
      vertex 22.7 23.7 24.2
      vertex 25.9322 22.9322 24.2
    endloop
  endfacet
  facet normal 0 0 -1
    outer loop
      vertex 25.9322 22.9322 24.2
      vertex 22.7 23.7 24.2
      vertex 25.7166 23.1781 24.2
    endloop
  endfacet
  facet normal 0 0 -1
    outer loop
      vertex 25.7166 23.1781 24.2
      vertex 22.7 23.7 24.2
      vertex 25.5349 23.45 24.2
    endloop
  endfacet
  facet normal 0 0 -1
    outer loop
      vertex 25.2852 51.053 24.2
      vertex 22.7 52.7 24.2
      vertex 25.2214 51.3737 24.2
    endloop
  endfacet
  facet normal -0 0 -1
    outer loop
      vertex 25.2214 24.3737 24.2
      vertex 22.7 23.7 24.2
      vertex 25.2 24.7 24.2
    endloop
  endfacet
  facet normal -0 0 -1
    outer loop
      vertex 25.2852 24.053 24.2
      vertex 22.7 23.7 24.2
      vertex 25.2214 24.3737 24.2
    endloop
  endfacet
  facet normal -0 0 -1
    outer loop
      vertex 25.3903 23.7433 24.2
      vertex 22.7 23.7 24.2
      vertex 25.2852 24.053 24.2
    endloop
  endfacet
  facet normal 0 0 -1
    outer loop
      vertex 25.5349 23.45 24.2
      vertex 22.7 23.7 24.2
      vertex 25.3903 23.7433 24.2
    endloop
  endfacet
  facet normal 0 0 -1
    outer loop
      vertex -18.4 0 24.2
      vertex 22.7 23.7 24.2
      vertex 35.2 0 24.2
    endloop
  endfacet
  facet normal 0 0 -1
    outer loop
      vertex -8.82139 25.0263 24.2
      vertex -6.3 23.7 24.2
      vertex -8.8 24.7 24.2
    endloop
  endfacet
  facet normal -0 0 -1
    outer loop
      vertex 22.7 23.7 24.2
      vertex -18.4 0 24.2
      vertex -6.3 23.7 24.2
    endloop
  endfacet
  facet normal 0 0 -1
    outer loop
      vertex -6.3 23.7 24.2
      vertex -8.82139 24.3737 24.2
      vertex -8.8 24.7 24.2
    endloop
  endfacet
  facet normal 0 0 -1
    outer loop
      vertex -6.3 23.7 24.2
      vertex -8.88519 24.053 24.2
      vertex -8.82139 24.3737 24.2
    endloop
  endfacet
  facet normal 0 0 -1
    outer loop
      vertex -6.3 23.7 24.2
      vertex -8.9903 23.7433 24.2
      vertex -8.88519 24.053 24.2
    endloop
  endfacet
  facet normal -0 0 -1
    outer loop
      vertex -6.3 23.7 24.2
      vertex -9.13494 23.45 24.2
      vertex -8.9903 23.7433 24.2
    endloop
  endfacet
  facet normal 0 0 -1
    outer loop
      vertex -6.3 23.7 24.2
      vertex -9.31662 23.1781 24.2
      vertex -9.13494 23.45 24.2
    endloop
  endfacet
  facet normal 0 0 -1
    outer loop
      vertex -6.3 23.7 24.2
      vertex -9.53223 22.9322 24.2
      vertex -9.31662 23.1781 24.2
    endloop
  endfacet
  facet normal 0 -0 -1
    outer loop
      vertex -10.3433 22.3903 24.2
      vertex -6.3 23.7 24.2
      vertex -18.4 0 24.2
    endloop
  endfacet
  facet normal 0 0 -1
    outer loop
      vertex -6.3 23.7 24.2
      vertex -9.7781 22.7166 24.2
      vertex -9.53223 22.9322 24.2
    endloop
  endfacet
  facet normal 0 0 -1
    outer loop
      vertex -6.3 23.7 24.2
      vertex -10.05 22.5349 24.2
      vertex -9.7781 22.7166 24.2
    endloop
  endfacet
  facet normal 0 0 -1
    outer loop
      vertex -6.3 23.7 24.2
      vertex -10.3433 22.3903 24.2
      vertex -10.05 22.5349 24.2
    endloop
  endfacet
  facet normal 0 0 -1
    outer loop
      vertex -10.3433 22.3903 24.2
      vertex -18.4 0 24.2
      vertex -10.653 22.2852 24.2
    endloop
  endfacet
  facet normal 0 0 -1
    outer loop
      vertex -10.653 22.2852 24.2
      vertex -18.4 0 24.2
      vertex -10.9737 22.2214 24.2
    endloop
  endfacet
  facet normal 0 0 -1
    outer loop
      vertex -10.9737 22.2214 24.2
      vertex -18.4 0 24.2
      vertex -11.3 22.2 24.2
    endloop
  endfacet
  facet normal -0 0 -1
    outer loop
      vertex -11.3 22.2 24.2
      vertex -18.4 0 24.2
      vertex -11.6263 22.2214 24.2
    endloop
  endfacet
  facet normal -0 0 -1
    outer loop
      vertex -11.6263 22.2214 24.2
      vertex -18.4 0 24.2
      vertex -11.947 22.2852 24.2
    endloop
  endfacet
  facet normal 0 0 -1
    outer loop
      vertex -13.7786 51.3737 24.2
      vertex -18.4 72 24.2
      vertex -13.8 51.7 24.2
    endloop
  endfacet
  facet normal 0 0 -1
    outer loop
      vertex -18.4 0 24.2
      vertex -13.8 24.7 24.2
      vertex -13.7786 24.3737 24.2
    endloop
  endfacet
  facet normal -0 0 -1
    outer loop
      vertex -11.947 22.2852 24.2
      vertex -18.4 0 24.2
      vertex -12.2567 22.3903 24.2
    endloop
  endfacet
  facet normal 0 0 -1
    outer loop
      vertex -18.4 0 24.2
      vertex -12.55 22.5349 24.2
      vertex -12.2567 22.3903 24.2
    endloop
  endfacet
  facet normal 0 0 -1
    outer loop
      vertex -18.4 0 24.2
      vertex -12.8219 22.7166 24.2
      vertex -12.55 22.5349 24.2
    endloop
  endfacet
  facet normal 0 0 -1
    outer loop
      vertex -18.4 0 24.2
      vertex -13.0678 22.9322 24.2
      vertex -12.8219 22.7166 24.2
    endloop
  endfacet
  facet normal 0 0 -1
    outer loop
      vertex -18.4 0 24.2
      vertex -13.2834 23.1781 24.2
      vertex -13.0678 22.9322 24.2
    endloop
  endfacet
  facet normal 0 0 -1
    outer loop
      vertex -18.4 0 24.2
      vertex -13.4651 23.45 24.2
      vertex -13.2834 23.1781 24.2
    endloop
  endfacet
  facet normal 0 0 -1
    outer loop
      vertex -18.4 0 24.2
      vertex -13.6097 23.7433 24.2
      vertex -13.4651 23.45 24.2
    endloop
  endfacet
  facet normal 0 0 -1
    outer loop
      vertex -18.4 0 24.2
      vertex -13.7148 24.053 24.2
      vertex -13.6097 23.7433 24.2
    endloop
  endfacet
  facet normal 0 0 -1
    outer loop
      vertex -18.4 0 24.2
      vertex -13.7786 24.3737 24.2
      vertex -13.7148 24.053 24.2
    endloop
  endfacet
  facet normal -0 0 -1
    outer loop
      vertex -13.7786 25.0263 24.2
      vertex -18.4 0 24.2
      vertex -18.4 72 24.2
    endloop
  endfacet
  facet normal 0 0 -1
    outer loop
      vertex -13.8 51.7 24.2
      vertex -18.4 72 24.2
      vertex -18 71.6 24.2
    endloop
  endfacet
  facet normal 0 0 -1
    outer loop
      vertex 30.1148 52.347 24.2
      vertex 35.2 72.4 24.2
      vertex 30.1786 52.0263 24.2
    endloop
  endfacet
  facet normal 0 0 -1
    outer loop
      vertex 35.2 72.4 24.2
      vertex 30.1148 52.347 24.2
      vertex 34.8 72 24.2
    endloop
  endfacet
  facet normal 0 0 -1
    outer loop
      vertex 34.8 72 24.2
      vertex 30.1148 52.347 24.2
      vertex 34.4 71.6 24.2
    endloop
  endfacet
  facet normal 0 0 -1
    outer loop
      vertex 30.0097 52.6567 24.2
      vertex 34.4 71.6 24.2
      vertex 30.1148 52.347 24.2
    endloop
  endfacet
  facet normal 0 0 -1
    outer loop
      vertex 29.8651 52.95 24.2
      vertex 34.4 71.6 24.2
      vertex 30.0097 52.6567 24.2
    endloop
  endfacet
  facet normal 0 0 -1
    outer loop
      vertex 29.6834 53.2219 24.2
      vertex 34.4 71.6 24.2
      vertex 29.8651 52.95 24.2
    endloop
  endfacet
  facet normal 0 0 -1
    outer loop
      vertex 29.4678 53.4678 24.2
      vertex 34.4 71.6 24.2
      vertex 29.6834 53.2219 24.2
    endloop
  endfacet
  facet normal 0 0 -1
    outer loop
      vertex 29.2219 53.6834 24.2
      vertex 34.4 71.6 24.2
      vertex 29.4678 53.4678 24.2
    endloop
  endfacet
  facet normal 0 0 -1
    outer loop
      vertex 28.95 53.8651 24.2
      vertex 34.4 71.6 24.2
      vertex 29.2219 53.6834 24.2
    endloop
  endfacet
  facet normal 0 0 -1
    outer loop
      vertex 28.6567 54.0097 24.2
      vertex 34.4 71.6 24.2
      vertex 28.95 53.8651 24.2
    endloop
  endfacet
  facet normal 0 0 -1
    outer loop
      vertex 28.347 54.1148 24.2
      vertex 34.4 71.6 24.2
      vertex 28.6567 54.0097 24.2
    endloop
  endfacet
  facet normal 0 0 -1
    outer loop
      vertex 28.0263 54.1786 24.2
      vertex 34.4 71.6 24.2
      vertex 28.347 54.1148 24.2
    endloop
  endfacet
  facet normal 0 0 -1
    outer loop
      vertex 27.7 54.2 24.2
      vertex 34.4 71.6 24.2
      vertex 28.0263 54.1786 24.2
    endloop
  endfacet
  facet normal 0 0 -1
    outer loop
      vertex 27.3737 54.1786 24.2
      vertex 34.4 71.6 24.2
      vertex 27.7 54.2 24.2
    endloop
  endfacet
  facet normal 0 0 -1
    outer loop
      vertex 27.053 54.1148 24.2
      vertex 34.4 71.6 24.2
      vertex 27.3737 54.1786 24.2
    endloop
  endfacet
  facet normal 0 0 -1
    outer loop
      vertex 26.7433 54.0097 24.2
      vertex 34.4 71.6 24.2
      vertex 27.053 54.1148 24.2
    endloop
  endfacet
  facet normal 0 0 -1
    outer loop
      vertex 22.7 52.7 24.2
      vertex 26.7433 54.0097 24.2
      vertex 26.45 53.8651 24.2
    endloop
  endfacet
  facet normal 0 0 -1
    outer loop
      vertex 22.7 52.7 24.2
      vertex 26.45 53.8651 24.2
      vertex 26.1781 53.6834 24.2
    endloop
  endfacet
  facet normal 0 0 -1
    outer loop
      vertex 22.7 52.7 24.2
      vertex 26.1781 53.6834 24.2
      vertex 25.9322 53.4678 24.2
    endloop
  endfacet
  facet normal 0 0 -1
    outer loop
      vertex 22.7 52.7 24.2
      vertex 25.9322 53.4678 24.2
      vertex 25.7166 53.2219 24.2
    endloop
  endfacet
  facet normal 0 0 -1
    outer loop
      vertex 22.7 52.7 24.2
      vertex 25.7166 53.2219 24.2
      vertex 25.5349 52.95 24.2
    endloop
  endfacet
  facet normal 0 0 -1
    outer loop
      vertex 22.7 52.7 24.2
      vertex 25.5349 52.95 24.2
      vertex 25.3903 52.6567 24.2
    endloop
  endfacet
  facet normal 0 0 -1
    outer loop
      vertex 25.2214 51.3737 24.2
      vertex 22.7 52.7 24.2
      vertex 25.2 51.7 24.2
    endloop
  endfacet
  facet normal 0 0 -1
    outer loop
      vertex 25.2 51.7 24.2
      vertex 22.7 52.7 24.2
      vertex 25.2214 52.0263 24.2
    endloop
  endfacet
  facet normal 0 0 -1
    outer loop
      vertex 22.7 52.7 24.2
      vertex 25.2852 52.347 24.2
      vertex 25.2214 52.0263 24.2
    endloop
  endfacet
  facet normal 0 0 -1
    outer loop
      vertex 22.7 52.7 24.2
      vertex 25.3903 52.6567 24.2
      vertex 25.2852 52.347 24.2
    endloop
  endfacet
  facet normal -0 0 -1
    outer loop
      vertex 26.7433 54.0097 24.2
      vertex 22.7 52.7 24.2
      vertex 34.4 71.6 24.2
    endloop
  endfacet
  facet normal 0 0 -1
    outer loop
      vertex -6.3 52.7 24.2
      vertex 34.4 71.6 24.2
      vertex 22.7 52.7 24.2
    endloop
  endfacet
  facet normal 0 0 -1
    outer loop
      vertex -8.88519 25.347 24.2
      vertex -6.3 23.7 24.2
      vertex -8.82139 25.0263 24.2
    endloop
  endfacet
  facet normal 0 0 -1
    outer loop
      vertex -8.82139 52.0263 24.2
      vertex -6.3 52.7 24.2
      vertex -8.8 51.7 24.2
    endloop
  endfacet
  facet normal 0 0 -1
    outer loop
      vertex -8.88519 52.347 24.2
      vertex -6.3 52.7 24.2
      vertex -8.82139 52.0263 24.2
    endloop
  endfacet
  facet normal 0 0 -1
    outer loop
      vertex -8.9903 52.6567 24.2
      vertex -6.3 52.7 24.2
      vertex -8.88519 52.347 24.2
    endloop
  endfacet
  facet normal 0 0 -1
    outer loop
      vertex -9.13494 52.95 24.2
      vertex -6.3 52.7 24.2
      vertex -8.9903 52.6567 24.2
    endloop
  endfacet
  facet normal 0 0 -1
    outer loop
      vertex -9.31662 53.2219 24.2
      vertex -6.3 52.7 24.2
      vertex -9.13494 52.95 24.2
    endloop
  endfacet
  facet normal 0 0 -1
    outer loop
      vertex -9.53223 53.4678 24.2
      vertex -6.3 52.7 24.2
      vertex -9.31662 53.2219 24.2
    endloop
  endfacet
  facet normal 0 0 -1
    outer loop
      vertex -9.7781 53.6834 24.2
      vertex -6.3 52.7 24.2
      vertex -9.53223 53.4678 24.2
    endloop
  endfacet
  facet normal 0 0 -1
    outer loop
      vertex -10.05 53.8651 24.2
      vertex -6.3 52.7 24.2
      vertex -9.7781 53.6834 24.2
    endloop
  endfacet
  facet normal 0 0 -1
    outer loop
      vertex -10.3433 54.0097 24.2
      vertex -6.3 52.7 24.2
      vertex -10.05 53.8651 24.2
    endloop
  endfacet
  facet normal 0 0 -1
    outer loop
      vertex -6.3 52.7 24.2
      vertex -10.3433 54.0097 24.2
      vertex -18 71.6 24.2
    endloop
  endfacet
  facet normal 0 0 -1
    outer loop
      vertex -18 71.6 24.2
      vertex -10.3433 54.0097 24.2
      vertex -10.653 54.1148 24.2
    endloop
  endfacet
  facet normal 0 0 -1
    outer loop
      vertex -18 71.6 24.2
      vertex -10.653 54.1148 24.2
      vertex -10.9737 54.1786 24.2
    endloop
  endfacet
  facet normal 0 0 -1
    outer loop
      vertex -18 71.6 24.2
      vertex -10.9737 54.1786 24.2
      vertex -11.3 54.2 24.2
    endloop
  endfacet
  facet normal 0 0 -1
    outer loop
      vertex -18 71.6 24.2
      vertex -11.3 54.2 24.2
      vertex -11.6263 54.1786 24.2
    endloop
  endfacet
  facet normal 0 0 -1
    outer loop
      vertex -18 71.6 24.2
      vertex -11.6263 54.1786 24.2
      vertex -11.947 54.1148 24.2
    endloop
  endfacet
  facet normal 0 0 -1
    outer loop
      vertex -18 71.6 24.2
      vertex -11.947 54.1148 24.2
      vertex -12.2567 54.0097 24.2
    endloop
  endfacet
  facet normal 0 0 -1
    outer loop
      vertex -6.3 52.7 24.2
      vertex -18 71.6 24.2
      vertex 34.4 71.6 24.2
    endloop
  endfacet
  facet normal 0 0 -1
    outer loop
      vertex -12.55 53.8651 24.2
      vertex -18 71.6 24.2
      vertex -12.2567 54.0097 24.2
    endloop
  endfacet
  facet normal 0 0 -1
    outer loop
      vertex -12.8219 53.6834 24.2
      vertex -18 71.6 24.2
      vertex -12.55 53.8651 24.2
    endloop
  endfacet
  facet normal 0 0 -1
    outer loop
      vertex -13.0678 53.4678 24.2
      vertex -18 71.6 24.2
      vertex -12.8219 53.6834 24.2
    endloop
  endfacet
  facet normal 0 0 -1
    outer loop
      vertex -13.2834 53.2219 24.2
      vertex -18 71.6 24.2
      vertex -13.0678 53.4678 24.2
    endloop
  endfacet
  facet normal 0 0 -1
    outer loop
      vertex -13.4651 52.95 24.2
      vertex -18 71.6 24.2
      vertex -13.2834 53.2219 24.2
    endloop
  endfacet
  facet normal 0 0 -1
    outer loop
      vertex -13.6097 52.6567 24.2
      vertex -18 71.6 24.2
      vertex -13.4651 52.95 24.2
    endloop
  endfacet
  facet normal 0 0 -1
    outer loop
      vertex -13.7148 52.347 24.2
      vertex -18 71.6 24.2
      vertex -13.6097 52.6567 24.2
    endloop
  endfacet
  facet normal 0 0 -1
    outer loop
      vertex -13.7786 52.0263 24.2
      vertex -18 71.6 24.2
      vertex -13.7148 52.347 24.2
    endloop
  endfacet
  facet normal 0 0 -1
    outer loop
      vertex -18 71.6 24.2
      vertex -13.7786 52.0263 24.2
      vertex -13.8 51.7 24.2
    endloop
  endfacet
  facet normal 0 0 -1
    outer loop
      vertex -10.5068 24.5956 24.2
      vertex -10.5068 24.8044 24.2
      vertex -10.5 24.7 24.2
    endloop
  endfacet
  facet normal 0 0 -1
    outer loop
      vertex -10.5273 24.4929 24.2
      vertex -10.5068 24.8044 24.2
      vertex -10.5068 24.5956 24.2
    endloop
  endfacet
  facet normal 0 0 -1
    outer loop
      vertex -10.5273 24.4929 24.2
      vertex -10.5273 24.9071 24.2
      vertex -10.5068 24.8044 24.2
    endloop
  endfacet
  facet normal 0 0 -1
    outer loop
      vertex -10.5609 24.3939 24.2
      vertex -10.5273 24.9071 24.2
      vertex -10.5273 24.4929 24.2
    endloop
  endfacet
  facet normal 0 0 -1
    outer loop
      vertex -10.5609 24.3939 24.2
      vertex -10.5609 25.0061 24.2
      vertex -10.5273 24.9071 24.2
    endloop
  endfacet
  facet normal 0 0 -1
    outer loop
      vertex -10.6072 24.3 24.2
      vertex -10.5609 25.0061 24.2
      vertex -10.5609 24.3939 24.2
    endloop
  endfacet
  facet normal 0 0 -1
    outer loop
      vertex -10.6072 24.3 24.2
      vertex -10.6072 25.1 24.2
      vertex -10.5609 25.0061 24.2
    endloop
  endfacet
  facet normal 0 0 -1
    outer loop
      vertex -10.6653 24.213 24.2
      vertex -10.6072 25.1 24.2
      vertex -10.6072 24.3 24.2
    endloop
  endfacet
  facet normal 0 0 -1
    outer loop
      vertex -10.6653 24.213 24.2
      vertex -10.6653 25.187 24.2
      vertex -10.6072 25.1 24.2
    endloop
  endfacet
  facet normal 0 0 -1
    outer loop
      vertex -10.7343 24.1343 24.2
      vertex -10.6653 25.187 24.2
      vertex -10.6653 24.213 24.2
    endloop
  endfacet
  facet normal 0 0 -1
    outer loop
      vertex -10.7343 24.1343 24.2
      vertex -10.7343 25.2657 24.2
      vertex -10.6653 25.187 24.2
    endloop
  endfacet
  facet normal 0 0 -1
    outer loop
      vertex -10.813 24.0653 24.2
      vertex -10.7343 25.2657 24.2
      vertex -10.7343 24.1343 24.2
    endloop
  endfacet
  facet normal 0 0 -1
    outer loop
      vertex -10.813 24.0653 24.2
      vertex -10.813 25.3347 24.2
      vertex -10.7343 25.2657 24.2
    endloop
  endfacet
  facet normal 0 0 -1
    outer loop
      vertex -10.9 24.0072 24.2
      vertex -10.813 25.3347 24.2
      vertex -10.813 24.0653 24.2
    endloop
  endfacet
  facet normal 0 0 -1
    outer loop
      vertex -10.9 24.0072 24.2
      vertex -10.9 25.3928 24.2
      vertex -10.813 25.3347 24.2
    endloop
  endfacet
  facet normal 0 0 -1
    outer loop
      vertex -10.9939 23.9609 24.2
      vertex -10.9 25.3928 24.2
      vertex -10.9 24.0072 24.2
    endloop
  endfacet
  facet normal 0 0 -1
    outer loop
      vertex -10.9939 23.9609 24.2
      vertex -10.9939 25.4391 24.2
      vertex -10.9 25.3928 24.2
    endloop
  endfacet
  facet normal 0 0 -1
    outer loop
      vertex -11.0929 23.9273 24.2
      vertex -10.9939 25.4391 24.2
      vertex -10.9939 23.9609 24.2
    endloop
  endfacet
  facet normal 0 0 -1
    outer loop
      vertex -11.0929 23.9273 24.2
      vertex -11.0929 25.4727 24.2
      vertex -10.9939 25.4391 24.2
    endloop
  endfacet
  facet normal 0 0 -1
    outer loop
      vertex -11.1956 23.9068 24.2
      vertex -11.0929 25.4727 24.2
      vertex -11.0929 23.9273 24.2
    endloop
  endfacet
  facet normal 0 0 -1
    outer loop
      vertex -11.1956 23.9068 24.2
      vertex -11.1956 25.4932 24.2
      vertex -11.0929 25.4727 24.2
    endloop
  endfacet
  facet normal 0 0 -1
    outer loop
      vertex -11.3 23.9 24.2
      vertex -11.1956 25.4932 24.2
      vertex -11.1956 23.9068 24.2
    endloop
  endfacet
  facet normal 0 0 -1
    outer loop
      vertex -11.3 23.9 24.2
      vertex -11.3 25.5 24.2
      vertex -11.1956 25.4932 24.2
    endloop
  endfacet
  facet normal 0 0 -1
    outer loop
      vertex -11.4044 23.9068 24.2
      vertex -11.3 25.5 24.2
      vertex -11.3 23.9 24.2
    endloop
  endfacet
  facet normal 0 0 -1
    outer loop
      vertex -11.4044 23.9068 24.2
      vertex -11.4044 25.4932 24.2
      vertex -11.3 25.5 24.2
    endloop
  endfacet
  facet normal 0 0 -1
    outer loop
      vertex -11.5071 23.9273 24.2
      vertex -11.4044 25.4932 24.2
      vertex -11.4044 23.9068 24.2
    endloop
  endfacet
  facet normal 0 0 -1
    outer loop
      vertex -11.5071 23.9273 24.2
      vertex -11.5071 25.4727 24.2
      vertex -11.4044 25.4932 24.2
    endloop
  endfacet
  facet normal 0 0 -1
    outer loop
      vertex -11.6061 23.9609 24.2
      vertex -11.5071 25.4727 24.2
      vertex -11.5071 23.9273 24.2
    endloop
  endfacet
  facet normal 0 0 -1
    outer loop
      vertex -11.6061 23.9609 24.2
      vertex -11.6061 25.4391 24.2
      vertex -11.5071 25.4727 24.2
    endloop
  endfacet
  facet normal 0 0 -1
    outer loop
      vertex -11.7 24.0072 24.2
      vertex -11.6061 25.4391 24.2
      vertex -11.6061 23.9609 24.2
    endloop
  endfacet
  facet normal 0 0 -1
    outer loop
      vertex -11.7 24.0072 24.2
      vertex -11.7 25.3928 24.2
      vertex -11.6061 25.4391 24.2
    endloop
  endfacet
  facet normal 0 0 -1
    outer loop
      vertex -11.787 24.0653 24.2
      vertex -11.7 25.3928 24.2
      vertex -11.7 24.0072 24.2
    endloop
  endfacet
  facet normal 0 0 -1
    outer loop
      vertex -11.787 24.0653 24.2
      vertex -11.787 25.3347 24.2
      vertex -11.7 25.3928 24.2
    endloop
  endfacet
  facet normal 0 0 -1
    outer loop
      vertex -11.8657 24.1343 24.2
      vertex -11.787 25.3347 24.2
      vertex -11.787 24.0653 24.2
    endloop
  endfacet
  facet normal 0 0 -1
    outer loop
      vertex -11.8657 24.1343 24.2
      vertex -11.8657 25.2657 24.2
      vertex -11.787 25.3347 24.2
    endloop
  endfacet
  facet normal 0 0 -1
    outer loop
      vertex -11.9347 24.213 24.2
      vertex -11.8657 25.2657 24.2
      vertex -11.8657 24.1343 24.2
    endloop
  endfacet
  facet normal 0 0 -1
    outer loop
      vertex -11.9347 24.213 24.2
      vertex -11.9347 25.187 24.2
      vertex -11.8657 25.2657 24.2
    endloop
  endfacet
  facet normal 0 0 -1
    outer loop
      vertex -11.9928 24.3 24.2
      vertex -11.9347 25.187 24.2
      vertex -11.9347 24.213 24.2
    endloop
  endfacet
  facet normal 0 0 -1
    outer loop
      vertex -11.9928 24.3 24.2
      vertex -11.9928 25.1 24.2
      vertex -11.9347 25.187 24.2
    endloop
  endfacet
  facet normal 0 0 -1
    outer loop
      vertex -12.0391 24.3939 24.2
      vertex -11.9928 25.1 24.2
      vertex -11.9928 24.3 24.2
    endloop
  endfacet
  facet normal 0 0 -1
    outer loop
      vertex -12.0391 24.3939 24.2
      vertex -12.0391 25.0061 24.2
      vertex -11.9928 25.1 24.2
    endloop
  endfacet
  facet normal 0 0 -1
    outer loop
      vertex -12.0727 24.4929 24.2
      vertex -12.0391 25.0061 24.2
      vertex -12.0391 24.3939 24.2
    endloop
  endfacet
  facet normal 0 0 -1
    outer loop
      vertex -12.0727 24.4929 24.2
      vertex -12.0727 24.9071 24.2
      vertex -12.0391 25.0061 24.2
    endloop
  endfacet
  facet normal 0 0 -1
    outer loop
      vertex -12.0932 24.5956 24.2
      vertex -12.0727 24.9071 24.2
      vertex -12.0727 24.4929 24.2
    endloop
  endfacet
  facet normal 0 0 -1
    outer loop
      vertex -12.0932 24.5956 24.2
      vertex -12.0932 24.8044 24.2
      vertex -12.0727 24.9071 24.2
    endloop
  endfacet
  facet normal 0 -0 -1
    outer loop
      vertex -12.0932 24.8044 24.2
      vertex -12.0932 24.5956 24.2
      vertex -12.1 24.7 24.2
    endloop
  endfacet
  facet normal 0 0 -1
    outer loop
      vertex 28.4932 24.5956 24.2
      vertex 28.4932 24.8044 24.2
      vertex 28.5 24.7 24.2
    endloop
  endfacet
  facet normal 0 0 -1
    outer loop
      vertex 28.4727 24.4929 24.2
      vertex 28.4932 24.8044 24.2
      vertex 28.4932 24.5956 24.2
    endloop
  endfacet
  facet normal 0 0 -1
    outer loop
      vertex 28.4727 24.4929 24.2
      vertex 28.4727 24.9071 24.2
      vertex 28.4932 24.8044 24.2
    endloop
  endfacet
  facet normal 0 0 -1
    outer loop
      vertex 28.4391 24.3939 24.2
      vertex 28.4727 24.9071 24.2
      vertex 28.4727 24.4929 24.2
    endloop
  endfacet
  facet normal 0 0 -1
    outer loop
      vertex 28.4391 24.3939 24.2
      vertex 28.4391 25.0061 24.2
      vertex 28.4727 24.9071 24.2
    endloop
  endfacet
  facet normal 0 0 -1
    outer loop
      vertex 28.3928 24.3 24.2
      vertex 28.4391 25.0061 24.2
      vertex 28.4391 24.3939 24.2
    endloop
  endfacet
  facet normal 0 0 -1
    outer loop
      vertex 28.3928 24.3 24.2
      vertex 28.3928 25.1 24.2
      vertex 28.4391 25.0061 24.2
    endloop
  endfacet
  facet normal 0 0 -1
    outer loop
      vertex 28.3347 24.213 24.2
      vertex 28.3928 25.1 24.2
      vertex 28.3928 24.3 24.2
    endloop
  endfacet
  facet normal 0 0 -1
    outer loop
      vertex 28.3347 24.213 24.2
      vertex 28.3347 25.187 24.2
      vertex 28.3928 25.1 24.2
    endloop
  endfacet
  facet normal 0 0 -1
    outer loop
      vertex 28.2657 24.1343 24.2
      vertex 28.3347 25.187 24.2
      vertex 28.3347 24.213 24.2
    endloop
  endfacet
  facet normal 0 0 -1
    outer loop
      vertex 28.2657 24.1343 24.2
      vertex 28.2657 25.2657 24.2
      vertex 28.3347 25.187 24.2
    endloop
  endfacet
  facet normal 0 0 -1
    outer loop
      vertex 28.187 24.0653 24.2
      vertex 28.2657 25.2657 24.2
      vertex 28.2657 24.1343 24.2
    endloop
  endfacet
  facet normal 0 0 -1
    outer loop
      vertex 28.187 24.0653 24.2
      vertex 28.187 25.3347 24.2
      vertex 28.2657 25.2657 24.2
    endloop
  endfacet
  facet normal 0 0 -1
    outer loop
      vertex 28.1 24.0072 24.2
      vertex 28.187 25.3347 24.2
      vertex 28.187 24.0653 24.2
    endloop
  endfacet
  facet normal 0 0 -1
    outer loop
      vertex 28.1 24.0072 24.2
      vertex 28.1 25.3928 24.2
      vertex 28.187 25.3347 24.2
    endloop
  endfacet
  facet normal 0 0 -1
    outer loop
      vertex 28.0061 23.9609 24.2
      vertex 28.1 25.3928 24.2
      vertex 28.1 24.0072 24.2
    endloop
  endfacet
  facet normal 0 0 -1
    outer loop
      vertex 28.0061 23.9609 24.2
      vertex 28.0061 25.4391 24.2
      vertex 28.1 25.3928 24.2
    endloop
  endfacet
  facet normal 0 0 -1
    outer loop
      vertex 27.9071 23.9273 24.2
      vertex 28.0061 25.4391 24.2
      vertex 28.0061 23.9609 24.2
    endloop
  endfacet
  facet normal 0 0 -1
    outer loop
      vertex 27.9071 23.9273 24.2
      vertex 27.9071 25.4727 24.2
      vertex 28.0061 25.4391 24.2
    endloop
  endfacet
  facet normal 0 0 -1
    outer loop
      vertex 27.8044 23.9068 24.2
      vertex 27.9071 25.4727 24.2
      vertex 27.9071 23.9273 24.2
    endloop
  endfacet
  facet normal 0 0 -1
    outer loop
      vertex 27.8044 23.9068 24.2
      vertex 27.8044 25.4932 24.2
      vertex 27.9071 25.4727 24.2
    endloop
  endfacet
  facet normal 0 0 -1
    outer loop
      vertex 27.7 23.9 24.2
      vertex 27.8044 25.4932 24.2
      vertex 27.8044 23.9068 24.2
    endloop
  endfacet
  facet normal 0 0 -1
    outer loop
      vertex 27.7 23.9 24.2
      vertex 27.7 25.5 24.2
      vertex 27.8044 25.4932 24.2
    endloop
  endfacet
  facet normal 0 0 -1
    outer loop
      vertex 27.5956 23.9068 24.2
      vertex 27.7 25.5 24.2
      vertex 27.7 23.9 24.2
    endloop
  endfacet
  facet normal 0 0 -1
    outer loop
      vertex 27.5956 23.9068 24.2
      vertex 27.5956 25.4932 24.2
      vertex 27.7 25.5 24.2
    endloop
  endfacet
  facet normal 0 0 -1
    outer loop
      vertex 27.4929 23.9273 24.2
      vertex 27.5956 25.4932 24.2
      vertex 27.5956 23.9068 24.2
    endloop
  endfacet
  facet normal 0 0 -1
    outer loop
      vertex 27.4929 23.9273 24.2
      vertex 27.4929 25.4727 24.2
      vertex 27.5956 25.4932 24.2
    endloop
  endfacet
  facet normal 0 0 -1
    outer loop
      vertex 27.3939 23.9609 24.2
      vertex 27.4929 25.4727 24.2
      vertex 27.4929 23.9273 24.2
    endloop
  endfacet
  facet normal 0 0 -1
    outer loop
      vertex 27.3939 23.9609 24.2
      vertex 27.3939 25.4391 24.2
      vertex 27.4929 25.4727 24.2
    endloop
  endfacet
  facet normal 0 0 -1
    outer loop
      vertex 27.3 24.0072 24.2
      vertex 27.3939 25.4391 24.2
      vertex 27.3939 23.9609 24.2
    endloop
  endfacet
  facet normal 0 0 -1
    outer loop
      vertex 27.3 24.0072 24.2
      vertex 27.3 25.3928 24.2
      vertex 27.3939 25.4391 24.2
    endloop
  endfacet
  facet normal 0 0 -1
    outer loop
      vertex 27.213 24.0653 24.2
      vertex 27.3 25.3928 24.2
      vertex 27.3 24.0072 24.2
    endloop
  endfacet
  facet normal 0 0 -1
    outer loop
      vertex 27.213 24.0653 24.2
      vertex 27.213 25.3347 24.2
      vertex 27.3 25.3928 24.2
    endloop
  endfacet
  facet normal 0 0 -1
    outer loop
      vertex 27.1343 24.1343 24.2
      vertex 27.213 25.3347 24.2
      vertex 27.213 24.0653 24.2
    endloop
  endfacet
  facet normal 0 0 -1
    outer loop
      vertex 27.1343 24.1343 24.2
      vertex 27.1343 25.2657 24.2
      vertex 27.213 25.3347 24.2
    endloop
  endfacet
  facet normal 0 0 -1
    outer loop
      vertex 27.0653 24.213 24.2
      vertex 27.1343 25.2657 24.2
      vertex 27.1343 24.1343 24.2
    endloop
  endfacet
  facet normal 0 0 -1
    outer loop
      vertex 27.0653 24.213 24.2
      vertex 27.0653 25.187 24.2
      vertex 27.1343 25.2657 24.2
    endloop
  endfacet
  facet normal 0 0 -1
    outer loop
      vertex 27.0072 24.3 24.2
      vertex 27.0653 25.187 24.2
      vertex 27.0653 24.213 24.2
    endloop
  endfacet
  facet normal 0 0 -1
    outer loop
      vertex 27.0072 24.3 24.2
      vertex 27.0072 25.1 24.2
      vertex 27.0653 25.187 24.2
    endloop
  endfacet
  facet normal 0 0 -1
    outer loop
      vertex 26.9609 24.3939 24.2
      vertex 27.0072 25.1 24.2
      vertex 27.0072 24.3 24.2
    endloop
  endfacet
  facet normal 0 0 -1
    outer loop
      vertex 26.9609 24.3939 24.2
      vertex 26.9609 25.0061 24.2
      vertex 27.0072 25.1 24.2
    endloop
  endfacet
  facet normal 0 0 -1
    outer loop
      vertex 26.9273 24.4929 24.2
      vertex 26.9609 25.0061 24.2
      vertex 26.9609 24.3939 24.2
    endloop
  endfacet
  facet normal 0 0 -1
    outer loop
      vertex 26.9273 24.4929 24.2
      vertex 26.9273 24.9071 24.2
      vertex 26.9609 25.0061 24.2
    endloop
  endfacet
  facet normal 0 0 -1
    outer loop
      vertex 26.9068 24.5956 24.2
      vertex 26.9273 24.9071 24.2
      vertex 26.9273 24.4929 24.2
    endloop
  endfacet
  facet normal 0 0 -1
    outer loop
      vertex 26.9068 24.5956 24.2
      vertex 26.9068 24.8044 24.2
      vertex 26.9273 24.9071 24.2
    endloop
  endfacet
  facet normal 0 -0 -1
    outer loop
      vertex 26.9068 24.8044 24.2
      vertex 26.9068 24.5956 24.2
      vertex 26.9 24.7 24.2
    endloop
  endfacet
  facet normal 0 0 -1
    outer loop
      vertex -10.5068 51.5956 24.2
      vertex -10.5068 51.8044 24.2
      vertex -10.5 51.7 24.2
    endloop
  endfacet
  facet normal 0 0 -1
    outer loop
      vertex -10.5273 51.4929 24.2
      vertex -10.5068 51.8044 24.2
      vertex -10.5068 51.5956 24.2
    endloop
  endfacet
  facet normal 0 0 -1
    outer loop
      vertex -10.5273 51.4929 24.2
      vertex -10.5273 51.9071 24.2
      vertex -10.5068 51.8044 24.2
    endloop
  endfacet
  facet normal 0 0 -1
    outer loop
      vertex -10.5609 51.3939 24.2
      vertex -10.5273 51.9071 24.2
      vertex -10.5273 51.4929 24.2
    endloop
  endfacet
  facet normal 0 0 -1
    outer loop
      vertex -10.5609 51.3939 24.2
      vertex -10.5609 52.0061 24.2
      vertex -10.5273 51.9071 24.2
    endloop
  endfacet
  facet normal 0 0 -1
    outer loop
      vertex -10.6072 51.3 24.2
      vertex -10.5609 52.0061 24.2
      vertex -10.5609 51.3939 24.2
    endloop
  endfacet
  facet normal 0 0 -1
    outer loop
      vertex -10.6072 51.3 24.2
      vertex -10.6072 52.1 24.2
      vertex -10.5609 52.0061 24.2
    endloop
  endfacet
  facet normal 0 0 -1
    outer loop
      vertex -10.6653 51.213 24.2
      vertex -10.6072 52.1 24.2
      vertex -10.6072 51.3 24.2
    endloop
  endfacet
  facet normal 0 0 -1
    outer loop
      vertex -10.6653 51.213 24.2
      vertex -10.6653 52.187 24.2
      vertex -10.6072 52.1 24.2
    endloop
  endfacet
  facet normal 0 0 -1
    outer loop
      vertex -10.7343 51.1343 24.2
      vertex -10.6653 52.187 24.2
      vertex -10.6653 51.213 24.2
    endloop
  endfacet
  facet normal 0 0 -1
    outer loop
      vertex -10.7343 51.1343 24.2
      vertex -10.7343 52.2657 24.2
      vertex -10.6653 52.187 24.2
    endloop
  endfacet
  facet normal 0 0 -1
    outer loop
      vertex -10.813 51.0653 24.2
      vertex -10.7343 52.2657 24.2
      vertex -10.7343 51.1343 24.2
    endloop
  endfacet
  facet normal 0 0 -1
    outer loop
      vertex -10.813 51.0653 24.2
      vertex -10.813 52.3347 24.2
      vertex -10.7343 52.2657 24.2
    endloop
  endfacet
  facet normal 0 0 -1
    outer loop
      vertex -10.9 51.0072 24.2
      vertex -10.813 52.3347 24.2
      vertex -10.813 51.0653 24.2
    endloop
  endfacet
  facet normal 0 0 -1
    outer loop
      vertex -10.9 51.0072 24.2
      vertex -10.9 52.3928 24.2
      vertex -10.813 52.3347 24.2
    endloop
  endfacet
  facet normal 0 0 -1
    outer loop
      vertex -10.9939 50.9609 24.2
      vertex -10.9 52.3928 24.2
      vertex -10.9 51.0072 24.2
    endloop
  endfacet
  facet normal 0 0 -1
    outer loop
      vertex -10.9939 50.9609 24.2
      vertex -10.9939 52.4391 24.2
      vertex -10.9 52.3928 24.2
    endloop
  endfacet
  facet normal 0 0 -1
    outer loop
      vertex -11.0929 50.9273 24.2
      vertex -10.9939 52.4391 24.2
      vertex -10.9939 50.9609 24.2
    endloop
  endfacet
  facet normal 0 0 -1
    outer loop
      vertex -11.0929 50.9273 24.2
      vertex -11.0929 52.4727 24.2
      vertex -10.9939 52.4391 24.2
    endloop
  endfacet
  facet normal 0 0 -1
    outer loop
      vertex -11.1956 50.9068 24.2
      vertex -11.0929 52.4727 24.2
      vertex -11.0929 50.9273 24.2
    endloop
  endfacet
  facet normal 0 0 -1
    outer loop
      vertex -11.1956 50.9068 24.2
      vertex -11.1956 52.4932 24.2
      vertex -11.0929 52.4727 24.2
    endloop
  endfacet
  facet normal 0 0 -1
    outer loop
      vertex -11.3 50.9 24.2
      vertex -11.1956 52.4932 24.2
      vertex -11.1956 50.9068 24.2
    endloop
  endfacet
  facet normal 0 0 -1
    outer loop
      vertex -11.3 50.9 24.2
      vertex -11.3 52.5 24.2
      vertex -11.1956 52.4932 24.2
    endloop
  endfacet
  facet normal 0 0 -1
    outer loop
      vertex -11.4044 50.9068 24.2
      vertex -11.3 52.5 24.2
      vertex -11.3 50.9 24.2
    endloop
  endfacet
  facet normal 0 0 -1
    outer loop
      vertex -11.4044 50.9068 24.2
      vertex -11.4044 52.4932 24.2
      vertex -11.3 52.5 24.2
    endloop
  endfacet
  facet normal 0 0 -1
    outer loop
      vertex -11.5071 50.9273 24.2
      vertex -11.4044 52.4932 24.2
      vertex -11.4044 50.9068 24.2
    endloop
  endfacet
  facet normal 0 0 -1
    outer loop
      vertex -11.5071 50.9273 24.2
      vertex -11.5071 52.4727 24.2
      vertex -11.4044 52.4932 24.2
    endloop
  endfacet
  facet normal 0 0 -1
    outer loop
      vertex -11.6061 50.9609 24.2
      vertex -11.5071 52.4727 24.2
      vertex -11.5071 50.9273 24.2
    endloop
  endfacet
  facet normal 0 0 -1
    outer loop
      vertex -11.6061 50.9609 24.2
      vertex -11.6061 52.4391 24.2
      vertex -11.5071 52.4727 24.2
    endloop
  endfacet
  facet normal 0 0 -1
    outer loop
      vertex -11.7 51.0072 24.2
      vertex -11.6061 52.4391 24.2
      vertex -11.6061 50.9609 24.2
    endloop
  endfacet
  facet normal 0 0 -1
    outer loop
      vertex -11.7 51.0072 24.2
      vertex -11.7 52.3928 24.2
      vertex -11.6061 52.4391 24.2
    endloop
  endfacet
  facet normal 0 0 -1
    outer loop
      vertex -11.787 51.0653 24.2
      vertex -11.7 52.3928 24.2
      vertex -11.7 51.0072 24.2
    endloop
  endfacet
  facet normal 0 0 -1
    outer loop
      vertex -11.787 51.0653 24.2
      vertex -11.787 52.3347 24.2
      vertex -11.7 52.3928 24.2
    endloop
  endfacet
  facet normal 0 0 -1
    outer loop
      vertex -11.8657 51.1343 24.2
      vertex -11.787 52.3347 24.2
      vertex -11.787 51.0653 24.2
    endloop
  endfacet
  facet normal 0 0 -1
    outer loop
      vertex -11.8657 51.1343 24.2
      vertex -11.8657 52.2657 24.2
      vertex -11.787 52.3347 24.2
    endloop
  endfacet
  facet normal 0 0 -1
    outer loop
      vertex -11.9347 51.213 24.2
      vertex -11.8657 52.2657 24.2
      vertex -11.8657 51.1343 24.2
    endloop
  endfacet
  facet normal 0 0 -1
    outer loop
      vertex -11.9347 51.213 24.2
      vertex -11.9347 52.187 24.2
      vertex -11.8657 52.2657 24.2
    endloop
  endfacet
  facet normal 0 0 -1
    outer loop
      vertex -11.9928 51.3 24.2
      vertex -11.9347 52.187 24.2
      vertex -11.9347 51.213 24.2
    endloop
  endfacet
  facet normal 0 0 -1
    outer loop
      vertex -11.9928 51.3 24.2
      vertex -11.9928 52.1 24.2
      vertex -11.9347 52.187 24.2
    endloop
  endfacet
  facet normal 0 0 -1
    outer loop
      vertex -12.0391 51.3939 24.2
      vertex -11.9928 52.1 24.2
      vertex -11.9928 51.3 24.2
    endloop
  endfacet
  facet normal 0 0 -1
    outer loop
      vertex -12.0391 51.3939 24.2
      vertex -12.0391 52.0061 24.2
      vertex -11.9928 52.1 24.2
    endloop
  endfacet
  facet normal 0 0 -1
    outer loop
      vertex -12.0727 51.4929 24.2
      vertex -12.0391 52.0061 24.2
      vertex -12.0391 51.3939 24.2
    endloop
  endfacet
  facet normal 0 0 -1
    outer loop
      vertex -12.0727 51.4929 24.2
      vertex -12.0727 51.9071 24.2
      vertex -12.0391 52.0061 24.2
    endloop
  endfacet
  facet normal 0 0 -1
    outer loop
      vertex -12.0932 51.5956 24.2
      vertex -12.0727 51.9071 24.2
      vertex -12.0727 51.4929 24.2
    endloop
  endfacet
  facet normal 0 0 -1
    outer loop
      vertex -12.0932 51.5956 24.2
      vertex -12.0932 51.8044 24.2
      vertex -12.0727 51.9071 24.2
    endloop
  endfacet
  facet normal 0 -0 -1
    outer loop
      vertex -12.0932 51.8044 24.2
      vertex -12.0932 51.5956 24.2
      vertex -12.1 51.7 24.2
    endloop
  endfacet
  facet normal 0 0 -1
    outer loop
      vertex 28.4932 51.5956 24.2
      vertex 28.4932 51.8044 24.2
      vertex 28.5 51.7 24.2
    endloop
  endfacet
  facet normal 0 0 -1
    outer loop
      vertex 28.4727 51.4929 24.2
      vertex 28.4932 51.8044 24.2
      vertex 28.4932 51.5956 24.2
    endloop
  endfacet
  facet normal 0 0 -1
    outer loop
      vertex 28.4727 51.4929 24.2
      vertex 28.4727 51.9071 24.2
      vertex 28.4932 51.8044 24.2
    endloop
  endfacet
  facet normal 0 0 -1
    outer loop
      vertex 28.4391 51.3939 24.2
      vertex 28.4727 51.9071 24.2
      vertex 28.4727 51.4929 24.2
    endloop
  endfacet
  facet normal 0 0 -1
    outer loop
      vertex 28.4391 51.3939 24.2
      vertex 28.4391 52.0061 24.2
      vertex 28.4727 51.9071 24.2
    endloop
  endfacet
  facet normal 0 0 -1
    outer loop
      vertex 28.3928 51.3 24.2
      vertex 28.4391 52.0061 24.2
      vertex 28.4391 51.3939 24.2
    endloop
  endfacet
  facet normal 0 0 -1
    outer loop
      vertex 28.3928 51.3 24.2
      vertex 28.3928 52.1 24.2
      vertex 28.4391 52.0061 24.2
    endloop
  endfacet
  facet normal 0 0 -1
    outer loop
      vertex 28.3347 51.213 24.2
      vertex 28.3928 52.1 24.2
      vertex 28.3928 51.3 24.2
    endloop
  endfacet
  facet normal 0 0 -1
    outer loop
      vertex 28.3347 51.213 24.2
      vertex 28.3347 52.187 24.2
      vertex 28.3928 52.1 24.2
    endloop
  endfacet
  facet normal 0 0 -1
    outer loop
      vertex 28.2657 51.1343 24.2
      vertex 28.3347 52.187 24.2
      vertex 28.3347 51.213 24.2
    endloop
  endfacet
  facet normal 0 0 -1
    outer loop
      vertex 28.2657 51.1343 24.2
      vertex 28.2657 52.2657 24.2
      vertex 28.3347 52.187 24.2
    endloop
  endfacet
  facet normal 0 0 -1
    outer loop
      vertex 28.187 51.0653 24.2
      vertex 28.2657 52.2657 24.2
      vertex 28.2657 51.1343 24.2
    endloop
  endfacet
  facet normal 0 0 -1
    outer loop
      vertex 28.187 51.0653 24.2
      vertex 28.187 52.3347 24.2
      vertex 28.2657 52.2657 24.2
    endloop
  endfacet
  facet normal 0 0 -1
    outer loop
      vertex 28.1 51.0072 24.2
      vertex 28.187 52.3347 24.2
      vertex 28.187 51.0653 24.2
    endloop
  endfacet
  facet normal 0 0 -1
    outer loop
      vertex 28.1 51.0072 24.2
      vertex 28.1 52.3928 24.2
      vertex 28.187 52.3347 24.2
    endloop
  endfacet
  facet normal 0 0 -1
    outer loop
      vertex 28.0061 50.9609 24.2
      vertex 28.1 52.3928 24.2
      vertex 28.1 51.0072 24.2
    endloop
  endfacet
  facet normal 0 0 -1
    outer loop
      vertex 28.0061 50.9609 24.2
      vertex 28.0061 52.4391 24.2
      vertex 28.1 52.3928 24.2
    endloop
  endfacet
  facet normal 0 0 -1
    outer loop
      vertex 27.9071 50.9273 24.2
      vertex 28.0061 52.4391 24.2
      vertex 28.0061 50.9609 24.2
    endloop
  endfacet
  facet normal 0 0 -1
    outer loop
      vertex 27.9071 50.9273 24.2
      vertex 27.9071 52.4727 24.2
      vertex 28.0061 52.4391 24.2
    endloop
  endfacet
  facet normal 0 0 -1
    outer loop
      vertex 27.8044 50.9068 24.2
      vertex 27.9071 52.4727 24.2
      vertex 27.9071 50.9273 24.2
    endloop
  endfacet
  facet normal 0 0 -1
    outer loop
      vertex 27.8044 50.9068 24.2
      vertex 27.8044 52.4932 24.2
      vertex 27.9071 52.4727 24.2
    endloop
  endfacet
  facet normal 0 0 -1
    outer loop
      vertex 27.7 50.9 24.2
      vertex 27.8044 52.4932 24.2
      vertex 27.8044 50.9068 24.2
    endloop
  endfacet
  facet normal 0 0 -1
    outer loop
      vertex 27.7 50.9 24.2
      vertex 27.7 52.5 24.2
      vertex 27.8044 52.4932 24.2
    endloop
  endfacet
  facet normal 0 0 -1
    outer loop
      vertex 27.5956 50.9068 24.2
      vertex 27.7 52.5 24.2
      vertex 27.7 50.9 24.2
    endloop
  endfacet
  facet normal 0 0 -1
    outer loop
      vertex 27.5956 50.9068 24.2
      vertex 27.5956 52.4932 24.2
      vertex 27.7 52.5 24.2
    endloop
  endfacet
  facet normal 0 0 -1
    outer loop
      vertex 27.4929 50.9273 24.2
      vertex 27.5956 52.4932 24.2
      vertex 27.5956 50.9068 24.2
    endloop
  endfacet
  facet normal 0 0 -1
    outer loop
      vertex 27.4929 50.9273 24.2
      vertex 27.4929 52.4727 24.2
      vertex 27.5956 52.4932 24.2
    endloop
  endfacet
  facet normal 0 0 -1
    outer loop
      vertex 27.3939 50.9609 24.2
      vertex 27.4929 52.4727 24.2
      vertex 27.4929 50.9273 24.2
    endloop
  endfacet
  facet normal 0 0 -1
    outer loop
      vertex 27.3939 50.9609 24.2
      vertex 27.3939 52.4391 24.2
      vertex 27.4929 52.4727 24.2
    endloop
  endfacet
  facet normal 0 0 -1
    outer loop
      vertex 27.3 51.0072 24.2
      vertex 27.3939 52.4391 24.2
      vertex 27.3939 50.9609 24.2
    endloop
  endfacet
  facet normal 0 0 -1
    outer loop
      vertex 27.3 51.0072 24.2
      vertex 27.3 52.3928 24.2
      vertex 27.3939 52.4391 24.2
    endloop
  endfacet
  facet normal 0 0 -1
    outer loop
      vertex 27.213 51.0653 24.2
      vertex 27.3 52.3928 24.2
      vertex 27.3 51.0072 24.2
    endloop
  endfacet
  facet normal 0 0 -1
    outer loop
      vertex 27.213 51.0653 24.2
      vertex 27.213 52.3347 24.2
      vertex 27.3 52.3928 24.2
    endloop
  endfacet
  facet normal 0 0 -1
    outer loop
      vertex 27.1343 51.1343 24.2
      vertex 27.213 52.3347 24.2
      vertex 27.213 51.0653 24.2
    endloop
  endfacet
  facet normal 0 0 -1
    outer loop
      vertex 27.1343 51.1343 24.2
      vertex 27.1343 52.2657 24.2
      vertex 27.213 52.3347 24.2
    endloop
  endfacet
  facet normal 0 0 -1
    outer loop
      vertex 27.0653 51.213 24.2
      vertex 27.1343 52.2657 24.2
      vertex 27.1343 51.1343 24.2
    endloop
  endfacet
  facet normal 0 0 -1
    outer loop
      vertex 27.0653 51.213 24.2
      vertex 27.0653 52.187 24.2
      vertex 27.1343 52.2657 24.2
    endloop
  endfacet
  facet normal 0 0 -1
    outer loop
      vertex 27.0072 51.3 24.2
      vertex 27.0653 52.187 24.2
      vertex 27.0653 51.213 24.2
    endloop
  endfacet
  facet normal 0 0 -1
    outer loop
      vertex 27.0072 51.3 24.2
      vertex 27.0072 52.1 24.2
      vertex 27.0653 52.187 24.2
    endloop
  endfacet
  facet normal 0 0 -1
    outer loop
      vertex 26.9609 51.3939 24.2
      vertex 27.0072 52.1 24.2
      vertex 27.0072 51.3 24.2
    endloop
  endfacet
  facet normal 0 0 -1
    outer loop
      vertex 26.9609 51.3939 24.2
      vertex 26.9609 52.0061 24.2
      vertex 27.0072 52.1 24.2
    endloop
  endfacet
  facet normal 0 0 -1
    outer loop
      vertex 26.9273 51.4929 24.2
      vertex 26.9609 52.0061 24.2
      vertex 26.9609 51.3939 24.2
    endloop
  endfacet
  facet normal 0 0 -1
    outer loop
      vertex 26.9273 51.4929 24.2
      vertex 26.9273 51.9071 24.2
      vertex 26.9609 52.0061 24.2
    endloop
  endfacet
  facet normal 0 0 -1
    outer loop
      vertex 26.9068 51.5956 24.2
      vertex 26.9273 51.9071 24.2
      vertex 26.9273 51.4929 24.2
    endloop
  endfacet
  facet normal 0 0 -1
    outer loop
      vertex 26.9068 51.5956 24.2
      vertex 26.9068 51.8044 24.2
      vertex 26.9273 51.9071 24.2
    endloop
  endfacet
  facet normal 0 -0 -1
    outer loop
      vertex 26.9068 51.8044 24.2
      vertex 26.9068 51.5956 24.2
      vertex 26.9 51.7 24.2
    endloop
  endfacet
  facet normal 0 -0.707107 0.707107
    outer loop
      vertex -18 0.4 27.4
      vertex 34.8 0.2 27.2
      vertex 34.8 0.4 27.4
    endloop
  endfacet
  facet normal 0 -0.707107 0.707107
    outer loop
      vertex -18.4 0.2 27.2
      vertex -18 0.4 27.4
      vertex -18.4 0.4 27.4
    endloop
  endfacet
  facet normal 0 -0.707107 0.707107
    outer loop
      vertex -18 0.4 27.4
      vertex -18.4 0.2 27.2
      vertex 34.8 0.2 27.2
    endloop
  endfacet
  facet normal -0.57735 -0.57735 0.57735
    outer loop
      vertex -18 0.599999 27.6
      vertex -18.2 0.799999 27.6
      vertex -18.4 0.799999 27.4
    endloop
  endfacet
  facet normal -0.57735 -0.577352 0.577349
    outer loop
      vertex -18 0.4 27.4
      vertex -18 0.599999 27.6
      vertex -18.4 0.799999 27.4
    endloop
  endfacet
  facet normal 0 0 1
    outer loop
      vertex -18 0.4 27.4
      vertex -18.4 0.799999 27.4
      vertex -18.4 0.4 27.4
    endloop
  endfacet
  facet normal -0.57735 -0.57735 0.57735
    outer loop
      vertex -18 0.599999 27.6
      vertex -18 0.799999 27.8
      vertex -18.2 0.799999 27.6
    endloop
  endfacet
  facet normal -0.707107 0 0.707107
    outer loop
      vertex -18.4 0.799999 27.4
      vertex -18.2 74 27.6
      vertex -18.4 74 27.4
    endloop
  endfacet
  facet normal -0.707107 0 0.707107
    outer loop
      vertex -18.2 74 27.6
      vertex -18.4 0.799999 27.4
      vertex -18.2 0.799999 27.6
    endloop
  endfacet
  facet normal -0.707107 0 0.707107
    outer loop
      vertex -18.2 74 27.6
      vertex -18 0.799999 27.8
      vertex -18 74 27.8
    endloop
  endfacet
  facet normal -0.707107 0 0.707107
    outer loop
      vertex -18 0.799999 27.8
      vertex -18.2 74 27.6
      vertex -18.2 0.799999 27.6
    endloop
  endfacet
  facet normal -0.57735 -0.57735 -0.57735
    outer loop
      vertex -18 72 23.8
      vertex -18 71.8 24
      vertex -18.2 72 24
    endloop
  endfacet
  facet normal -0.57735 -0.57735 -0.57735
    outer loop
      vertex -18 71.8 24
      vertex -18 71.6 24.2
      vertex -18.2 72 24
    endloop
  endfacet
  facet normal -0.57735 -0.57735 -0.57735
    outer loop
      vertex -18.2 72 24
      vertex -18 71.6 24.2
      vertex -18.4 72 24.2
    endloop
  endfacet
  facet normal -0.57735 -0.57735 -0.57735
    outer loop
      vertex -18 72.4 -3.8
      vertex -18 72.2 -3.6
      vertex -18.2 72.4 -3.6
    endloop
  endfacet
  facet normal -0.707107 -0.707107 0
    outer loop
      vertex -18 72.2 -3.6
      vertex -18.2 72.4 11.2
      vertex -18.2 72.4 -3.6
    endloop
  endfacet
  facet normal -0.707107 -0.707107 0
    outer loop
      vertex -18.2 72.4 11.2
      vertex -18 72.2 -3.6
      vertex -18 72.2 11.2
    endloop
  endfacet
  facet normal -0.57735 -0.57735 0.57735
    outer loop
      vertex -18 72.2 11.2
      vertex -18 72.4 11.4
      vertex -18.2 72.4 11.2
    endloop
  endfacet
  facet normal -0.57735 -0.57735 -0.57735
    outer loop
      vertex -18 72.4 17
      vertex -18 72.2 17.2
      vertex -18.2 72.4 17.2
    endloop
  endfacet
  facet normal -0.707107 -0.707107 0
    outer loop
      vertex -18 72.2 17.2
      vertex -18.2 72.4 23.6
      vertex -18.2 72.4 17.2
    endloop
  endfacet
  facet normal -0.707107 -0.707107 0
    outer loop
      vertex -18.2 72.4 23.6
      vertex -18 72.2 17.2
      vertex -18 72.2 23.6
    endloop
  endfacet
  facet normal -0.57735 -0.57735 -0.57735
    outer loop
      vertex -18 72.2 23.6
      vertex -18 72 23.8
      vertex -18.2 72.4 23.6
    endloop
  endfacet
  facet normal -0.57735 -0.57735 -0.57735
    outer loop
      vertex -18.2 72.4 23.6
      vertex -18 72 23.8
      vertex -18.2 72 24
    endloop
  endfacet
  facet normal -1 0 0
    outer loop
      vertex -18.2 72.4 23.6
      vertex -18.2 74 17.2
      vertex -18.2 72.4 17.2
    endloop
  endfacet
  facet normal -1 0 0
    outer loop
      vertex -18.2 74 17.2
      vertex -18.2 72.4 23.6
      vertex -18.2 74 24
    endloop
  endfacet
  facet normal -1 -0 0
    outer loop
      vertex -18.2 74 24
      vertex -18.2 72.4 23.6
      vertex -18.2 72 24
    endloop
  endfacet
  facet normal -0.707107 0 -0.707107
    outer loop
      vertex -18.2 72 24
      vertex -18.4 74 24.2
      vertex -18.2 74 24
    endloop
  endfacet
  facet normal -0.707107 -0 -0.707107
    outer loop
      vertex -18.4 74 24.2
      vertex -18.2 72 24
      vertex -18.4 72 24.2
    endloop
  endfacet
  facet normal -0.707107 0 -0.707107
    outer loop
      vertex -18.2 72.4 -3.6
      vertex -18 74 -3.8
      vertex -18 72.4 -3.8
    endloop
  endfacet
  facet normal -0.707107 0 -0.707107
    outer loop
      vertex -18 74 -3.8
      vertex -18.2 72.4 -3.6
      vertex -18.2 74 -3.6
    endloop
  endfacet
  facet normal -1 0 0
    outer loop
      vertex -18.2 72.4 -3.6
      vertex -18.2 74 11.2
      vertex -18.2 74 -3.6
    endloop
  endfacet
  facet normal -1 -0 0
    outer loop
      vertex -18.2 74 11.2
      vertex -18.2 72.4 -3.6
      vertex -18.2 72.4 11.2
    endloop
  endfacet
  facet normal -0.707107 0 0.707107
    outer loop
      vertex -18.2 74 11.2
      vertex -18 72.4 11.4
      vertex -18 74 11.4
    endloop
  endfacet
  facet normal -0.707107 0 0.707107
    outer loop
      vertex -18 72.4 11.4
      vertex -18.2 74 11.2
      vertex -18.2 72.4 11.2
    endloop
  endfacet
  facet normal -0.707107 0 -0.707107
    outer loop
      vertex -18 72.4 17
      vertex -18.2 74 17.2
      vertex -18 74 17
    endloop
  endfacet
  facet normal -0.707107 -0 -0.707107
    outer loop
      vertex -18.2 74 17.2
      vertex -18 72.4 17
      vertex -18.2 72.4 17.2
    endloop
  endfacet
  facet normal -0.57735 -0.57735 -0.57735
    outer loop
      vertex -18 74 -3.8
      vertex -18.2 74 -3.6
      vertex -18.4 74.2 -3.6
    endloop
  endfacet
  facet normal -0.57735 -0.57735 -0.57735
    outer loop
      vertex -18 74.2 -4
      vertex -18 74 -3.8
      vertex -18.4 74.2 -3.6
    endloop
  endfacet
  facet normal -0.707107 -0.707107 0
    outer loop
      vertex -18.4 74.2 -3.6
      vertex -18.2 74 11.2
      vertex -18.4 74.2 11.2
    endloop
  endfacet
  facet normal -0.707107 -0.707107 -0
    outer loop
      vertex -18.2 74 11.2
      vertex -18.4 74.2 -3.6
      vertex -18.2 74 -3.6
    endloop
  endfacet
  facet normal -0.57735 -0.57735 0.57735
    outer loop
      vertex -18 74 11.4
      vertex -18 74.2 11.6
      vertex -18.2 74 11.2
    endloop
  endfacet
  facet normal -0.57735 -0.57735 0.57735
    outer loop
      vertex -18.2 74 11.2
      vertex -18 74.2 11.6
      vertex -18.4 74.2 11.2
    endloop
  endfacet
  facet normal -0.57735 -0.57735 -0.57735
    outer loop
      vertex -18 74 17
      vertex -18.2 74 17.2
      vertex -18.4 74.2 17.2
    endloop
  endfacet
  facet normal -0.57735 -0.57735 -0.57735
    outer loop
      vertex -18 74.2 16.8
      vertex -18 74 17
      vertex -18.4 74.2 17.2
    endloop
  endfacet
  facet normal -0.707107 -0.707107 0
    outer loop
      vertex -18.4 74.2 17.2
      vertex -18.2 74 24
      vertex -18.4 74.2 24
    endloop
  endfacet
  facet normal -0.707107 -0.707107 -0
    outer loop
      vertex -18.2 74 24
      vertex -18.4 74.2 17.2
      vertex -18.2 74 17.2
    endloop
  endfacet
  facet normal -0.57735 -0.57735 -0.57735
    outer loop
      vertex -18.4 74.2 24
      vertex -18.2 74 24
      vertex -18.4 74 24.2
    endloop
  endfacet
  facet normal -0.57735 -0.57735 0.57735
    outer loop
      vertex -18.2 74 27.6
      vertex -18.4 74.2 27.6
      vertex -18.4 74 27.4
    endloop
  endfacet
  facet normal -0.57735 -0.57735 0.57735
    outer loop
      vertex -18.2 74 27.6
      vertex -18.4 74.4 27.8
      vertex -18.4 74.2 27.6
    endloop
  endfacet
  facet normal -0.57735 -0.57735 0.57735
    outer loop
      vertex -18.2 74 27.6
      vertex -18 74 27.8
      vertex -18.4 74.4 27.8
    endloop
  endfacet
  facet normal 0 -0.707109 0.707105
    outer loop
      vertex -18 0.4 27.4
      vertex 34.8 0.599999 27.6
      vertex -18 0.599999 27.6
    endloop
  endfacet
  facet normal 0 -0.707109 0.707105
    outer loop
      vertex 34.8 0.599999 27.6
      vertex -18 0.4 27.4
      vertex 34.8 0.4 27.4
    endloop
  endfacet
  facet normal 0 -0.707107 0.707107
    outer loop
      vertex -18 0.799999 27.8
      vertex 34.8 0.599999 27.6
      vertex 34.8 0.799999 27.8
    endloop
  endfacet
  facet normal 0 -0.707107 0.707107
    outer loop
      vertex 34.8 0.599999 27.6
      vertex -18 0.799999 27.8
      vertex -18 0.599999 27.6
    endloop
  endfacet
  facet normal 0 -0.707107 -0.707107
    outer loop
      vertex -18 72 23.8
      vertex 34.4 71.8 24
      vertex -18 71.8 24
    endloop
  endfacet
  facet normal 0 -0.707107 -0.707107
    outer loop
      vertex 34.4 71.8 24
      vertex -18 72 23.8
      vertex 34.4 72 23.8
    endloop
  endfacet
  facet normal 0 -0.707107 -0.707107
    outer loop
      vertex -18 71.6 24.2
      vertex 34.4 71.8 24
      vertex 34.4 71.6 24.2
    endloop
  endfacet
  facet normal -0 -0.707107 -0.707107
    outer loop
      vertex 34.4 71.8 24
      vertex -18 71.6 24.2
      vertex -18 71.8 24
    endloop
  endfacet
  facet normal -0.57735 -0.57735 -0.57735
    outer loop
      vertex -17.6 72.4 -4.2
      vertex -17.6 72.2 -4
      vertex -17.8 72.4 -4
    endloop
  endfacet
  facet normal -0.57735 -0.57735 -0.57735
    outer loop
      vertex -18 72.4 -3.8
      vertex -17.8 72.4 -4
      vertex -18 72.2 -3.6
    endloop
  endfacet
  facet normal -0.57735 -0.57735 -0.57735
    outer loop
      vertex -17.8 72.4 -4
      vertex -17.6 72.2 -4
      vertex -18 72.2 -3.6
    endloop
  endfacet
  facet normal 0 -1 0
    outer loop
      vertex -18 72.2 11.2
      vertex -16.4 72.2 -2
      vertex -16.4 72.2 11.2
    endloop
  endfacet
  facet normal 0 -1 0
    outer loop
      vertex -17.6 72.2 -4
      vertex -16 72.2 -2.4
      vertex -16.4 72.2 -2
    endloop
  endfacet
  facet normal 0 -1 0
    outer loop
      vertex -18 72.2 -3.6
      vertex -16.4 72.2 -2
      vertex -18 72.2 11.2
    endloop
  endfacet
  facet normal 0 -1 0
    outer loop
      vertex -17.6 72.2 -4
      vertex -16.4 72.2 -2
      vertex -18 72.2 -3.6
    endloop
  endfacet
  facet normal 0 -1 0
    outer loop
      vertex -16.8 72.2 -4.4
      vertex -16 72.2 -2.4
      vertex -17.6 72.2 -4
    endloop
  endfacet
  facet normal 0 -1 -0
    outer loop
      vertex -16 72.2 -2.4
      vertex -16.8 72.2 -4.4
      vertex -15.6 72.2 -2.8
    endloop
  endfacet
  facet normal 0 -1 0
    outer loop
      vertex -16.8 72.2 -4.4
      vertex -17.6 72.2 -4
      vertex -17.2 72.2 -4.4
    endloop
  endfacet
  facet normal 0 -1 0
    outer loop
      vertex -16.4 72.2 -4.8
      vertex -15.6 72.2 -2.8
      vertex -16.8 72.2 -4.4
    endloop
  endfacet
  facet normal 0 -1 0
    outer loop
      vertex 0 72.2 -4.8
      vertex -15.6 72.2 -2.8
      vertex -16.4 72.2 -4.8
    endloop
  endfacet
  facet normal 0 -1 0
    outer loop
      vertex -15.6 72.2 -2.8
      vertex 0 72.2 -4.8
      vertex 0 72.2 -2.8
    endloop
  endfacet
  facet normal 0 -0.707107 0.707107
    outer loop
      vertex -18 72.4 11.4
      vertex -16.4 72.2 11.2
      vertex -16.4 72.4 11.4
    endloop
  endfacet
  facet normal 0 -0.707107 0.707107
    outer loop
      vertex -16.4 72.2 11.2
      vertex -18 72.4 11.4
      vertex -18 72.2 11.2
    endloop
  endfacet
  facet normal 0 -0.707107 -0.707107
    outer loop
      vertex -18 72.2 17.2
      vertex -16.4 72.4 17
      vertex -16.4 72.2 17.2
    endloop
  endfacet
  facet normal -0 -0.707107 -0.707107
    outer loop
      vertex -16.4 72.4 17
      vertex -18 72.2 17.2
      vertex -18 72.4 17
    endloop
  endfacet
  facet normal 0 -1 0
    outer loop
      vertex -18 72.2 23.6
      vertex -16.4 72.2 23.2
      vertex -16 72.2 23.6
    endloop
  endfacet
  facet normal 0 -1 0
    outer loop
      vertex -18 72.2 17.2
      vertex -16.4 72.2 23.2
      vertex -18 72.2 23.6
    endloop
  endfacet
  facet normal 0 -1 -0
    outer loop
      vertex -16.4 72.2 23.2
      vertex -18 72.2 17.2
      vertex -16.4 72.2 17.2
    endloop
  endfacet
  facet normal -0 -0.707107 -0.707107
    outer loop
      vertex -16 72.2 23.6
      vertex -18 72 23.8
      vertex -18 72.2 23.6
    endloop
  endfacet
  facet normal 0 -0.707107 -0.707107
    outer loop
      vertex -18 72 23.8
      vertex -16 72.2 23.6
      vertex 34.4 72 23.8
    endloop
  endfacet
  facet normal -0 -0.707107 -0.707107
    outer loop
      vertex 32.4 72.2 23.6
      vertex 34.4 72 23.8
      vertex -16 72.2 23.6
    endloop
  endfacet
  facet normal 0 -0.707107 -0.707107
    outer loop
      vertex 34.4 72 23.8
      vertex 32.4 72.2 23.6
      vertex 34.4 72.2 23.6
    endloop
  endfacet
  facet normal -0.707107 0 -0.707107
    outer loop
      vertex -17.6 72.4 -4.2
      vertex -17.8 74 -4
      vertex -17.6 74 -4.2
    endloop
  endfacet
  facet normal -0.707107 -0 -0.707107
    outer loop
      vertex -17.8 74 -4
      vertex -17.6 72.4 -4.2
      vertex -17.8 72.4 -4
    endloop
  endfacet
  facet normal -0.707107 0 -0.707107
    outer loop
      vertex -17.8 72.4 -4
      vertex -18 74 -3.8
      vertex -17.8 74 -4
    endloop
  endfacet
  facet normal -0.707107 -0 -0.707107
    outer loop
      vertex -18 74 -3.8
      vertex -17.8 72.4 -4
      vertex -18 72.4 -3.8
    endloop
  endfacet
  facet normal -0 0 1
    outer loop
      vertex -18 74 11.4
      vertex -16.4 72.4 11.4
      vertex -16.4 74 11.4
    endloop
  endfacet
  facet normal 0 0 1
    outer loop
      vertex -16.4 72.4 11.4
      vertex -18 74 11.4
      vertex -18 72.4 11.4
    endloop
  endfacet
  facet normal 0 0 -1
    outer loop
      vertex -18 72.4 17
      vertex -16.4 74 17
      vertex -16.4 72.4 17
    endloop
  endfacet
  facet normal -0 0 -1
    outer loop
      vertex -16.4 74 17
      vertex -18 72.4 17
      vertex -18 74 17
    endloop
  endfacet
  facet normal -0.57735 -0.57735 -0.57735
    outer loop
      vertex -17.6 74 -4.2
      vertex -17.8 74 -4
      vertex -18 74.2 -4
    endloop
  endfacet
  facet normal -0.57735 -0.57735 -0.57735
    outer loop
      vertex -17.6 74.2 -4.4
      vertex -17.6 74 -4.2
      vertex -18 74.2 -4
    endloop
  endfacet
  facet normal -0.57735 -0.57735 -0.57735
    outer loop
      vertex -18 74.2 -4
      vertex -17.8 74 -4
      vertex -18 74 -3.8
    endloop
  endfacet
  facet normal 0 -0.707107 0.707107
    outer loop
      vertex -18 74 11.4
      vertex -16.4 74.2 11.6
      vertex -18 74.2 11.6
    endloop
  endfacet
  facet normal 0 -0.707107 0.707107
    outer loop
      vertex -16.4 74.2 11.6
      vertex -18 74 11.4
      vertex -16.4 74 11.4
    endloop
  endfacet
  facet normal 0 -0.707107 -0.707107
    outer loop
      vertex -18 74.2 16.8
      vertex -16.4 74 17
      vertex -18 74 17
    endloop
  endfacet
  facet normal 0 -0.707107 -0.707107
    outer loop
      vertex -16.4 74 17
      vertex -18 74.2 16.8
      vertex -16.4 74.2 16.8
    endloop
  endfacet
  facet normal -0.57735 -0.57735 -0.57735
    outer loop
      vertex -17.2 72.4 -4.6
      vertex -17.2 72.2 -4.4
      vertex -17.4 72.4 -4.4
    endloop
  endfacet
  facet normal -0.57735 -0.57735 -0.57735
    outer loop
      vertex -17.6 72.4 -4.2
      vertex -17.4 72.4 -4.4
      vertex -17.6 72.2 -4
    endloop
  endfacet
  facet normal -0.57735 -0.57735 -0.57735
    outer loop
      vertex -17.4 72.4 -4.4
      vertex -17.2 72.2 -4.4
      vertex -17.6 72.2 -4
    endloop
  endfacet
  facet normal -0.707107 0 -0.707107
    outer loop
      vertex -17.2 72.4 -4.6
      vertex -17.4 74 -4.4
      vertex -17.2 74 -4.6
    endloop
  endfacet
  facet normal -0.707107 -0 -0.707107
    outer loop
      vertex -17.4 74 -4.4
      vertex -17.2 72.4 -4.6
      vertex -17.4 72.4 -4.4
    endloop
  endfacet
  facet normal -0.707107 0 -0.707107
    outer loop
      vertex -17.6 72.4 -4.2
      vertex -17.4 74 -4.4
      vertex -17.4 72.4 -4.4
    endloop
  endfacet
  facet normal -0.707107 0 -0.707107
    outer loop
      vertex -17.4 74 -4.4
      vertex -17.6 72.4 -4.2
      vertex -17.6 74 -4.2
    endloop
  endfacet
  facet normal -0.57735 -0.57735 -0.57735
    outer loop
      vertex -17.2 74 -4.6
      vertex -17.4 74 -4.4
      vertex -17.6 74.2 -4.4
    endloop
  endfacet
  facet normal -0.57735 -0.57735 -0.57735
    outer loop
      vertex -17.2 74.2 -4.8
      vertex -17.2 74 -4.6
      vertex -17.6 74.2 -4.4
    endloop
  endfacet
  facet normal -0.57735 -0.57735 -0.57735
    outer loop
      vertex -17.6 74.2 -4.4
      vertex -17.4 74 -4.4
      vertex -17.6 74 -4.2
    endloop
  endfacet
  facet normal 0 -0.707107 -0.707107
    outer loop
      vertex -17.2 72.2 -4.4
      vertex -16.8 72.4 -4.6
      vertex -16.8 72.2 -4.4
    endloop
  endfacet
  facet normal -0 -0.707107 -0.707107
    outer loop
      vertex -16.8 72.4 -4.6
      vertex -17.2 72.2 -4.4
      vertex -17.2 72.4 -4.6
    endloop
  endfacet
  facet normal 0 0 -1
    outer loop
      vertex -17.2 72.4 -4.6
      vertex -16.8 74 -4.6
      vertex -16.8 72.4 -4.6
    endloop
  endfacet
  facet normal -0 0 -1
    outer loop
      vertex -16.8 74 -4.6
      vertex -17.2 72.4 -4.6
      vertex -17.2 74 -4.6
    endloop
  endfacet
  facet normal 0 -0.707107 -0.707107
    outer loop
      vertex -17.2 74.2 -4.8
      vertex -16.8 74 -4.6
      vertex -17.2 74 -4.6
    endloop
  endfacet
  facet normal 0 -0.707107 -0.707107
    outer loop
      vertex -16.8 74 -4.6
      vertex -17.2 74.2 -4.8
      vertex -16.8 74.2 -4.8
    endloop
  endfacet
  facet normal -0.57735 -0.57735 -0.57735
    outer loop
      vertex -16.4 72.4 -5
      vertex -16.4 72.2 -4.8
      vertex -16.6 72.4 -4.8
    endloop
  endfacet
  facet normal -0.57735 -0.57735 -0.57735
    outer loop
      vertex -16.8 72.4 -4.6
      vertex -16.6 72.4 -4.8
      vertex -16.8 72.2 -4.4
    endloop
  endfacet
  facet normal -0.57735 -0.57735 -0.57735
    outer loop
      vertex -16.6 72.4 -4.8
      vertex -16.4 72.2 -4.8
      vertex -16.8 72.2 -4.4
    endloop
  endfacet
  facet normal -0.707107 0 -0.707107
    outer loop
      vertex -16.6 72.4 -4.8
      vertex -16.4 74 -5
      vertex -16.4 72.4 -5
    endloop
  endfacet
  facet normal -0.707107 0 -0.707107
    outer loop
      vertex -16.4 74 -5
      vertex -16.6 72.4 -4.8
      vertex -16.6 74 -4.8
    endloop
  endfacet
  facet normal -0.707107 0 -0.707107
    outer loop
      vertex -16.6 72.4 -4.8
      vertex -16.8 74 -4.6
      vertex -16.6 74 -4.8
    endloop
  endfacet
  facet normal -0.707107 -0 -0.707107
    outer loop
      vertex -16.8 74 -4.6
      vertex -16.6 72.4 -4.8
      vertex -16.8 72.4 -4.6
    endloop
  endfacet
  facet normal -0.57735 -0.57735 -0.57735
    outer loop
      vertex -16.4 74 -5
      vertex -16.6 74 -4.8
      vertex -16.8 74.2 -4.8
    endloop
  endfacet
  facet normal -0.57735 -0.57735 -0.57735
    outer loop
      vertex -16.4 74.2 -5.2
      vertex -16.4 74 -5
      vertex -16.8 74.2 -4.8
    endloop
  endfacet
  facet normal -0.57735 -0.57735 -0.57735
    outer loop
      vertex -16.8 74.2 -4.8
      vertex -16.6 74 -4.8
      vertex -16.8 74 -4.6
    endloop
  endfacet
  facet normal 0 -0.707107 -0.707107
    outer loop
      vertex -16.4 72.2 -4.8
      vertex 0 72.4 -5
      vertex 0 72.2 -4.8
    endloop
  endfacet
  facet normal -0 -0.707107 -0.707107
    outer loop
      vertex 0 72.4 -5
      vertex -16.4 72.2 -4.8
      vertex -16.4 72.4 -5
    endloop
  endfacet
  facet normal 0.57735 -0.57735 0.57735
    outer loop
      vertex -16 72.2 -2.4
      vertex -16 72.4 -2.2
      vertex -16.2 72.4 -2
    endloop
  endfacet
  facet normal 0.57735 -0.57735 0.57735
    outer loop
      vertex -16 72.2 -2.4
      vertex -16.2 72.4 -2
      vertex -16.4 72.2 -2
    endloop
  endfacet
  facet normal 0.707107 -0.707107 0
    outer loop
      vertex -16.4 72.2 11.2
      vertex -16.2 72.4 -2
      vertex -16.2 72.4 11.2
    endloop
  endfacet
  facet normal 0.707107 -0.707107 0
    outer loop
      vertex -16.2 72.4 -2
      vertex -16.4 72.2 11.2
      vertex -16.4 72.2 -2
    endloop
  endfacet
  facet normal 0.57735 -0.57735 0.57735
    outer loop
      vertex -16.2 72.4 11.2
      vertex -16.4 72.4 11.4
      vertex -16.4 72.2 11.2
    endloop
  endfacet
  facet normal 0.57735 -0.57735 -0.57735
    outer loop
      vertex -16.4 72.4 17
      vertex -16.2 72.4 17.2
      vertex -16.4 72.2 17.2
    endloop
  endfacet
  facet normal 0.707107 -0.707107 0
    outer loop
      vertex -16.4 72.2 23.2
      vertex -16.2 72.4 17.2
      vertex -16.2 72.4 23.2
    endloop
  endfacet
  facet normal 0.707107 -0.707107 0
    outer loop
      vertex -16.2 72.4 17.2
      vertex -16.4 72.2 23.2
      vertex -16.4 72.2 17.2
    endloop
  endfacet
  facet normal 0.57735 -0.57735 -0.57735
    outer loop
      vertex -16.2 72.4 23.2
      vertex -16 72.4 23.4
      vertex -16.4 72.2 23.2
    endloop
  endfacet
  facet normal 0.57735 -0.57735 -0.57735
    outer loop
      vertex -16 72.4 23.4
      vertex -16 72.2 23.6
      vertex -16.4 72.2 23.2
    endloop
  endfacet
  facet normal 0 0 -1
    outer loop
      vertex -16.4 72.4 -5
      vertex 0 74 -5
      vertex 0 72.4 -5
    endloop
  endfacet
  facet normal -0 0 -1
    outer loop
      vertex 0 74 -5
      vertex -16.4 72.4 -5
      vertex -16.4 74 -5
    endloop
  endfacet
  facet normal 0.707107 0 0.707107
    outer loop
      vertex -16.2 74 -2
      vertex -16 72.4 -2.2
      vertex -16 74 -2.2
    endloop
  endfacet
  facet normal 0.707107 0 0.707107
    outer loop
      vertex -16 72.4 -2.2
      vertex -16.2 74 -2
      vertex -16.2 72.4 -2
    endloop
  endfacet
  facet normal 1 -0 0
    outer loop
      vertex -16.2 72.4 11.2
      vertex -16.2 74 -2
      vertex -16.2 74 11.2
    endloop
  endfacet
  facet normal 1 0 0
    outer loop
      vertex -16.2 74 -2
      vertex -16.2 72.4 11.2
      vertex -16.2 72.4 -2
    endloop
  endfacet
  facet normal 0.707107 -0 0.707107
    outer loop
      vertex -16.4 72.4 11.4
      vertex -16.2 74 11.2
      vertex -16.4 74 11.4
    endloop
  endfacet
  facet normal 0.707107 0 0.707107
    outer loop
      vertex -16.2 74 11.2
      vertex -16.4 72.4 11.4
      vertex -16.2 72.4 11.2
    endloop
  endfacet
  facet normal 0.707107 0 -0.707107
    outer loop
      vertex -16.2 72.4 17.2
      vertex -16.4 74 17
      vertex -16.2 74 17.2
    endloop
  endfacet
  facet normal 0.707107 0 -0.707107
    outer loop
      vertex -16.4 74 17
      vertex -16.2 72.4 17.2
      vertex -16.4 72.4 17
    endloop
  endfacet
  facet normal 1 0 0
    outer loop
      vertex -16.2 72.4 17.2
      vertex -16.2 74 21.6
      vertex -16.2 73.6 22
    endloop
  endfacet
  facet normal 1 0 0
    outer loop
      vertex -16.2 72.4 17.2
      vertex -16.2 73.6 22
      vertex -16.2 73.2 22.4
    endloop
  endfacet
  facet normal 1 0 0
    outer loop
      vertex -16.2 72.4 17.2
      vertex -16.2 73.2 22.4
      vertex -16.2 72.8 22.8
    endloop
  endfacet
  facet normal 1 0 0
    outer loop
      vertex -16.2 72.4 17.2
      vertex -16.2 72.8 22.8
      vertex -16.2 72.4 23.2
    endloop
  endfacet
  facet normal 1 0 0
    outer loop
      vertex -16.2 74 21.6
      vertex -16.2 72.4 17.2
      vertex -16.2 74 17.2
    endloop
  endfacet
  facet normal 0.57735 -0.57735 -0.57735
    outer loop
      vertex -16 72.8 23
      vertex -16 72.6 23.2
      vertex -16.2 72.4 23.2
    endloop
  endfacet
  facet normal 0.57735 -0.57735 -0.57735
    outer loop
      vertex -16.2 72.8 22.8
      vertex -16 72.8 23
      vertex -16.2 72.4 23.2
    endloop
  endfacet
  facet normal 0.57735 -0.57735 -0.57735
    outer loop
      vertex -16 72.6 23.2
      vertex -16 72.4 23.4
      vertex -16.2 72.4 23.2
    endloop
  endfacet
  facet normal 0.57735 -0.57735 -0.57735
    outer loop
      vertex -16 73.2 22.6
      vertex -16 73 22.8
      vertex -16.2 72.8 22.8
    endloop
  endfacet
  facet normal 0.57735 -0.57735 -0.57735
    outer loop
      vertex -16.2 73.2 22.4
      vertex -16 73.2 22.6
      vertex -16.2 72.8 22.8
    endloop
  endfacet
  facet normal 0.57735 -0.57735 -0.57735
    outer loop
      vertex -16 73 22.8
      vertex -16 72.8 23
      vertex -16.2 72.8 22.8
    endloop
  endfacet
  facet normal 0.57735 -0.57735 -0.57735
    outer loop
      vertex -16 73.6 22.2
      vertex -16 73.4 22.4
      vertex -16.2 73.2 22.4
    endloop
  endfacet
  facet normal 0.57735 -0.57735 -0.57735
    outer loop
      vertex -16.2 73.6 22
      vertex -16 73.6 22.2
      vertex -16.2 73.2 22.4
    endloop
  endfacet
  facet normal 0.57735 -0.57735 -0.57735
    outer loop
      vertex -16 73.4 22.4
      vertex -16 73.2 22.6
      vertex -16.2 73.2 22.4
    endloop
  endfacet
  facet normal 0.57735 -0.57735 -0.57735
    outer loop
      vertex -16 74 21.8
      vertex -16 73.8 22
      vertex -16.2 73.6 22
    endloop
  endfacet
  facet normal 0.57735 -0.57735 -0.57735
    outer loop
      vertex -16.2 74 21.6
      vertex -16 74 21.8
      vertex -16.2 73.6 22
    endloop
  endfacet
  facet normal 0.57735 -0.57735 -0.57735
    outer loop
      vertex -16 73.8 22
      vertex -16 73.6 22.2
      vertex -16.2 73.6 22
    endloop
  endfacet
  facet normal 0 -0.707107 -0.707107
    outer loop
      vertex -16.4 74.2 -5.2
      vertex 0 74 -5
      vertex -16.4 74 -5
    endloop
  endfacet
  facet normal 0 -0.707107 -0.707107
    outer loop
      vertex 0 74 -5
      vertex -16.4 74.2 -5.2
      vertex 0 74.2 -5.2
    endloop
  endfacet
  facet normal 0.57735 -0.57735 0.57735
    outer loop
      vertex -16 74 -2.2
      vertex -16 74.2 -2
      vertex -16.2 74 -2
    endloop
  endfacet
  facet normal 0.707107 -0.707107 0
    outer loop
      vertex -16.2 74 -2
      vertex -16 74.2 11.2
      vertex -16.2 74 11.2
    endloop
  endfacet
  facet normal 0.707107 -0.707107 0
    outer loop
      vertex -16 74.2 11.2
      vertex -16.2 74 -2
      vertex -16 74.2 -2
    endloop
  endfacet
  facet normal 0.57735 -0.57735 0.57735
    outer loop
      vertex -16.2 74 11.2
      vertex -16 74.2 11.2
      vertex -16.4 74 11.4
    endloop
  endfacet
  facet normal 0.57735 -0.57735 0.57735
    outer loop
      vertex -16 74.2 11.2
      vertex -16.4 74.2 11.6
      vertex -16.4 74 11.4
    endloop
  endfacet
  facet normal 0.57735 -0.57735 -0.57735
    outer loop
      vertex -16.4 74.2 16.8
      vertex -16.2 74 17.2
      vertex -16.4 74 17
    endloop
  endfacet
  facet normal 0.57735 -0.57735 -0.57735
    outer loop
      vertex -16 74.2 17.2
      vertex -16.2 74 17.2
      vertex -16.4 74.2 16.8
    endloop
  endfacet
  facet normal 0.707107 -0.707107 0
    outer loop
      vertex -16.2 74 17.2
      vertex -16 74.2 21.6
      vertex -16.2 74 21.6
    endloop
  endfacet
  facet normal 0.707107 -0.707107 0
    outer loop
      vertex -16 74.2 21.6
      vertex -16.2 74 17.2
      vertex -16 74.2 17.2
    endloop
  endfacet
  facet normal 0.57735 -0.57735 -0.57735
    outer loop
      vertex -16 74.2 21.6
      vertex -16 74 21.8
      vertex -16.2 74 21.6
    endloop
  endfacet
  facet normal 0.57735 -0.57735 0.57735
    outer loop
      vertex -16 72.2 -2.4
      vertex -15.6 72.4 -2.6
      vertex -16 72.4 -2.2
    endloop
  endfacet
  facet normal 0.57735 -0.57735 0.57735
    outer loop
      vertex -15.6 72.4 -2.6
      vertex -16 72.2 -2.4
      vertex -15.6 72.2 -2.8
    endloop
  endfacet
  facet normal 0 -0.707107 -0.707107
    outer loop
      vertex -16 72.2 23.6
      vertex 32.4 72.4 23.4
      vertex 32.4 72.2 23.6
    endloop
  endfacet
  facet normal -0 -0.707107 -0.707107
    outer loop
      vertex 32.4 72.4 23.4
      vertex -16 72.2 23.6
      vertex -16 72.4 23.4
    endloop
  endfacet
  facet normal 0.707107 -0 0.707107
    outer loop
      vertex -16 72.4 -2.2
      vertex -15.6 74 -2.6
      vertex -16 74 -2.2
    endloop
  endfacet
  facet normal 0.707107 0 0.707107
    outer loop
      vertex -15.6 74 -2.6
      vertex -16 72.4 -2.2
      vertex -15.6 72.4 -2.6
    endloop
  endfacet
  facet normal 0 -0.707107 -0.707107
    outer loop
      vertex -16 72.6 23.2
      vertex 32.4 72.8 23
      vertex 32.4 72.6 23.2
    endloop
  endfacet
  facet normal -0 -0.707107 -0.707107
    outer loop
      vertex 32.4 72.8 23
      vertex -16 72.6 23.2
      vertex -16 72.8 23
    endloop
  endfacet
  facet normal 0 -0.707107 -0.707107
    outer loop
      vertex -16 72.6 23.2
      vertex 32.4 72.4 23.4
      vertex -16 72.4 23.4
    endloop
  endfacet
  facet normal 0 -0.707107 -0.707107
    outer loop
      vertex 32.4 72.4 23.4
      vertex -16 72.6 23.2
      vertex 32.4 72.6 23.2
    endloop
  endfacet
  facet normal 0 -0.707107 -0.707107
    outer loop
      vertex -16 73.2 22.6
      vertex 32.4 73 22.8
      vertex -16 73 22.8
    endloop
  endfacet
  facet normal 0 -0.707107 -0.707107
    outer loop
      vertex 32.4 73 22.8
      vertex -16 73.2 22.6
      vertex 32.4 73.2 22.6
    endloop
  endfacet
  facet normal 0 -0.707107 -0.707107
    outer loop
      vertex -16 73 22.8
      vertex 32.4 72.8 23
      vertex -16 72.8 23
    endloop
  endfacet
  facet normal 0 -0.707107 -0.707107
    outer loop
      vertex 32.4 72.8 23
      vertex -16 73 22.8
      vertex 32.4 73 22.8
    endloop
  endfacet
  facet normal 0 -0.707107 -0.707107
    outer loop
      vertex -16 73.6 22.2
      vertex 32.4 73.4 22.4
      vertex -16 73.4 22.4
    endloop
  endfacet
  facet normal 0 -0.707107 -0.707107
    outer loop
      vertex 32.4 73.4 22.4
      vertex -16 73.6 22.2
      vertex 32.4 73.6 22.2
    endloop
  endfacet
  facet normal 0 -0.707107 -0.707107
    outer loop
      vertex -16 73.2 22.6
      vertex 32.4 73.4 22.4
      vertex 32.4 73.2 22.6
    endloop
  endfacet
  facet normal -0 -0.707107 -0.707107
    outer loop
      vertex 32.4 73.4 22.4
      vertex -16 73.2 22.6
      vertex -16 73.4 22.4
    endloop
  endfacet
  facet normal 0 -0.707107 -0.707107
    outer loop
      vertex -16 74 21.8
      vertex 32.4 73.8 22
      vertex -16 73.8 22
    endloop
  endfacet
  facet normal 0 -0.707107 -0.707107
    outer loop
      vertex 32.4 73.8 22
      vertex -16 74 21.8
      vertex 32.4 74 21.8
    endloop
  endfacet
  facet normal 0 -0.707107 -0.707107
    outer loop
      vertex -16 73.6 22.2
      vertex 32.4 73.8 22
      vertex 32.4 73.6 22.2
    endloop
  endfacet
  facet normal -0 -0.707107 -0.707107
    outer loop
      vertex 32.4 73.8 22
      vertex -16 73.6 22.2
      vertex -16 73.8 22
    endloop
  endfacet
  facet normal 0.57735 -0.57735 0.57735
    outer loop
      vertex -16 74 -2.2
      vertex -15.6 74.2 -2.4
      vertex -16 74.2 -2
    endloop
  endfacet
  facet normal 0.57735 -0.57735 0.57735
    outer loop
      vertex -15.6 74.2 -2.4
      vertex -16 74 -2.2
      vertex -15.6 74 -2.6
    endloop
  endfacet
  facet normal 0 -0.707107 -0.707107
    outer loop
      vertex -16 74.2 21.6
      vertex 32.4 74 21.8
      vertex -16 74 21.8
    endloop
  endfacet
  facet normal 0 -0.707107 -0.707107
    outer loop
      vertex 32.4 74 21.8
      vertex -16 74.2 21.6
      vertex 32.4 74.2 21.6
    endloop
  endfacet
  facet normal 0 -0.707107 0.707107
    outer loop
      vertex -15.6 72.4 -2.6
      vertex 0 72.2 -2.8
      vertex 0 72.4 -2.6
    endloop
  endfacet
  facet normal 0 -0.707107 0.707107
    outer loop
      vertex 0 72.2 -2.8
      vertex -15.6 72.4 -2.6
      vertex -15.6 72.2 -2.8
    endloop
  endfacet
  facet normal -0 0 1
    outer loop
      vertex -15.6 74 -2.6
      vertex 0 72.4 -2.6
      vertex 0 74 -2.6
    endloop
  endfacet
  facet normal 0 0 1
    outer loop
      vertex 0 72.4 -2.6
      vertex -15.6 74 -2.6
      vertex -15.6 72.4 -2.6
    endloop
  endfacet
  facet normal 0 -0.707107 0.707107
    outer loop
      vertex -15.6 74 -2.6
      vertex 0 74.2 -2.4
      vertex -15.6 74.2 -2.4
    endloop
  endfacet
  facet normal 0 -0.707107 0.707107
    outer loop
      vertex 0 74.2 -2.4
      vertex -15.6 74 -2.6
      vertex 0 74 -2.6
    endloop
  endfacet
  facet normal -0.57735 -0.57735 -0.57735
    outer loop
      vertex -2 72.4 11
      vertex -2 72.2 11.2
      vertex -2.2 72.4 11.2
    endloop
  endfacet
  facet normal -0.707107 -0.707107 0
    outer loop
      vertex -2 72.2 11.2
      vertex -2.2 72.4 12.8
      vertex -2.2 72.4 11.2
    endloop
  endfacet
  facet normal -0.707107 -0.707107 0
    outer loop
      vertex -2.2 72.4 12.8
      vertex -2 72.2 11.2
      vertex -2 72.2 12.8
    endloop
  endfacet
  facet normal -0.57735 -0.57735 0.57735
    outer loop
      vertex -2 72.2 12.8
      vertex -2 72.4 13
      vertex -2.2 72.4 12.8
    endloop
  endfacet
  facet normal -0.57735 -0.57735 -0.57735
    outer loop
      vertex -2 72.4 15.4
      vertex -2 72.2 15.6
      vertex -2.2 72.4 15.6
    endloop
  endfacet
  facet normal -0.707107 -0.707107 0
    outer loop
      vertex -2 72.2 15.6
      vertex -2.2 72.4 17.2
      vertex -2.2 72.4 15.6
    endloop
  endfacet
  facet normal -0.707107 -0.707107 0
    outer loop
      vertex -2.2 72.4 17.2
      vertex -2 72.2 15.6
      vertex -2 72.2 17.2
    endloop
  endfacet
  facet normal -0.57735 -0.57735 0.57735
    outer loop
      vertex -2 72.2 17.2
      vertex -2 72.4 17.4
      vertex -2.2 72.4 17.2
    endloop
  endfacet
  facet normal -0.707107 0 -0.707107
    outer loop
      vertex -2 72.4 11
      vertex -2.2 74 11.2
      vertex -2 74 11
    endloop
  endfacet
  facet normal -0.707107 -0 -0.707107
    outer loop
      vertex -2.2 74 11.2
      vertex -2 72.4 11
      vertex -2.2 72.4 11.2
    endloop
  endfacet
  facet normal -1 0 0
    outer loop
      vertex -2.2 74 11.2
      vertex -2.2 72.8 13.2
      vertex -2.2 74 13.2
    endloop
  endfacet
  facet normal -1 0 0
    outer loop
      vertex -2.2 72.4 12.8
      vertex -2.2 74 11.2
      vertex -2.2 72.4 11.2
    endloop
  endfacet
  facet normal -1 0 0
    outer loop
      vertex -2.2 74 11.2
      vertex -2.2 72.4 12.8
      vertex -2.2 72.8 13.2
    endloop
  endfacet
  facet normal -0.57735 -0.57735 0.57735
    outer loop
      vertex -2 72.4 13
      vertex -2 72.6 13.2
      vertex -2.2 72.4 12.8
    endloop
  endfacet
  facet normal -0.57735 -0.57735 0.57735
    outer loop
      vertex -2 72.6 13.2
      vertex -2.2 72.8 13.2
      vertex -2.2 72.4 12.8
    endloop
  endfacet
  facet normal -0.57735 -0.57735 0.57735
    outer loop
      vertex -2 72.6 13.2
      vertex -2 72.8 13.4
      vertex -2.2 72.8 13.2
    endloop
  endfacet
  facet normal -0.57735 -0.57735 -0.57735
    outer loop
      vertex -2 72.8 15
      vertex -2 72.6 15.2
      vertex -2.2 72.8 15.2
    endloop
  endfacet
  facet normal -0.57735 -0.57735 -0.57735
    outer loop
      vertex -2 72.6 15.2
      vertex -2 72.4 15.4
      vertex -2.2 72.8 15.2
    endloop
  endfacet
  facet normal -0.57735 -0.57735 -0.57735
    outer loop
      vertex -2.2 72.8 15.2
      vertex -2 72.4 15.4
      vertex -2.2 72.4 15.6
    endloop
  endfacet
  facet normal -1 0 0
    outer loop
      vertex -2.2 72.8 15.2
      vertex -2.2 74 17.2
      vertex -2.2 74 15.2
    endloop
  endfacet
  facet normal -1 0 0
    outer loop
      vertex -2.2 72.4 15.6
      vertex -2.2 74 17.2
      vertex -2.2 72.8 15.2
    endloop
  endfacet
  facet normal -1 -0 0
    outer loop
      vertex -2.2 74 17.2
      vertex -2.2 72.4 15.6
      vertex -2.2 72.4 17.2
    endloop
  endfacet
  facet normal -0.707107 0 0.707107
    outer loop
      vertex -2.2 74 17.2
      vertex -2 72.4 17.4
      vertex -2 74 17.4
    endloop
  endfacet
  facet normal -0.707107 0 0.707107
    outer loop
      vertex -2 72.4 17.4
      vertex -2.2 74 17.2
      vertex -2.2 72.4 17.2
    endloop
  endfacet
  facet normal -0.707107 0 0.707107
    outer loop
      vertex -2.2 72.8 13.2
      vertex -2 74 13.4
      vertex -2.2 74 13.2
    endloop
  endfacet
  facet normal -0.707107 0 0.707107
    outer loop
      vertex -2 74 13.4
      vertex -2.2 72.8 13.2
      vertex -2 72.8 13.4
    endloop
  endfacet
  facet normal -0.707107 0 -0.707107
    outer loop
      vertex -2 72.8 15
      vertex -2.2 74 15.2
      vertex -2 74 15
    endloop
  endfacet
  facet normal -0.707107 -0 -0.707107
    outer loop
      vertex -2.2 74 15.2
      vertex -2 72.8 15
      vertex -2.2 72.8 15.2
    endloop
  endfacet
  facet normal -0.57735 -0.57735 -0.57735
    outer loop
      vertex -2.4 74.2 11.2
      vertex -2 74 11
      vertex -2.2 74 11.2
    endloop
  endfacet
  facet normal -0.57735 -0.57735 -0.57735
    outer loop
      vertex -2 74 11
      vertex -2.4 74.2 11.2
      vertex -2 74.2 10.8
    endloop
  endfacet
  facet normal -0.707107 -0.707107 0
    outer loop
      vertex -2.4 74.2 11.2
      vertex -2.2 74 13.2
      vertex -2.4 74.2 13.2
    endloop
  endfacet
  facet normal -0.707107 -0.707107 -0
    outer loop
      vertex -2.2 74 13.2
      vertex -2.4 74.2 11.2
      vertex -2.2 74 11.2
    endloop
  endfacet
  facet normal -0.57735 -0.57735 0.57735
    outer loop
      vertex -2 74 13.4
      vertex -2 74.2 13.6
      vertex -2.2 74 13.2
    endloop
  endfacet
  facet normal -0.57735 -0.57735 0.57735
    outer loop
      vertex -2.2 74 13.2
      vertex -2 74.2 13.6
      vertex -2.4 74.2 13.2
    endloop
  endfacet
  facet normal -0.57735 -0.57735 -0.57735
    outer loop
      vertex -2.4 74.2 15.2
      vertex -2 74 15
      vertex -2.2 74 15.2
    endloop
  endfacet
  facet normal -0.57735 -0.57735 -0.57735
    outer loop
      vertex -2 74 15
      vertex -2.4 74.2 15.2
      vertex -2 74.2 14.8
    endloop
  endfacet
  facet normal -0.707107 -0.707107 0
    outer loop
      vertex -2.4 74.2 15.2
      vertex -2.2 74 17.2
      vertex -2.4 74.2 17.2
    endloop
  endfacet
  facet normal -0.707107 -0.707107 -0
    outer loop
      vertex -2.2 74 17.2
      vertex -2.4 74.2 15.2
      vertex -2.2 74 15.2
    endloop
  endfacet
  facet normal -0.57735 -0.57735 0.57735
    outer loop
      vertex -2 74 17.4
      vertex -2 74.2 17.6
      vertex -2.2 74 17.2
    endloop
  endfacet
  facet normal -0.57735 -0.57735 0.57735
    outer loop
      vertex -2.2 74 17.2
      vertex -2 74.2 17.6
      vertex -2.4 74.2 17.2
    endloop
  endfacet
  facet normal 0 -0.707107 -0.707107
    outer loop
      vertex -2 72.2 11.2
      vertex 0 72.4 11
      vertex 0 72.2 11.2
    endloop
  endfacet
  facet normal -0 -0.707107 -0.707107
    outer loop
      vertex 0 72.4 11
      vertex -2 72.2 11.2
      vertex -2 72.4 11
    endloop
  endfacet
  facet normal 0 -1 0
    outer loop
      vertex -2 72.2 11.2
      vertex 0 72.2 12.8
      vertex -2 72.2 12.8
    endloop
  endfacet
  facet normal 0 -1 -0
    outer loop
      vertex 0 72.2 12.8
      vertex -2 72.2 11.2
      vertex 0 72.2 11.2
    endloop
  endfacet
  facet normal 0 -0.707107 0.707107
    outer loop
      vertex -2 72.4 13
      vertex 0 72.2 12.8
      vertex 0 72.4 13
    endloop
  endfacet
  facet normal 0 -0.707107 0.707107
    outer loop
      vertex 0 72.2 12.8
      vertex -2 72.4 13
      vertex -2 72.2 12.8
    endloop
  endfacet
  facet normal 0 -0.707107 -0.707107
    outer loop
      vertex -2 72.2 15.6
      vertex 0 72.4 15.4
      vertex 0 72.2 15.6
    endloop
  endfacet
  facet normal -0 -0.707107 -0.707107
    outer loop
      vertex 0 72.4 15.4
      vertex -2 72.2 15.6
      vertex -2 72.4 15.4
    endloop
  endfacet
  facet normal 0 -1 0
    outer loop
      vertex -2 72.2 15.6
      vertex 0 72.2 17.2
      vertex -2 72.2 17.2
    endloop
  endfacet
  facet normal 0 -1 -0
    outer loop
      vertex 0 72.2 17.2
      vertex -2 72.2 15.6
      vertex 0 72.2 15.6
    endloop
  endfacet
  facet normal 0 -0.707107 0.707107
    outer loop
      vertex -2 72.4 17.4
      vertex 0 72.2 17.2
      vertex 0 72.4 17.4
    endloop
  endfacet
  facet normal 0 -0.707107 0.707107
    outer loop
      vertex 0 72.2 17.2
      vertex -2 72.4 17.4
      vertex -2 72.2 17.2
    endloop
  endfacet
  facet normal 0 0 -1
    outer loop
      vertex -2 72.4 11
      vertex 0 74 11
      vertex 0 72.4 11
    endloop
  endfacet
  facet normal -0 0 -1
    outer loop
      vertex 0 74 11
      vertex -2 72.4 11
      vertex -2 74 11
    endloop
  endfacet
  facet normal 0 -0.707107 0.707107
    outer loop
      vertex -2 72.4 13
      vertex 0 72.6 13.2
      vertex -2 72.6 13.2
    endloop
  endfacet
  facet normal 0 -0.707107 0.707107
    outer loop
      vertex 0 72.6 13.2
      vertex -2 72.4 13
      vertex 0 72.4 13
    endloop
  endfacet
  facet normal 0 -0.707107 0.707107
    outer loop
      vertex -2 72.8 13.4
      vertex 0 72.6 13.2
      vertex 0 72.8 13.4
    endloop
  endfacet
  facet normal 0 -0.707107 0.707107
    outer loop
      vertex 0 72.6 13.2
      vertex -2 72.8 13.4
      vertex -2 72.6 13.2
    endloop
  endfacet
  facet normal 0 -0.707107 -0.707107
    outer loop
      vertex -2 72.6 15.2
      vertex 0 72.8 15
      vertex 0 72.6 15.2
    endloop
  endfacet
  facet normal -0 -0.707107 -0.707107
    outer loop
      vertex 0 72.8 15
      vertex -2 72.6 15.2
      vertex -2 72.8 15
    endloop
  endfacet
  facet normal 0 -0.707107 -0.707107
    outer loop
      vertex -2 72.6 15.2
      vertex 0 72.4 15.4
      vertex -2 72.4 15.4
    endloop
  endfacet
  facet normal 0 -0.707107 -0.707107
    outer loop
      vertex 0 72.4 15.4
      vertex -2 72.6 15.2
      vertex 0 72.6 15.2
    endloop
  endfacet
  facet normal -0 0 1
    outer loop
      vertex -2 74 17.4
      vertex 0 72.4 17.4
      vertex 0 74 17.4
    endloop
  endfacet
  facet normal 0 0 1
    outer loop
      vertex 0 72.4 17.4
      vertex -2 74 17.4
      vertex -2 72.4 17.4
    endloop
  endfacet
  facet normal -0 0 1
    outer loop
      vertex -2 74 13.4
      vertex 0 72.8 13.4
      vertex 0 74 13.4
    endloop
  endfacet
  facet normal 0 0 1
    outer loop
      vertex 0 72.8 13.4
      vertex -2 74 13.4
      vertex -2 72.8 13.4
    endloop
  endfacet
  facet normal 0 0 -1
    outer loop
      vertex -2 72.8 15
      vertex 0 74 15
      vertex 0 72.8 15
    endloop
  endfacet
  facet normal -0 0 -1
    outer loop
      vertex 0 74 15
      vertex -2 72.8 15
      vertex -2 74 15
    endloop
  endfacet
  facet normal 0 -0.707107 -0.707107
    outer loop
      vertex -2 74.2 10.8
      vertex 0 74 11
      vertex -2 74 11
    endloop
  endfacet
  facet normal 0 -0.707107 -0.707107
    outer loop
      vertex 0 74 11
      vertex -2 74.2 10.8
      vertex 0 74.2 10.8
    endloop
  endfacet
  facet normal 0 -0.707107 0.707107
    outer loop
      vertex -2 74 13.4
      vertex 0 74.2 13.6
      vertex -2 74.2 13.6
    endloop
  endfacet
  facet normal 0 -0.707107 0.707107
    outer loop
      vertex 0 74.2 13.6
      vertex -2 74 13.4
      vertex 0 74 13.4
    endloop
  endfacet
  facet normal 0 -0.707107 -0.707107
    outer loop
      vertex -2 74.2 14.8
      vertex 0 74 15
      vertex -2 74 15
    endloop
  endfacet
  facet normal 0 -0.707107 -0.707107
    outer loop
      vertex 0 74 15
      vertex -2 74.2 14.8
      vertex 0 74.2 14.8
    endloop
  endfacet
  facet normal 0 -0.707107 0.707107
    outer loop
      vertex -2 74 17.4
      vertex 0 74.2 17.6
      vertex -2 74.2 17.6
    endloop
  endfacet
  facet normal 0 -0.707107 0.707107
    outer loop
      vertex 0 74.2 17.6
      vertex -2 74 17.4
      vertex 0 74 17.4
    endloop
  endfacet
  facet normal 0.57735 -0.57735 -0.57735
    outer loop
      vertex 0 72.4 -5
      vertex 0.2 72.4 -4.8
      vertex 0 72.2 -4.8
    endloop
  endfacet
  facet normal 0.707107 -0.707107 0
    outer loop
      vertex 0 72.2 -2.8
      vertex 0.2 72.4 -4.8
      vertex 0.2 72.4 -2.8
    endloop
  endfacet
  facet normal 0.707107 -0.707107 0
    outer loop
      vertex 0.2 72.4 -4.8
      vertex 0 72.2 -2.8
      vertex 0 72.2 -4.8
    endloop
  endfacet
  facet normal 0.57735 -0.57735 0.57735
    outer loop
      vertex 0.2 72.4 -2.8
      vertex 0 72.4 -2.6
      vertex 0 72.2 -2.8
    endloop
  endfacet
  facet normal 0.57735 -0.57735 -0.57735
    outer loop
      vertex 0 72.4 11
      vertex 0.2 72.4 11.2
      vertex 0 72.2 11.2
    endloop
  endfacet
  facet normal 0.707107 -0.707107 0
    outer loop
      vertex 0 72.2 12.8
      vertex 0.2 72.4 11.2
      vertex 0.2 72.4 12.8
    endloop
  endfacet
  facet normal 0.707107 -0.707107 0
    outer loop
      vertex 0.2 72.4 11.2
      vertex 0 72.2 12.8
      vertex 0 72.2 11.2
    endloop
  endfacet
  facet normal 0.57735 -0.57735 0.57735
    outer loop
      vertex 0.2 72.4 12.8
      vertex 0 72.4 13
      vertex 0 72.2 12.8
    endloop
  endfacet
  facet normal 0.57735 -0.57735 -0.57735
    outer loop
      vertex 0 72.4 15.4
      vertex 0.2 72.4 15.6
      vertex 0 72.2 15.6
    endloop
  endfacet
  facet normal 0.707107 -0.707107 0
    outer loop
      vertex 0 72.2 17.2
      vertex 0.2 72.4 15.6
      vertex 0.2 72.4 17.2
    endloop
  endfacet
  facet normal 0.707107 -0.707107 0
    outer loop
      vertex 0.2 72.4 15.6
      vertex 0 72.2 17.2
      vertex 0 72.2 15.6
    endloop
  endfacet
  facet normal 0.57735 -0.57735 0.57735
    outer loop
      vertex 0.2 72.4 17.2
      vertex 0 72.4 17.4
      vertex 0 72.2 17.2
    endloop
  endfacet
  facet normal 0.707107 0 -0.707107
    outer loop
      vertex 0.2 72.4 -4.8
      vertex 0 74 -5
      vertex 0.2 74 -4.8
    endloop
  endfacet
  facet normal 0.707107 0 -0.707107
    outer loop
      vertex 0 74 -5
      vertex 0.2 72.4 -4.8
      vertex 0 72.4 -5
    endloop
  endfacet
  facet normal 1 -0 0
    outer loop
      vertex 0.2 72.4 -2.8
      vertex 0.2 74 -4.8
      vertex 0.2 74 -2.8
    endloop
  endfacet
  facet normal 1 0 0
    outer loop
      vertex 0.2 74 -4.8
      vertex 0.2 72.4 -2.8
      vertex 0.2 72.4 -4.8
    endloop
  endfacet
  facet normal 0.707107 -0 0.707107
    outer loop
      vertex 0 72.4 -2.6
      vertex 0.2 74 -2.8
      vertex 0 74 -2.6
    endloop
  endfacet
  facet normal 0.707107 0 0.707107
    outer loop
      vertex 0.2 74 -2.8
      vertex 0 72.4 -2.6
      vertex 0.2 72.4 -2.8
    endloop
  endfacet
  facet normal 0.707107 0 -0.707107
    outer loop
      vertex 0.2 72.4 11.2
      vertex 0 74 11
      vertex 0.2 74 11.2
    endloop
  endfacet
  facet normal 0.707107 0 -0.707107
    outer loop
      vertex 0 74 11
      vertex 0.2 72.4 11.2
      vertex 0 72.4 11
    endloop
  endfacet
  facet normal 1 -0 0
    outer loop
      vertex 0.2 72.8 13.2
      vertex 0.2 74 11.2
      vertex 0.2 74 13.2
    endloop
  endfacet
  facet normal 1 -0 0
    outer loop
      vertex 0.2 72.4 12.8
      vertex 0.2 74 11.2
      vertex 0.2 72.8 13.2
    endloop
  endfacet
  facet normal 1 0 0
    outer loop
      vertex 0.2 74 11.2
      vertex 0.2 72.4 12.8
      vertex 0.2 72.4 11.2
    endloop
  endfacet
  facet normal 0.57735 -0.57735 0.57735
    outer loop
      vertex 0.2 72.8 13.2
      vertex 0 72.6 13.2
      vertex 0 72.4 13
    endloop
  endfacet
  facet normal 0.57735 -0.57735 0.57735
    outer loop
      vertex 0.2 72.4 12.8
      vertex 0.2 72.8 13.2
      vertex 0 72.4 13
    endloop
  endfacet
  facet normal 0.57735 -0.57735 0.57735
    outer loop
      vertex 0.2 72.8 13.2
      vertex 0 72.8 13.4
      vertex 0 72.6 13.2
    endloop
  endfacet
  facet normal 0.57735 -0.57735 -0.57735
    outer loop
      vertex 0 72.8 15
      vertex 0.2 72.8 15.2
      vertex 0 72.6 15.2
    endloop
  endfacet
  facet normal 0.57735 -0.57735 -0.57735
    outer loop
      vertex 0 72.6 15.2
      vertex 0.2 72.4 15.6
      vertex 0 72.4 15.4
    endloop
  endfacet
  facet normal 0.57735 -0.57735 -0.57735
    outer loop
      vertex 0.2 72.8 15.2
      vertex 0.2 72.4 15.6
      vertex 0 72.6 15.2
    endloop
  endfacet
  facet normal 1 0 0
    outer loop
      vertex 0.2 74 17.2
      vertex 0.2 72.8 15.2
      vertex 0.2 74 15.2
    endloop
  endfacet
  facet normal 1 0 0
    outer loop
      vertex 0.2 72.4 15.6
      vertex 0.2 74 17.2
      vertex 0.2 72.4 17.2
    endloop
  endfacet
  facet normal 1 0 0
    outer loop
      vertex 0.2 74 17.2
      vertex 0.2 72.4 15.6
      vertex 0.2 72.8 15.2
    endloop
  endfacet
  facet normal 0.707107 0 0.707107
    outer loop
      vertex 0 74 17.4
      vertex 0.2 72.4 17.2
      vertex 0.2 74 17.2
    endloop
  endfacet
  facet normal 0.707107 0 0.707107
    outer loop
      vertex 0.2 72.4 17.2
      vertex 0 74 17.4
      vertex 0 72.4 17.4
    endloop
  endfacet
  facet normal 0.707107 -0 0.707107
    outer loop
      vertex 0 72.8 13.4
      vertex 0.2 74 13.2
      vertex 0 74 13.4
    endloop
  endfacet
  facet normal 0.707107 0 0.707107
    outer loop
      vertex 0.2 74 13.2
      vertex 0 72.8 13.4
      vertex 0.2 72.8 13.2
    endloop
  endfacet
  facet normal 0.707107 0 -0.707107
    outer loop
      vertex 0.2 72.8 15.2
      vertex 0 74 15
      vertex 0.2 74 15.2
    endloop
  endfacet
  facet normal 0.707107 0 -0.707107
    outer loop
      vertex 0 74 15
      vertex 0.2 72.8 15.2
      vertex 0 72.8 15
    endloop
  endfacet
  facet normal 0.57735 -0.57735 -0.57735
    outer loop
      vertex 0 74 -5
      vertex 0.4 74.2 -4.8
      vertex 0.2 74 -4.8
    endloop
  endfacet
  facet normal 0.57735 -0.57735 -0.57735
    outer loop
      vertex 0.4 74.2 -4.8
      vertex 0 74 -5
      vertex 0 74.2 -5.2
    endloop
  endfacet
  facet normal 0.707107 -0.707107 0
    outer loop
      vertex 0.2 74 -4.8
      vertex 0.4 74.2 -2.8
      vertex 0.2 74 -2.8
    endloop
  endfacet
  facet normal 0.707107 -0.707107 0
    outer loop
      vertex 0.4 74.2 -2.8
      vertex 0.2 74 -4.8
      vertex 0.4 74.2 -4.8
    endloop
  endfacet
  facet normal 0.57735 -0.57735 0.57735
    outer loop
      vertex 0.2 74 -2.8
      vertex 0 74.2 -2.4
      vertex 0 74 -2.6
    endloop
  endfacet
  facet normal 0.57735 -0.57735 0.57735
    outer loop
      vertex 0 74.2 -2.4
      vertex 0.2 74 -2.8
      vertex 0.4 74.2 -2.8
    endloop
  endfacet
  facet normal 0.57735 -0.57735 -0.57735
    outer loop
      vertex 0 74 11
      vertex 0.4 74.2 11.2
      vertex 0.2 74 11.2
    endloop
  endfacet
  facet normal 0.57735 -0.57735 -0.57735
    outer loop
      vertex 0.4 74.2 11.2
      vertex 0 74 11
      vertex 0 74.2 10.8
    endloop
  endfacet
  facet normal 0.707107 -0.707107 0
    outer loop
      vertex 0.2 74 11.2
      vertex 0.4 74.2 13.2
      vertex 0.2 74 13.2
    endloop
  endfacet
  facet normal 0.707107 -0.707107 0
    outer loop
      vertex 0.4 74.2 13.2
      vertex 0.2 74 11.2
      vertex 0.4 74.2 11.2
    endloop
  endfacet
  facet normal 0.57735 -0.57735 0.57735
    outer loop
      vertex 0.2 74 13.2
      vertex 0.4 74.2 13.2
      vertex 0 74 13.4
    endloop
  endfacet
  facet normal 0.57735 -0.57735 0.57735
    outer loop
      vertex 0.4 74.2 13.2
      vertex 0 74.2 13.6
      vertex 0 74 13.4
    endloop
  endfacet
  facet normal 0.57735 -0.57735 -0.57735
    outer loop
      vertex 0 74 15
      vertex 0.4 74.2 15.2
      vertex 0.2 74 15.2
    endloop
  endfacet
  facet normal 0.57735 -0.57735 -0.57735
    outer loop
      vertex 0.4 74.2 15.2
      vertex 0 74 15
      vertex 0 74.2 14.8
    endloop
  endfacet
  facet normal 0.707107 -0.707107 0
    outer loop
      vertex 0.2 74 15.2
      vertex 0.4 74.2 17.2
      vertex 0.2 74 17.2
    endloop
  endfacet
  facet normal 0.707107 -0.707107 0
    outer loop
      vertex 0.4 74.2 17.2
      vertex 0.2 74 15.2
      vertex 0.4 74.2 15.2
    endloop
  endfacet
  facet normal 0.57735 -0.57735 0.57735
    outer loop
      vertex 0.2 74 17.2
      vertex 0.4 74.2 17.2
      vertex 0 74 17.4
    endloop
  endfacet
  facet normal 0.57735 -0.57735 0.57735
    outer loop
      vertex 0.4 74.2 17.2
      vertex 0 74.2 17.6
      vertex 0 74 17.4
    endloop
  endfacet
  facet normal 0.57735 0.57735 0.57735
    outer loop
      vertex 6 76.2 -3.2
      vertex 6 76.4 -3.4
      vertex 5.8 76.4 -3.2
    endloop
  endfacet
  facet normal 0.707107 0.707107 0
    outer loop
      vertex 6 76.2 -1.2
      vertex 5.8 76.4 -3.2
      vertex 5.8 76.4 -1.2
    endloop
  endfacet
  facet normal 0.707107 0.707107 0
    outer loop
      vertex 5.8 76.4 -3.2
      vertex 6 76.2 -1.2
      vertex 6 76.2 -3.2
    endloop
  endfacet
  facet normal 0.57735 0.57735 -0.57735
    outer loop
      vertex 6 76.4 -1
      vertex 6 76.2 -1.2
      vertex 5.8 76.4 -1.2
    endloop
  endfacet
  facet normal 0.57735 0.57735 0.57735
    outer loop
      vertex 5.8 76.4 -3.2
      vertex 6 76.4 -3.4
      vertex 5.6 76.6 -3.2
    endloop
  endfacet
  facet normal 0.57735 0.57735 0.57735
    outer loop
      vertex 6 76.4 -3.4
      vertex 6 76.6 -3.6
      vertex 5.6 76.6 -3.2
    endloop
  endfacet
  facet normal 0.707107 0.707107 -0
    outer loop
      vertex 5.8 76.4 -3.2
      vertex 5.6 76.6 -1.2
      vertex 5.8 76.4 -1.2
    endloop
  endfacet
  facet normal 0.707107 0.707107 0
    outer loop
      vertex 5.6 76.6 -1.2
      vertex 5.8 76.4 -3.2
      vertex 5.6 76.6 -3.2
    endloop
  endfacet
  facet normal 0.577349 0.577352 -0.577349
    outer loop
      vertex 5.8 76.4 -1.2
      vertex 6 76.6 -0.799999
      vertex 6 76.4 -1
    endloop
  endfacet
  facet normal 0.577351 0.577351 -0.577349
    outer loop
      vertex 6 76.6 -0.799999
      vertex 5.8 76.4 -1.2
      vertex 5.6 76.6 -1.2
    endloop
  endfacet
  facet normal 0.57735 0.57735 0.57735
    outer loop
      vertex 6.4 75.8 -3.2
      vertex 6.4 76 -3.4
      vertex 6.2 76 -3.2
    endloop
  endfacet
  facet normal 0.57735 0.57735 0.57735
    outer loop
      vertex 6.4 76.2 -4
      vertex 6.4 76.4 -4.2
      vertex 6.2 76.4 -4
    endloop
  endfacet
  facet normal 0.707107 0.707107 0
    outer loop
      vertex 6.4 76.2 -3.6
      vertex 6.2 76.4 -4
      vertex 6.2 76.4 -3.6
    endloop
  endfacet
  facet normal 0.707107 0.707107 0
    outer loop
      vertex 6.2 76.4 -4
      vertex 6.4 76.2 -3.6
      vertex 6.4 76.2 -4
    endloop
  endfacet
  facet normal 0.57735 0.57735 0.57735
    outer loop
      vertex 6.4 76 -3.4
      vertex 6.4 76.2 -3.6
      vertex 6.2 76.4 -3.6
    endloop
  endfacet
  facet normal 0.57735 0.57735 0.57735
    outer loop
      vertex 6.4 76 -3.4
      vertex 6 76.4 -3.4
      vertex 6.2 76 -3.2
    endloop
  endfacet
  facet normal 0.57735 0.57735 0.57735
    outer loop
      vertex 6 76.4 -3.4
      vertex 6.4 76 -3.4
      vertex 6.2 76.4 -3.6
    endloop
  endfacet
  facet normal 0.57735 0.57735 0.57735
    outer loop
      vertex 6.2 76 -3.2
      vertex 6 76.4 -3.4
      vertex 6 76.2 -3.2
    endloop
  endfacet
  facet normal 0.707107 0.707107 -0
    outer loop
      vertex 6.4 75.8 -1.6
      vertex 6 76.2 -1.2
      vertex 6.4 75.8 -1.2
    endloop
  endfacet
  facet normal 0.707107 0.707107 0
    outer loop
      vertex 6.2 76 -3.2
      vertex 6.4 75.8 -1.6
      vertex 6.4 75.8 -3.2
    endloop
  endfacet
  facet normal 0.707107 0.707107 0
    outer loop
      vertex 6 76.2 -3.2
      vertex 6.4 75.8 -1.6
      vertex 6.2 76 -3.2
    endloop
  endfacet
  facet normal 0.707107 0.707107 0
    outer loop
      vertex 6.4 75.8 -1.6
      vertex 6 76.2 -3.2
      vertex 6 76.2 -1.2
    endloop
  endfacet
  facet normal 0.577351 0.577351 -0.577348
    outer loop
      vertex 6.2 76.4 -0.799999
      vertex 6.4 76.2 -0.799999
      vertex 6 76.4 -1
    endloop
  endfacet
  facet normal 0.577351 0.57735 -0.57735
    outer loop
      vertex 6 76.4 -1
      vertex 6.4 76.2 -0.799999
      vertex 6 76.2 -1.2
    endloop
  endfacet
  facet normal 0.57735 0.577352 -0.577349
    outer loop
      vertex 6.4 76.2 -0.799999
      vertex 6.4 76 -1
      vertex 6 76.2 -1.2
    endloop
  endfacet
  facet normal 0.577351 0.57735 -0.57735
    outer loop
      vertex 6.4 75.8 -1.2
      vertex 6.4 76 -1
      vertex 6.8 75.8 -0.799999
    endloop
  endfacet
  facet normal 0.57735 0.57735 -0.57735
    outer loop
      vertex 6.4 76 -1
      vertex 6.4 75.8 -1.2
      vertex 6 76.2 -1.2
    endloop
  endfacet
  facet normal 0.57735 0.57735 -0.57735
    outer loop
      vertex 6.4 76.4 -0.599999
      vertex 6.4 76.2 -0.799999
      vertex 6.2 76.4 -0.799999
    endloop
  endfacet
  facet normal 0.57735 0.57735 0.57735
    outer loop
      vertex 6.4 76.4 -4.2
      vertex 6 76.6 -4
      vertex 6.2 76.4 -4
    endloop
  endfacet
  facet normal 0.57735 0.57735 0.57735
    outer loop
      vertex 6 76.6 -4
      vertex 6.4 76.4 -4.2
      vertex 6.4 76.6 -4.4
    endloop
  endfacet
  facet normal 0.707107 0.707107 -0
    outer loop
      vertex 6.2 76.4 -4
      vertex 6 76.6 -3.6
      vertex 6.2 76.4 -3.6
    endloop
  endfacet
  facet normal 0.707107 0.707107 0
    outer loop
      vertex 6 76.6 -3.6
      vertex 6.2 76.4 -4
      vertex 6 76.6 -4
    endloop
  endfacet
  facet normal 0.57735 0.57735 0.57735
    outer loop
      vertex 6.2 76.4 -3.6
      vertex 6 76.6 -3.6
      vertex 6 76.4 -3.4
    endloop
  endfacet
  facet normal 0.577351 0.577351 -0.577348
    outer loop
      vertex 6 76.6 -0.799999
      vertex 6.2 76.4 -0.799999
      vertex 6 76.4 -1
    endloop
  endfacet
  facet normal 0.577349 0.577349 -0.577352
    outer loop
      vertex 6.4 76.4 -0.599999
      vertex 6.4 76.6 -0.4
      vertex 6.6 76.4 -0.4
    endloop
  endfacet
  facet normal 0.577351 0.577348 -0.577351
    outer loop
      vertex 6.2 76.4 -0.799999
      vertex 6.4 76.6 -0.4
      vertex 6.4 76.4 -0.599999
    endloop
  endfacet
  facet normal 0.57735 0.57735 -0.577351
    outer loop
      vertex 6.4 76.6 -0.4
      vertex 6.2 76.4 -0.799999
      vertex 6 76.6 -0.799999
    endloop
  endfacet
  facet normal 0.57735 0.57735 0.57735
    outer loop
      vertex 6.8 75.4 -3.2
      vertex 6.8 75.6 -3.4
      vertex 6.6 75.6 -3.2
    endloop
  endfacet
  facet normal 0.707107 0.707107 -0
    outer loop
      vertex 6.8 75.4 -2.8
      vertex 6.6 75.6 -1.6
      vertex 6.8 75.4 -1.6
    endloop
  endfacet
  facet normal 0.707107 0.707107 0
    outer loop
      vertex 6.6 75.6 -3.2
      vertex 6.8 75.4 -2.8
      vertex 6.8 75.4 -3.2
    endloop
  endfacet
  facet normal 0.707107 0.707107 0
    outer loop
      vertex 6.8 75.4 -2.8
      vertex 6.6 75.6 -3.2
      vertex 6.6 75.6 -1.6
    endloop
  endfacet
  facet normal 0.57735 0.57735 -0.57735
    outer loop
      vertex 6.8 75.6 -1.4
      vertex 6.8 75.4 -1.6
      vertex 6.6 75.6 -1.6
    endloop
  endfacet
  facet normal 0.57735 0.57735 0.57735
    outer loop
      vertex 6.8 75.8 -3.6
      vertex 6.8 76 -3.8
      vertex 6.6 76 -3.6
    endloop
  endfacet
  facet normal 0.57735 0.57735 0.57735
    outer loop
      vertex 6.8 75.6 -3.4
      vertex 6.8 75.8 -3.6
      vertex 6.6 76 -3.6
    endloop
  endfacet
  facet normal 0.57735 0.57735 0.57735
    outer loop
      vertex 6.8 75.6 -3.4
      vertex 6.6 76 -3.6
      vertex 6.6 75.6 -3.2
    endloop
  endfacet
  facet normal 0.57735 0.57735 0.57735
    outer loop
      vertex 6.6 75.6 -3.2
      vertex 6.6 76 -3.6
      vertex 6.4 76 -3.4
    endloop
  endfacet
  facet normal 0.57735 0.57735 0.57735
    outer loop
      vertex 6.6 75.6 -3.2
      vertex 6.4 76 -3.4
      vertex 6.4 75.8 -3.2
    endloop
  endfacet
  facet normal 0.707107 0.707107 0
    outer loop
      vertex 6.6 75.6 -1.6
      vertex 6.4 75.8 -3.2
      vertex 6.4 75.8 -1.6
    endloop
  endfacet
  facet normal 0.707107 0.707107 0
    outer loop
      vertex 6.4 75.8 -3.2
      vertex 6.6 75.6 -1.6
      vertex 6.6 75.6 -3.2
    endloop
  endfacet
  facet normal 0.57735 0.57735 -0.57735
    outer loop
      vertex 6.8 75.8 -1.2
      vertex 6.8 75.6 -1.4
      vertex 6.6 75.6 -1.6
    endloop
  endfacet
  facet normal 0.57735 0.57735 -0.57735
    outer loop
      vertex 6.8 75.8 -1.2
      vertex 6.6 75.6 -1.6
      vertex 6.4 75.8 -1.6
    endloop
  endfacet
  facet normal 0 1 0
    outer loop
      vertex 7.2 75.8 -0.799999
      vertex 7.2 75.8 -0.4
      vertex 7.6 75.8 -0.4
    endloop
  endfacet
  facet normal 0 1 -0
    outer loop
      vertex 7.2 75.8 -0.799999
      vertex 6.8 75.8 -0.799999
      vertex 7.2 75.8 -0.4
    endloop
  endfacet
  facet normal 0 1 0
    outer loop
      vertex 6.8 75.8 -1.2
      vertex 6.8 75.8 -0.799999
      vertex 7.2 75.8 -0.799999
    endloop
  endfacet
  facet normal 0 1 -0
    outer loop
      vertex 6.8 75.8 -1.2
      vertex 6.4 75.8 -1.2
      vertex 6.8 75.8 -0.799999
    endloop
  endfacet
  facet normal -0 1 0
    outer loop
      vertex 6.4 75.8 -1.2
      vertex 6.8 75.8 -1.2
      vertex 6.4 75.8 -1.6
    endloop
  endfacet
  facet normal 0.577351 0.577351 -0.577348
    outer loop
      vertex 6.6 76 -0.799999
      vertex 6.8 75.8 -0.799999
      vertex 6.4 76 -1
    endloop
  endfacet
  facet normal 0.57735 0.57735 -0.57735
    outer loop
      vertex 6.8 76 -0.599999
      vertex 6.8 75.8 -0.799999
      vertex 6.6 76 -0.799999
    endloop
  endfacet
  facet normal -0 0.707107 0.707107
    outer loop
      vertex 6.4 76.4 -4.2
      vertex 6.8 76.2 -4
      vertex 6.8 76.4 -4.2
    endloop
  endfacet
  facet normal 0 0.707107 0.707107
    outer loop
      vertex 6.8 76.2 -4
      vertex 6.4 76.4 -4.2
      vertex 6.4 76.2 -4
    endloop
  endfacet
  facet normal 0.57735 0.57735 0.57735
    outer loop
      vertex 6.6 76 -3.6
      vertex 6.8 76 -3.8
      vertex 6.4 76.2 -3.6
    endloop
  endfacet
  facet normal 0.57735 0.57735 0.57735
    outer loop
      vertex 6.8 76 -3.8
      vertex 6.8 76.2 -4
      vertex 6.4 76.2 -3.6
    endloop
  endfacet
  facet normal 0 1 0
    outer loop
      vertex 6.4 76.2 -3.6
      vertex 6.8 76.2 -4
      vertex 6.4 76.2 -4
    endloop
  endfacet
  facet normal 0.57735 0.57735 0.57735
    outer loop
      vertex 6.6 76 -3.6
      vertex 6.4 76.2 -3.6
      vertex 6.4 76 -3.4
    endloop
  endfacet
  facet normal 0.577351 0.577351 -0.577348
    outer loop
      vertex 6.4 76.2 -0.799999
      vertex 6.6 76 -0.799999
      vertex 6.4 76 -1
    endloop
  endfacet
  facet normal 0.577349 0.577349 -0.577352
    outer loop
      vertex 6.6 76.4 -0.4
      vertex 6.8 76.2 -0.4
      vertex 6.4 76.4 -0.599999
    endloop
  endfacet
  facet normal 0.577349 0.577351 -0.577351
    outer loop
      vertex 6.4 76.4 -0.599999
      vertex 6.8 76.2 -0.4
      vertex 6.4 76.2 -0.799999
    endloop
  endfacet
  facet normal 0.57735 0.577349 -0.577352
    outer loop
      vertex 6.8 76.2 -0.4
      vertex 6.8 76 -0.599999
      vertex 6.4 76.2 -0.799999
    endloop
  endfacet
  facet normal 0.57735 0.57735 -0.57735
    outer loop
      vertex 6.8 76 -0.599999
      vertex 6.6 76 -0.799999
      vertex 6.4 76.2 -0.799999
    endloop
  endfacet
  facet normal 0.57735 0.57735 -0.57735
    outer loop
      vertex 6.8 76.4 -0.2
      vertex 6.8 76.2 -0.4
      vertex 6.6 76.4 -0.4
    endloop
  endfacet
  facet normal 0 0.707107 0.707107
    outer loop
      vertex 6.8 76.6 -4.4
      vertex 6.4 76.4 -4.2
      vertex 6.8 76.4 -4.2
    endloop
  endfacet
  facet normal 0 0.707107 0.707107
    outer loop
      vertex 6.4 76.4 -4.2
      vertex 6.8 76.6 -4.4
      vertex 6.4 76.6 -4.4
    endloop
  endfacet
  facet normal 0.57735 0.57735 -0.57735
    outer loop
      vertex 6.8 76.6 0
      vertex 6.8 76.4 -0.2
      vertex 6.6 76.4 -0.4
    endloop
  endfacet
  facet normal 0.57735 0.57735 -0.57735
    outer loop
      vertex 6.8 76.6 0
      vertex 6.6 76.4 -0.4
      vertex 6.4 76.6 -0.4
    endloop
  endfacet
  facet normal 0.57735 -0.57735 0.57735
    outer loop
      vertex 7.2 74.2 -3.2
      vertex 7.2 74.4 -3
      vertex 7 74.4 -2.8
    endloop
  endfacet
  facet normal 0.57735 -0.57735 0.57735
    outer loop
      vertex 7.2 74.2 -3.2
      vertex 7 74.4 -2.8
      vertex 6.8 74.2 -2.8
    endloop
  endfacet
  facet normal 0.707107 -0.707107 0
    outer loop
      vertex 6.8 74.2 -1.6
      vertex 7 74.4 -2.8
      vertex 7 74.4 -1.6
    endloop
  endfacet
  facet normal 0.707107 -0.707107 0
    outer loop
      vertex 7 74.4 -2.8
      vertex 6.8 74.2 -1.6
      vertex 6.8 74.2 -2.8
    endloop
  endfacet
  facet normal 0.57735 -0.57735 -0.57735
    outer loop
      vertex 7.2 74.2 -1.2
      vertex 7 74.4 -1.6
      vertex 7.6 74.4 -1
    endloop
  endfacet
  facet normal 0.57735 -0.57735 -0.57735
    outer loop
      vertex 7 74.4 -1.6
      vertex 7.2 74.2 -1.2
      vertex 6.8 74.2 -1.6
    endloop
  endfacet
  facet normal 0.707107 -0 0.707107
    outer loop
      vertex 7 74.4 -2.8
      vertex 7.2 75.2 -3
      vertex 7 75.2 -2.8
    endloop
  endfacet
  facet normal 0.707107 0 0.707107
    outer loop
      vertex 7.2 75.2 -3
      vertex 7 74.4 -2.8
      vertex 7.2 74.4 -3
    endloop
  endfacet
  facet normal 1 -0 0
    outer loop
      vertex 7 74.4 -1.6
      vertex 7 75.2 -2.8
      vertex 7 75.2 -1.6
    endloop
  endfacet
  facet normal 1 0 0
    outer loop
      vertex 7 75.2 -2.8
      vertex 7 74.4 -1.6
      vertex 7 74.4 -2.8
    endloop
  endfacet
  facet normal 0.707107 0 -0.707107
    outer loop
      vertex 7.6 74.4 -1
      vertex 7 75.2 -1.6
      vertex 7.6 75.2 -1
    endloop
  endfacet
  facet normal 0.707107 0 -0.707107
    outer loop
      vertex 7 75.2 -1.6
      vertex 7.6 74.4 -1
      vertex 7 74.4 -1.6
    endloop
  endfacet
  facet normal 0.57735 0.57735 0.57735
    outer loop
      vertex 7.2 75.4 -3.6
      vertex 6.8 75.6 -3.4
      vertex 6.8 75.4 -3.2
    endloop
  endfacet
  facet normal 0.57735 0.57735 0.57735
    outer loop
      vertex 7.2 75.4 -3.6
      vertex 7 75.6 -3.6
      vertex 6.8 75.6 -3.4
    endloop
  endfacet
  facet normal 0.57735 0.57735 0.57735
    outer loop
      vertex 7 75.6 -3.6
      vertex 7.2 75.4 -3.6
      vertex 7.2 75.6 -3.8
    endloop
  endfacet
  facet normal 0.57735 0.57735 0.57735
    outer loop
      vertex 7 75.2 -2.8
      vertex 7.2 75.2 -3
      vertex 6.8 75.4 -2.8
    endloop
  endfacet
  facet normal 0.57735 0.57735 0.57735
    outer loop
      vertex 7.2 75.2 -3
      vertex 7.2 75.4 -3.2
      vertex 6.8 75.4 -2.8
    endloop
  endfacet
  facet normal 0 1 0
    outer loop
      vertex 7.2 75.4 -3.2
      vertex 6.8 75.4 -3.2
      vertex 6.8 75.4 -2.8
    endloop
  endfacet
  facet normal 0 1 0
    outer loop
      vertex 7.2 75.4 -3.6
      vertex 7.2 75.4 -3.2
      vertex 7.6 75.4 -3.6
    endloop
  endfacet
  facet normal 0 1 0
    outer loop
      vertex 7.2 75.4 -3.2
      vertex 7.2 75.4 -3.6
      vertex 6.8 75.4 -3.2
    endloop
  endfacet
  facet normal 0.707107 0.707107 0
    outer loop
      vertex 7 75.2 -1.6
      vertex 6.8 75.4 -2.8
      vertex 6.8 75.4 -1.6
    endloop
  endfacet
  facet normal 0.707107 0.707107 0
    outer loop
      vertex 6.8 75.4 -2.8
      vertex 7 75.2 -1.6
      vertex 7 75.2 -2.8
    endloop
  endfacet
  facet normal 0.57735 0.57735 -0.57735
    outer loop
      vertex 7.2 75.4 -1.2
      vertex 7 75.6 -1.2
      vertex 7.2 75.6 -1
    endloop
  endfacet
  facet normal 0.57735 0.57735 -0.57735
    outer loop
      vertex 7.2 75.4 -1.2
      vertex 6.8 75.6 -1.4
      vertex 7 75.6 -1.2
    endloop
  endfacet
  facet normal 0.57735 0.57735 -0.57735
    outer loop
      vertex 6.8 75.6 -1.4
      vertex 7.2 75.4 -1.2
      vertex 6.8 75.4 -1.6
    endloop
  endfacet
  facet normal 0.57735 0.57735 -0.57735
    outer loop
      vertex 7 75.2 -1.6
      vertex 7.2 75.4 -1.2
      vertex 7.6 75.2 -1
    endloop
  endfacet
  facet normal 0.57735 0.57735 -0.57735
    outer loop
      vertex 7.2 75.4 -1.2
      vertex 7 75.2 -1.6
      vertex 6.8 75.4 -1.6
    endloop
  endfacet
  facet normal 0.57735 0.57735 0.57735
    outer loop
      vertex 7.2 75.8 -4
      vertex 7.2 76 -4.2
      vertex 7 76 -4
    endloop
  endfacet
  facet normal 0.57735 0.57735 0.57735
    outer loop
      vertex 7.2 75.6 -3.8
      vertex 7.2 75.8 -4
      vertex 7 76 -4
    endloop
  endfacet
  facet normal 0.57735 0.57735 0.57735
    outer loop
      vertex 7.2 75.6 -3.8
      vertex 7 76 -4
      vertex 7 75.6 -3.6
    endloop
  endfacet
  facet normal 0.57735 0.57735 0.57735
    outer loop
      vertex 7 75.6 -3.6
      vertex 7 76 -4
      vertex 6.8 76 -3.8
    endloop
  endfacet
  facet normal 0.57735 0.57735 0.57735
    outer loop
      vertex 7 75.6 -3.6
      vertex 6.8 76 -3.8
      vertex 6.8 75.8 -3.6
    endloop
  endfacet
  facet normal 0.57735 0.57735 0.57735
    outer loop
      vertex 7 75.6 -3.6
      vertex 6.8 75.8 -3.6
      vertex 6.8 75.6 -3.4
    endloop
  endfacet
  facet normal 0.57735 0.57735 -0.57735
    outer loop
      vertex 6.8 75.8 -1.2
      vertex 7 75.6 -1.2
      vertex 6.8 75.6 -1.4
    endloop
  endfacet
  facet normal 0.577349 0.577352 -0.577349
    outer loop
      vertex 7.2 75.8 -0.799999
      vertex 7.2 75.6 -1
      vertex 7 75.6 -1.2
    endloop
  endfacet
  facet normal 0.577351 0.577351 -0.577349
    outer loop
      vertex 7.2 75.8 -0.799999
      vertex 7 75.6 -1.2
      vertex 6.8 75.8 -1.2
    endloop
  endfacet
  facet normal 0.57735 0.57735 -0.57735
    outer loop
      vertex 7.2 75.8 -0.4
      vertex 6.8 76.2 -0.4
      vertex 7.2 76.2 0
    endloop
  endfacet
  facet normal 0.577349 0.577349 -0.577352
    outer loop
      vertex 7.2 75.8 -0.4
      vertex 6.8 76 -0.599999
      vertex 6.8 76.2 -0.4
    endloop
  endfacet
  facet normal 0.577349 0.577351 -0.577351
    outer loop
      vertex 6.8 76 -0.599999
      vertex 7.2 75.8 -0.4
      vertex 6.8 75.8 -0.799999
    endloop
  endfacet
  facet normal 0.57735 0.57735 0.57735
    outer loop
      vertex 7.2 76.2 -4.4
      vertex 7.2 76.4 -4.6
      vertex 7 76.4 -4.4
    endloop
  endfacet
  facet normal 0.57735 0.57735 0.57735
    outer loop
      vertex 7.2 76 -4.2
      vertex 7.2 76.2 -4.4
      vertex 7 76.4 -4.4
    endloop
  endfacet
  facet normal 0.57735 0.57735 0.57735
    outer loop
      vertex 7.2 76 -4.2
      vertex 6.8 76.4 -4.2
      vertex 7 76 -4
    endloop
  endfacet
  facet normal 0.57735 0.57735 0.57735
    outer loop
      vertex 6.8 76.4 -4.2
      vertex 7.2 76 -4.2
      vertex 7 76.4 -4.4
    endloop
  endfacet
  facet normal 0.57735 0.57735 0.57735
    outer loop
      vertex 7 76 -4
      vertex 6.8 76.4 -4.2
      vertex 6.8 76.2 -4
    endloop
  endfacet
  facet normal 0.57735 0.57735 0.57735
    outer loop
      vertex 7 76 -4
      vertex 6.8 76.2 -4
      vertex 6.8 76 -3.8
    endloop
  endfacet
  facet normal 0.57735 0.57735 -0.57735
    outer loop
      vertex 7.2 76.2 0
      vertex 6.8 76.4 -0.2
      vertex 7.2 76.4 0.2
    endloop
  endfacet
  facet normal 0.57735 0.57735 -0.57735
    outer loop
      vertex 6.8 76.4 -0.2
      vertex 7.2 76.2 0
      vertex 6.8 76.2 -0.4
    endloop
  endfacet
  facet normal 0.57735 0.57735 0.57735
    outer loop
      vertex 7.2 76.4 -4.6
      vertex 7.2 76.6 -4.8
      vertex 6.8 76.6 -4.4
    endloop
  endfacet
  facet normal 0.57735 0.57735 0.57735
    outer loop
      vertex 7 76.4 -4.4
      vertex 6.8 76.6 -4.4
      vertex 6.8 76.4 -4.2
    endloop
  endfacet
  facet normal 0.57735 0.57735 0.57735
    outer loop
      vertex 6.8 76.6 -4.4
      vertex 7 76.4 -4.4
      vertex 7.2 76.4 -4.6
    endloop
  endfacet
  facet normal 0.57735 0.57735 -0.57735
    outer loop
      vertex 7.2 76.4 0.2
      vertex 6.8 76.6 0
      vertex 7.2 76.6 0.4
    endloop
  endfacet
  facet normal 0.57735 0.57735 -0.57735
    outer loop
      vertex 6.8 76.6 0
      vertex 7.2 76.4 0.2
      vertex 6.8 76.4 -0.2
    endloop
  endfacet
  facet normal 0.57735 -0.57735 0.57735
    outer loop
      vertex 7.2 74.2 -3.2
      vertex 7.6 74.4 -3.4
      vertex 7.2 74.4 -3
    endloop
  endfacet
  facet normal 0.57735 -0.57735 0.57735
    outer loop
      vertex 7.6 74.4 -3.4
      vertex 7.2 74.2 -3.2
      vertex 7.6 74.2 -3.6
    endloop
  endfacet
  facet normal 0.57735 -0.577352 -0.577349
    outer loop
      vertex 7.6 74.4 -1
      vertex 7.6 74.2 -0.799999
      vertex 7.2 74.2 -1.2
    endloop
  endfacet
  facet normal 0.707107 -0 0.707107
    outer loop
      vertex 7.2 74.4 -3
      vertex 7.6 75.2 -3.4
      vertex 7.2 75.2 -3
    endloop
  endfacet
  facet normal 0.707107 0 0.707107
    outer loop
      vertex 7.6 75.2 -3.4
      vertex 7.2 74.4 -3
      vertex 7.6 74.4 -3.4
    endloop
  endfacet
  facet normal 0 0.707107 0.707107
    outer loop
      vertex 7.6 75.6 -3.8
      vertex 7.2 75.4 -3.6
      vertex 7.6 75.4 -3.6
    endloop
  endfacet
  facet normal 0 0.707107 0.707107
    outer loop
      vertex 7.2 75.4 -3.6
      vertex 7.6 75.6 -3.8
      vertex 7.2 75.6 -3.8
    endloop
  endfacet
  facet normal 0.57735 0.57735 0.57735
    outer loop
      vertex 7.6 75.2 -3.4
      vertex 7.2 75.4 -3.2
      vertex 7.2 75.2 -3
    endloop
  endfacet
  facet normal 0.57735 0.57735 0.57735
    outer loop
      vertex 7.2 75.4 -3.2
      vertex 7.6 75.2 -3.4
      vertex 7.6 75.4 -3.6
    endloop
  endfacet
  facet normal 0.577351 0.577351 -0.577348
    outer loop
      vertex 7.4 75.6 -0.799999
      vertex 7.6 75.4 -0.799999
      vertex 7.2 75.6 -1
    endloop
  endfacet
  facet normal 0.577351 0.57735 -0.57735
    outer loop
      vertex 7.2 75.6 -1
      vertex 7.6 75.4 -0.799999
      vertex 7.2 75.4 -1.2
    endloop
  endfacet
  facet normal 0.57735 0.577352 -0.577349
    outer loop
      vertex 7.6 75.4 -0.799999
      vertex 7.6 75.2 -1
      vertex 7.2 75.4 -1.2
    endloop
  endfacet
  facet normal 0.57735 0.57735 -0.57735
    outer loop
      vertex 7.6 75.6 -0.599999
      vertex 7.6 75.4 -0.799999
      vertex 7.4 75.6 -0.799999
    endloop
  endfacet
  facet normal 0 0.707107 0.707107
    outer loop
      vertex 7.6 76 -4.2
      vertex 7.2 75.8 -4
      vertex 7.6 75.8 -4
    endloop
  endfacet
  facet normal 0 0.707107 0.707107
    outer loop
      vertex 7.6 76 -4.2
      vertex 7.2 76 -4.2
      vertex 7.2 75.8 -4
    endloop
  endfacet
  facet normal 0 0.707107 0.707107
    outer loop
      vertex 7.6 76.2 -4.4
      vertex 7.2 76 -4.2
      vertex 7.6 76 -4.2
    endloop
  endfacet
  facet normal 0 0.707107 0.707107
    outer loop
      vertex 7.2 76 -4.2
      vertex 7.6 76.2 -4.4
      vertex 7.2 76.2 -4.4
    endloop
  endfacet
  facet normal -0 0.707107 0.707107
    outer loop
      vertex 7.2 75.8 -4
      vertex 7.6 75.6 -3.8
      vertex 7.6 75.8 -4
    endloop
  endfacet
  facet normal 0 0.707107 0.707107
    outer loop
      vertex 7.6 75.6 -3.8
      vertex 7.2 75.8 -4
      vertex 7.2 75.6 -3.8
    endloop
  endfacet
  facet normal 0.577351 0.577351 -0.577348
    outer loop
      vertex 7.2 75.8 -0.799999
      vertex 7.4 75.6 -0.799999
      vertex 7.2 75.6 -1
    endloop
  endfacet
  facet normal 0.57735 0.577349 -0.577352
    outer loop
      vertex 7.6 75.6 -0.599999
      vertex 7.2 75.8 -0.799999
      vertex 7.6 75.8 -0.4
    endloop
  endfacet
  facet normal 0.57735 0.57735 -0.57735
    outer loop
      vertex 7.2 75.8 -0.799999
      vertex 7.6 75.6 -0.599999
      vertex 7.4 75.6 -0.799999
    endloop
  endfacet
  facet normal 0 0.707107 -0.707107
    outer loop
      vertex 7.6 75.8 -0.4
      vertex 9.2 76.2 0
      vertex 9.2 75.8 -0.4
    endloop
  endfacet
  facet normal 0 0.707107 -0.707107
    outer loop
      vertex 9.2 76.2 0
      vertex 7.6 75.8 -0.4
      vertex 7.2 76.2 0
    endloop
  endfacet
  facet normal 0 0.707107 -0.707107
    outer loop
      vertex 7.2 76.2 0
      vertex 7.6 75.8 -0.4
      vertex 7.2 75.8 -0.4
    endloop
  endfacet
  facet normal -0 0.707107 0.707107
    outer loop
      vertex 7.2 76.4 -4.6
      vertex 7.6 76.2 -4.4
      vertex 7.6 76.4 -4.6
    endloop
  endfacet
  facet normal 0 0.707107 0.707107
    outer loop
      vertex 7.6 76.2 -4.4
      vertex 7.2 76.4 -4.6
      vertex 7.2 76.2 -4.4
    endloop
  endfacet
  facet normal 0 0.707107 -0.707107
    outer loop
      vertex 7.2 76.2 0
      vertex 9.2 76.4 0.2
      vertex 9.2 76.2 0
    endloop
  endfacet
  facet normal 0 0.707107 -0.707107
    outer loop
      vertex 9.2 76.4 0.2
      vertex 7.2 76.2 0
      vertex 7.2 76.4 0.2
    endloop
  endfacet
  facet normal 0 0.707107 0.707107
    outer loop
      vertex 7.6 76.6 -4.8
      vertex 7.2 76.4 -4.6
      vertex 7.6 76.4 -4.6
    endloop
  endfacet
  facet normal 0 0.707107 0.707107
    outer loop
      vertex 7.2 76.4 -4.6
      vertex 7.6 76.6 -4.8
      vertex 7.2 76.6 -4.8
    endloop
  endfacet
  facet normal 0 0.707107 -0.707107
    outer loop
      vertex 9.2 76.4 0.2
      vertex 7.2 76.6 0.4
      vertex 9.2 76.6 0.4
    endloop
  endfacet
  facet normal 0 0.707107 -0.707107
    outer loop
      vertex 7.2 76.6 0.4
      vertex 9.2 76.4 0.2
      vertex 7.2 76.4 0.2
    endloop
  endfacet
  facet normal 0 -0.707107 0.707107
    outer loop
      vertex 7.6 74.4 -3.4
      vertex 8 74.2 -3.6
      vertex 8 74.4 -3.4
    endloop
  endfacet
  facet normal 0 -0.707107 0.707107
    outer loop
      vertex 8 74.2 -3.6
      vertex 7.6 74.4 -3.4
      vertex 7.6 74.2 -3.6
    endloop
  endfacet
  facet normal 0 -0.707109 -0.707105
    outer loop
      vertex 7.6 74.2 -0.799999
      vertex 8.8 74.4 -1
      vertex 8.8 74.2 -0.799999
    endloop
  endfacet
  facet normal -0 -0.707109 -0.707105
    outer loop
      vertex 8.8 74.4 -1
      vertex 7.6 74.2 -0.799999
      vertex 7.6 74.4 -1
    endloop
  endfacet
  facet normal 0 0 1
    outer loop
      vertex 7.6 74.4 -3.4
      vertex 8 74.8 -3.4
      vertex 7.6 75.2 -3.4
    endloop
  endfacet
  facet normal 0 0 1
    outer loop
      vertex 8 74.8 -3.4
      vertex 7.6 74.4 -3.4
      vertex 8 74.4 -3.4
    endloop
  endfacet
  facet normal 0 0 -1
    outer loop
      vertex 7.6 74.4 -1
      vertex 8.8 75.2 -1
      vertex 8.8 74.4 -1
    endloop
  endfacet
  facet normal -0 0 -1
    outer loop
      vertex 8.8 75.2 -1
      vertex 7.6 74.4 -1
      vertex 7.6 75.2 -1
    endloop
  endfacet
  facet normal 0.57735 0.57735 0.57735
    outer loop
      vertex 8 75.2 -3.8
      vertex 8 74.8 -3.4
      vertex 8.4 74.8 -3.8
    endloop
  endfacet
  facet normal 0.57735 0.57735 0.57735
    outer loop
      vertex 8 74.8 -3.4
      vertex 8 75.2 -3.8
      vertex 7.8 75.2 -3.6
    endloop
  endfacet
  facet normal 0.57735 0.57735 0.57735
    outer loop
      vertex 8 74.8 -3.4
      vertex 7.8 75.2 -3.6
      vertex 7.6 75.2 -3.4
    endloop
  endfacet
  facet normal 0.57735 0.57735 0.57735
    outer loop
      vertex 8 75.4 -4
      vertex 8 75.6 -4.2
      vertex 7.8 75.6 -4
    endloop
  endfacet
  facet normal 0.57735 0.57735 0.57735
    outer loop
      vertex 8 75.2 -3.8
      vertex 8 75.4 -4
      vertex 7.8 75.6 -4
    endloop
  endfacet
  facet normal 0.57735 0.57735 0.57735
    outer loop
      vertex 8 75.2 -3.8
      vertex 7.6 75.6 -3.8
      vertex 7.8 75.2 -3.6
    endloop
  endfacet
  facet normal 0.57735 0.57735 0.57735
    outer loop
      vertex 7.6 75.6 -3.8
      vertex 8 75.2 -3.8
      vertex 7.8 75.6 -4
    endloop
  endfacet
  facet normal 0.57735 0.57735 0.57735
    outer loop
      vertex 7.8 75.2 -3.6
      vertex 7.6 75.6 -3.8
      vertex 7.6 75.4 -3.6
    endloop
  endfacet
  facet normal 0.57735 0.57735 0.57735
    outer loop
      vertex 7.8 75.2 -3.6
      vertex 7.6 75.4 -3.6
      vertex 7.6 75.2 -3.4
    endloop
  endfacet
  facet normal 0 0.707109 -0.707105
    outer loop
      vertex 7.6 75.2 -1
      vertex 8.8 75.4 -0.799999
      vertex 8.8 75.2 -1
    endloop
  endfacet
  facet normal 0 0.707109 -0.707105
    outer loop
      vertex 8.8 75.4 -0.799999
      vertex 7.6 75.2 -1
      vertex 7.6 75.4 -0.799999
    endloop
  endfacet
  facet normal 0 0.707107 -0.707107
    outer loop
      vertex 8.8 75.4 -0.799999
      vertex 9.2 75.6 -0.599999
      vertex 9.2 75.4 -0.799999
    endloop
  endfacet
  facet normal 0 0.707107 -0.707107
    outer loop
      vertex 9.2 75.6 -0.599999
      vertex 8.8 75.4 -0.799999
      vertex 7.6 75.6 -0.599999
    endloop
  endfacet
  facet normal 0 0.707107 -0.707107
    outer loop
      vertex 7.6 75.6 -0.599999
      vertex 8.8 75.4 -0.799999
      vertex 7.6 75.4 -0.799999
    endloop
  endfacet
  facet normal 0.57735 0.57735 0.57735
    outer loop
      vertex 8 75.8 -4.4
      vertex 8 76 -4.6
      vertex 7.8 76 -4.4
    endloop
  endfacet
  facet normal 0.57735 0.57735 0.57735
    outer loop
      vertex 8 75.6 -4.2
      vertex 8 75.8 -4.4
      vertex 7.8 76 -4.4
    endloop
  endfacet
  facet normal 0.57735 0.57735 0.57735
    outer loop
      vertex 8 75.6 -4.2
      vertex 7.8 76 -4.4
      vertex 7.8 75.6 -4
    endloop
  endfacet
  facet normal 0.57735 0.57735 0.57735
    outer loop
      vertex 7.8 75.6 -4
      vertex 7.8 76 -4.4
      vertex 7.6 76 -4.2
    endloop
  endfacet
  facet normal 0.57735 0.57735 0.57735
    outer loop
      vertex 7.8 75.6 -4
      vertex 7.6 76 -4.2
      vertex 7.6 75.8 -4
    endloop
  endfacet
  facet normal 0.57735 0.57735 0.57735
    outer loop
      vertex 7.8 75.6 -4
      vertex 7.6 75.8 -4
      vertex 7.6 75.6 -3.8
    endloop
  endfacet
  facet normal 0 0.707105 -0.707109
    outer loop
      vertex 7.6 75.6 -0.599999
      vertex 9.2 75.8 -0.4
      vertex 9.2 75.6 -0.599999
    endloop
  endfacet
  facet normal 0 0.707105 -0.707109
    outer loop
      vertex 9.2 75.8 -0.4
      vertex 7.6 75.6 -0.599999
      vertex 7.6 75.8 -0.4
    endloop
  endfacet
  facet normal 0.57735 0.57735 0.57735
    outer loop
      vertex 8 76.2 -4.8
      vertex 8 76.4 -5
      vertex 7.8 76.4 -4.8
    endloop
  endfacet
  facet normal 0.57735 0.57735 0.57735
    outer loop
      vertex 8 76 -4.6
      vertex 8 76.2 -4.8
      vertex 7.8 76.4 -4.8
    endloop
  endfacet
  facet normal 0.57735 0.57735 0.57735
    outer loop
      vertex 8 76 -4.6
      vertex 7.6 76.4 -4.6
      vertex 7.8 76 -4.4
    endloop
  endfacet
  facet normal 0.57735 0.57735 0.57735
    outer loop
      vertex 7.6 76.4 -4.6
      vertex 8 76 -4.6
      vertex 7.8 76.4 -4.8
    endloop
  endfacet
  facet normal 0.57735 0.57735 0.57735
    outer loop
      vertex 7.8 76 -4.4
      vertex 7.6 76.4 -4.6
      vertex 7.6 76.2 -4.4
    endloop
  endfacet
  facet normal 0.57735 0.57735 0.57735
    outer loop
      vertex 7.8 76 -4.4
      vertex 7.6 76.2 -4.4
      vertex 7.6 76 -4.2
    endloop
  endfacet
  facet normal 0.57735 0.57735 0.57735
    outer loop
      vertex 8 76.4 -5
      vertex 8 76.6 -5.2
      vertex 7.6 76.6 -4.8
    endloop
  endfacet
  facet normal 0.57735 0.57735 0.57735
    outer loop
      vertex 7.8 76.4 -4.8
      vertex 7.6 76.6 -4.8
      vertex 7.6 76.4 -4.6
    endloop
  endfacet
  facet normal 0.57735 0.57735 0.57735
    outer loop
      vertex 7.6 76.6 -4.8
      vertex 7.8 76.4 -4.8
      vertex 8 76.4 -5
    endloop
  endfacet
  facet normal 0.57735 -0.57735 0.57735
    outer loop
      vertex 8.4 74.2 -4
      vertex 8.4 74.4 -3.8
      vertex 8.2 74.4 -3.6
    endloop
  endfacet
  facet normal 0.57735 -0.57735 0.57735
    outer loop
      vertex 8.4 74.2 -4
      vertex 8.2 74.4 -3.6
      vertex 8 74.2 -3.6
    endloop
  endfacet
  facet normal 0.57735 -0.57735 0.57735
    outer loop
      vertex 8.2 74.4 -3.6
      vertex 8 74.4 -3.4
      vertex 8 74.2 -3.6
    endloop
  endfacet
  facet normal 0.707107 0 0.707107
    outer loop
      vertex 8.2 74.4 -3.6
      vertex 8 74.8 -3.4
      vertex 8 74.4 -3.4
    endloop
  endfacet
  facet normal 0.707107 -1.96262e-15 0.707107
    outer loop
      vertex 8 74.8 -3.4
      vertex 8.2 74.4 -3.6
      vertex 8.4 74.8 -3.8
    endloop
  endfacet
  facet normal 0.707107 0 0.707107
    outer loop
      vertex 8.4 74.8 -3.8
      vertex 8.2 74.4 -3.6
      vertex 8.4 74.4 -3.8
    endloop
  endfacet
  facet normal 0 -0 1
    outer loop
      vertex 8.4 74.8 -3.8
      vertex 8.4 75.2 -3.8
      vertex 8 75.2 -3.8
    endloop
  endfacet
  facet normal 0 0.707107 0.707107
    outer loop
      vertex 8.8 75.6 -4.2
      vertex 8.4 75.4 -4
      vertex 8.8 75.4 -4
    endloop
  endfacet
  facet normal -0 0.707107 0.707107
    outer loop
      vertex 8 75.6 -4.2
      vertex 8.4 75.4 -4
      vertex 8.8 75.6 -4.2
    endloop
  endfacet
  facet normal 0 0.707107 0.707107
    outer loop
      vertex 8.4 75.4 -4
      vertex 8 75.6 -4.2
      vertex 8 75.4 -4
    endloop
  endfacet
  facet normal -0 0.707107 0.707107
    outer loop
      vertex 8 75.4 -4
      vertex 8.4 75.2 -3.8
      vertex 8.4 75.4 -4
    endloop
  endfacet
  facet normal 0 0.707107 0.707107
    outer loop
      vertex 8.4 75.2 -3.8
      vertex 8 75.4 -4
      vertex 8 75.2 -3.8
    endloop
  endfacet
  facet normal 0 0.707107 0.707107
    outer loop
      vertex 8.8 76 -4.6
      vertex 8 75.8 -4.4
      vertex 8.8 75.8 -4.4
    endloop
  endfacet
  facet normal 0 0.707107 0.707107
    outer loop
      vertex 8 75.8 -4.4
      vertex 8.8 76 -4.6
      vertex 8 76 -4.6
    endloop
  endfacet
  facet normal -0 0.707107 0.707107
    outer loop
      vertex 8 75.8 -4.4
      vertex 8.8 75.6 -4.2
      vertex 8.8 75.8 -4.4
    endloop
  endfacet
  facet normal 0 0.707107 0.707107
    outer loop
      vertex 8.8 75.6 -4.2
      vertex 8 75.8 -4.4
      vertex 8 75.6 -4.2
    endloop
  endfacet
  facet normal -0 0.707107 0.707107
    outer loop
      vertex 8 76.4 -5
      vertex 8.8 76.2 -4.8
      vertex 8.8 76.4 -5
    endloop
  endfacet
  facet normal 0 0.707107 0.707107
    outer loop
      vertex 8.8 76.2 -4.8
      vertex 8 76.4 -5
      vertex 8 76.2 -4.8
    endloop
  endfacet
  facet normal 0 0.707107 0.707107
    outer loop
      vertex 8.8 76.2 -4.8
      vertex 8 76 -4.6
      vertex 8.8 76 -4.6
    endloop
  endfacet
  facet normal 0 0.707107 0.707107
    outer loop
      vertex 8 76 -4.6
      vertex 8.8 76.2 -4.8
      vertex 8 76.2 -4.8
    endloop
  endfacet
  facet normal 0 0.707107 0.707107
    outer loop
      vertex 8.8 76.6 -5.2
      vertex 8 76.4 -5
      vertex 8.8 76.4 -5
    endloop
  endfacet
  facet normal 0 0.707107 0.707107
    outer loop
      vertex 8 76.4 -5
      vertex 8.8 76.6 -5.2
      vertex 8 76.6 -5.2
    endloop
  endfacet
  facet normal -0.57735 -0.57735 0.57735
    outer loop
      vertex 8.8 74.2 -3.6
      vertex 8.6 74.4 -3.6
      vertex 8.4 74.4 -3.8
    endloop
  endfacet
  facet normal -0.57735 -0.57735 0.57735
    outer loop
      vertex 8.8 74.2 -3.6
      vertex 8.4 74.4 -3.8
      vertex 8.4 74.2 -4
    endloop
  endfacet
  facet normal -0.57735 -0.57735 0.57735
    outer loop
      vertex 8.8 74.2 -3.6
      vertex 8.8 74.4 -3.4
      vertex 8.6 74.4 -3.6
    endloop
  endfacet
  facet normal -0.707107 0 0.707107
    outer loop
      vertex 8.4 74.8 -3.8
      vertex 8.6 75.2 -3.6
      vertex 8.4 75.2 -3.8
    endloop
  endfacet
  facet normal -0.707107 0 0.707107
    outer loop
      vertex 8.6 75.2 -3.6
      vertex 8.4 74.8 -3.8
      vertex 8.6 74.4 -3.6
    endloop
  endfacet
  facet normal -0.707107 0 0.707107
    outer loop
      vertex 8.6 74.4 -3.6
      vertex 8.4 74.8 -3.8
      vertex 8.4 74.4 -3.8
    endloop
  endfacet
  facet normal -0.707107 0 0.707107
    outer loop
      vertex 8.6 74.4 -3.6
      vertex 8.8 75.2 -3.4
      vertex 8.6 75.2 -3.6
    endloop
  endfacet
  facet normal -0.707107 0 0.707107
    outer loop
      vertex 8.8 75.2 -3.4
      vertex 8.6 74.4 -3.6
      vertex 8.8 74.4 -3.4
    endloop
  endfacet
  facet normal -0.57735 0.57735 0.57735
    outer loop
      vertex 8.6 75.2 -3.6
      vertex 8.4 75.4 -4
      vertex 8.4 75.2 -3.8
    endloop
  endfacet
  facet normal -0.57735 0.57735 0.57735
    outer loop
      vertex 8.6 75.2 -3.6
      vertex 8.8 75.4 -3.6
      vertex 8.4 75.4 -4
    endloop
  endfacet
  facet normal -0.57735 0.57735 0.57735
    outer loop
      vertex 8.8 75.4 -3.6
      vertex 8.6 75.2 -3.6
      vertex 8.8 75.2 -3.4
    endloop
  endfacet
  facet normal 0 1 0
    outer loop
      vertex 8.8 75.4 -4
      vertex 8.8 75.4 -3.6
      vertex 9.2 75.4 -3.6
    endloop
  endfacet
  facet normal 0 1 0
    outer loop
      vertex 8.8 75.4 -3.6
      vertex 8.8 75.4 -4
      vertex 8.4 75.4 -4
    endloop
  endfacet
  facet normal 0 -0.707107 0.707107
    outer loop
      vertex 8.8 74.4 -3.4
      vertex 9.2 74.2 -3.6
      vertex 9.2 74.4 -3.4
    endloop
  endfacet
  facet normal 0 -0.707107 0.707107
    outer loop
      vertex 9.2 74.2 -3.6
      vertex 8.8 74.4 -3.4
      vertex 8.8 74.2 -3.6
    endloop
  endfacet
  facet normal -0.57735 -0.57735 -0.57735
    outer loop
      vertex 9.4 74.4 -1.6
      vertex 9.2 74.2 -1.2
      vertex 9 74.4 -1.2
    endloop
  endfacet
  facet normal -0.577349 -0.577352 -0.577349
    outer loop
      vertex 8.8 74.4 -1
      vertex 9 74.4 -1.2
      vertex 8.8 74.2 -0.799999
    endloop
  endfacet
  facet normal -0.577351 -0.577351 -0.577349
    outer loop
      vertex 9 74.4 -1.2
      vertex 9.2 74.2 -1.2
      vertex 8.8 74.2 -0.799999
    endloop
  endfacet
  facet normal -0 0 1
    outer loop
      vertex 8.8 75.2 -3.4
      vertex 9.2 74.4 -3.4
      vertex 9.2 75.2 -3.4
    endloop
  endfacet
  facet normal 0 0 1
    outer loop
      vertex 9.2 74.4 -3.4
      vertex 8.8 75.2 -3.4
      vertex 8.8 74.4 -3.4
    endloop
  endfacet
  facet normal -0.707107 0 -0.707107
    outer loop
      vertex 9.4 74.4 -1.6
      vertex 9.2 75.2 -1.4
      vertex 9.4 75.2 -1.6
    endloop
  endfacet
  facet normal -0.707107 -6.74649e-16 -0.707107
    outer loop
      vertex 9.2 75.2 -1.4
      vertex 9.4 74.4 -1.6
      vertex 9 74.4 -1.2
    endloop
  endfacet
  facet normal -0.707107 0 -0.707107
    outer loop
      vertex 9.2 75.2 -1.4
      vertex 9 74.4 -1.2
      vertex 8.8 75.2 -1
    endloop
  endfacet
  facet normal -0.707107 -0 -0.707107
    outer loop
      vertex 8.8 75.2 -1
      vertex 9 74.4 -1.2
      vertex 8.8 74.4 -1
    endloop
  endfacet
  facet normal -0.57735 0.57735 0.57735
    outer loop
      vertex 9 75.6 -4
      vertex 8.8 75.6 -4.2
      vertex 8.8 75.4 -4
    endloop
  endfacet
  facet normal -0.57735 0.57735 0.57735
    outer loop
      vertex 9.2 75.6 -3.8
      vertex 9 75.6 -4
      vertex 8.8 75.4 -4
    endloop
  endfacet
  facet normal -0.57735 0.57735 0.57735
    outer loop
      vertex 9.2 75.4 -3.6
      vertex 9.2 75.6 -3.8
      vertex 8.8 75.4 -4
    endloop
  endfacet
  facet normal -0 0.707107 0.707107
    outer loop
      vertex 8.8 75.4 -3.6
      vertex 9.2 75.2 -3.4
      vertex 9.2 75.4 -3.6
    endloop
  endfacet
  facet normal 0 0.707107 0.707107
    outer loop
      vertex 9.2 75.2 -3.4
      vertex 8.8 75.4 -3.6
      vertex 8.8 75.2 -3.4
    endloop
  endfacet
  facet normal -0.57735 0.57735 -0.57735
    outer loop
      vertex 9.2 75.4 -1.2
      vertex 9.2 75.2 -1.4
      vertex 8.8 75.2 -1
    endloop
  endfacet
  facet normal -0.57735 0.577352 -0.577349
    outer loop
      vertex 8.8 75.4 -0.799999
      vertex 9.2 75.4 -1.2
      vertex 8.8 75.2 -1
    endloop
  endfacet
  facet normal 0 1 0
    outer loop
      vertex 9.2 75.4 -1.2
      vertex 9.2 75.4 -0.799999
      vertex 9.6 75.4 -1.2
    endloop
  endfacet
  facet normal 0 1 0
    outer loop
      vertex 9.2 75.4 -0.799999
      vertex 9.2 75.4 -1.2
      vertex 8.8 75.4 -0.799999
    endloop
  endfacet
  facet normal -0 1 0
    outer loop
      vertex 9.2 75.4 -1.2
      vertex 9.6 75.4 -1.2
      vertex 9.6 75.4 -1.6
    endloop
  endfacet
  facet normal -0.57735 0.57735 0.57735
    outer loop
      vertex 9.2 76.2 -4.4
      vertex 8.8 75.8 -4.4
      vertex 9.2 76 -4.2
    endloop
  endfacet
  facet normal -0.57735 0.57735 0.57735
    outer loop
      vertex 8.8 75.8 -4.4
      vertex 9.2 76.2 -4.4
      vertex 8.8 76 -4.6
    endloop
  endfacet
  facet normal -0.57735 0.57735 0.57735
    outer loop
      vertex 9.2 76 -4.2
      vertex 8.8 75.8 -4.4
      vertex 8.8 75.6 -4.2
    endloop
  endfacet
  facet normal -0.57735 0.57735 0.57735
    outer loop
      vertex 9.2 75.8 -4
      vertex 9.2 76 -4.2
      vertex 8.8 75.6 -4.2
    endloop
  endfacet
  facet normal -0.57735 0.57735 0.57735
    outer loop
      vertex 9 75.6 -4
      vertex 9.2 75.8 -4
      vertex 8.8 75.6 -4.2
    endloop
  endfacet
  facet normal -0.57735 0.57735 0.57735
    outer loop
      vertex 9.2 75.6 -3.8
      vertex 9.2 75.8 -4
      vertex 9 75.6 -4
    endloop
  endfacet
  facet normal -0.57735 0.57735 0.57735
    outer loop
      vertex 9 76.4 -4.8
      vertex 8.8 76.4 -5
      vertex 8.8 76.2 -4.8
    endloop
  endfacet
  facet normal -0.57735 0.57735 0.57735
    outer loop
      vertex 9.2 76.4 -4.6
      vertex 9 76.4 -4.8
      vertex 8.8 76.2 -4.8
    endloop
  endfacet
  facet normal -0.57735 0.57735 0.57735
    outer loop
      vertex 9.2 76.4 -4.6
      vertex 8.8 76.2 -4.8
      vertex 8.8 76 -4.6
    endloop
  endfacet
  facet normal -0.57735 0.57735 0.57735
    outer loop
      vertex 9.2 76.2 -4.4
      vertex 9.2 76.4 -4.6
      vertex 8.8 76 -4.6
    endloop
  endfacet
  facet normal -0.57735 0.57735 0.57735
    outer loop
      vertex 9.2 76.6 -4.8
      vertex 8.8 76.4 -5
      vertex 9 76.4 -4.8
    endloop
  endfacet
  facet normal -0.57735 0.57735 0.57735
    outer loop
      vertex 8.8 76.4 -5
      vertex 9.2 76.6 -4.8
      vertex 8.8 76.6 -5.2
    endloop
  endfacet
  facet normal -0.57735 0.57735 0.57735
    outer loop
      vertex 9.2 76.4 -4.6
      vertex 9.2 76.6 -4.8
      vertex 9 76.4 -4.8
    endloop
  endfacet
  facet normal -0.57735 -0.57735 0.57735
    outer loop
      vertex 9.6 74.2 -3.2
      vertex 9.4 74.4 -3.2
      vertex 9.2 74.4 -3.4
    endloop
  endfacet
  facet normal -0.57735 -0.57735 0.57735
    outer loop
      vertex 9.6 74.2 -3.2
      vertex 9.2 74.4 -3.4
      vertex 9.2 74.2 -3.6
    endloop
  endfacet
  facet normal -0.707107 -0.707107 0
    outer loop
      vertex 9.6 74.2 -3.2
      vertex 9.4 74.4 -2.8
      vertex 9.4 74.4 -3.2
    endloop
  endfacet
  facet normal -0.707107 -0.707107 0
    outer loop
      vertex 9.4 74.4 -2.8
      vertex 9.6 74.2 -3.2
      vertex 9.6 74.2 -2.8
    endloop
  endfacet
  facet normal -0.57735 -0.57735 0.57735
    outer loop
      vertex 9.6 74.2 -2.8
      vertex 9.6 74.4 -2.6
      vertex 9.4 74.4 -2.8
    endloop
  endfacet
  facet normal -0.57735 -0.57735 -0.57735
    outer loop
      vertex 9.6 74.4 -1.8
      vertex 9.6 74.2 -1.6
      vertex 9.4 74.4 -1.6
    endloop
  endfacet
  facet normal -0.57735 -0.57735 -0.57735
    outer loop
      vertex 9.4 74.4 -1.6
      vertex 9.6 74.2 -1.6
      vertex 9.2 74.2 -1.2
    endloop
  endfacet
  facet normal -0.707107 0 0.707107
    outer loop
      vertex 9.2 74.4 -3.4
      vertex 9.4 75.2 -3.2
      vertex 9.2 75.2 -3.4
    endloop
  endfacet
  facet normal -0.707107 0 0.707107
    outer loop
      vertex 9.4 75.2 -3.2
      vertex 9.2 74.4 -3.4
      vertex 9.4 74.4 -3.2
    endloop
  endfacet
  facet normal -1 0 0
    outer loop
      vertex 9.4 74.4 -3.2
      vertex 9.4 74.8 -2.8
      vertex 9.4 75.2 -3.2
    endloop
  endfacet
  facet normal -1 -0 0
    outer loop
      vertex 9.4 74.8 -2.8
      vertex 9.4 74.4 -3.2
      vertex 9.4 74.4 -2.8
    endloop
  endfacet
  facet normal -0.707107 0 0.707107
    outer loop
      vertex 9.4 74.8 -2.8
      vertex 9.6 74.4 -2.6
      vertex 9.6 74.8 -2.6
    endloop
  endfacet
  facet normal -0.707107 0 0.707107
    outer loop
      vertex 9.6 74.4 -2.6
      vertex 9.4 74.8 -2.8
      vertex 9.4 74.4 -2.8
    endloop
  endfacet
  facet normal -0.707107 0 -0.707107
    outer loop
      vertex 9.4 74.4 -1.6
      vertex 9.6 75.2 -1.8
      vertex 9.6 74.4 -1.8
    endloop
  endfacet
  facet normal -0.707107 0 -0.707107
    outer loop
      vertex 9.6 75.2 -1.8
      vertex 9.4 74.4 -1.6
      vertex 9.4 75.2 -1.6
    endloop
  endfacet
  facet normal -0.57735 0.57735 0.57735
    outer loop
      vertex 9.6 75 -2.8
      vertex 9.6 75.2 -3
      vertex 9.4 74.8 -2.8
    endloop
  endfacet
  facet normal -0.57735 0.57735 0.57735
    outer loop
      vertex 9.6 75.2 -3
      vertex 9.4 75.2 -3.2
      vertex 9.4 74.8 -2.8
    endloop
  endfacet
  facet normal -0.57735 0.57735 0.57735
    outer loop
      vertex 9.6 74.8 -2.6
      vertex 9.6 75 -2.8
      vertex 9.4 74.8 -2.8
    endloop
  endfacet
  facet normal -0.57735 0.57735 0.57735
    outer loop
      vertex 9.4 75.6 -3.6
      vertex 9.2 75.6 -3.8
      vertex 9.2 75.4 -3.6
    endloop
  endfacet
  facet normal -0.57735 0.57735 0.57735
    outer loop
      vertex 9.6 75.6 -3.4
      vertex 9.4 75.6 -3.6
      vertex 9.2 75.4 -3.6
    endloop
  endfacet
  facet normal -0.57735 0.57735 0.57735
    outer loop
      vertex 9.6 75.6 -3.4
      vertex 9.2 75.4 -3.6
      vertex 9.2 75.2 -3.4
    endloop
  endfacet
  facet normal -0.57735 0.57735 0.57735
    outer loop
      vertex 9.6 75.4 -3.2
      vertex 9.6 75.6 -3.4
      vertex 9.2 75.2 -3.4
    endloop
  endfacet
  facet normal -0.57735 0.57735 0.57735
    outer loop
      vertex 9.4 75.2 -3.2
      vertex 9.6 75.4 -3.2
      vertex 9.2 75.2 -3.4
    endloop
  endfacet
  facet normal -0.57735 0.57735 0.57735
    outer loop
      vertex 9.6 75.2 -3
      vertex 9.6 75.4 -3.2
      vertex 9.4 75.2 -3.2
    endloop
  endfacet
  facet normal -0.57735 0.57735 -0.57735
    outer loop
      vertex 9.6 75.4 -1.6
      vertex 9.6 75.2 -1.8
      vertex 9.4 75.2 -1.6
    endloop
  endfacet
  facet normal -0.57735 0.57735 -0.57735
    outer loop
      vertex 9.6 75.4 -1.6
      vertex 9.4 75.2 -1.6
      vertex 9.2 75.2 -1.4
    endloop
  endfacet
  facet normal -0.57735 0.57735 -0.57735
    outer loop
      vertex 9.2 75.4 -1.2
      vertex 9.6 75.4 -1.6
      vertex 9.2 75.2 -1.4
    endloop
  endfacet
  facet normal -0.57735 0.57735 -0.57735
    outer loop
      vertex 9.4 75.6 -0.799999
      vertex 9.2 75.4 -0.799999
      vertex 9.2 75.6 -0.599999
    endloop
  endfacet
  facet normal -0.577351 0.577351 -0.577349
    outer loop
      vertex 9.6 75.4 -1.2
      vertex 9.4 75.6 -0.799999
      vertex 9.8 75.6 -1.2
    endloop
  endfacet
  facet normal -0.577351 0.577351 -0.577349
    outer loop
      vertex 9.4 75.6 -0.799999
      vertex 9.6 75.4 -1.2
      vertex 9.2 75.4 -0.799999
    endloop
  endfacet
  facet normal 0 0.707107 0.707107
    outer loop
      vertex 9.6 76 -4.2
      vertex 9.2 75.8 -4
      vertex 9.6 75.8 -4
    endloop
  endfacet
  facet normal 0 0.707107 0.707107
    outer loop
      vertex 9.6 76 -4.2
      vertex 9.2 76 -4.2
      vertex 9.2 75.8 -4
    endloop
  endfacet
  facet normal 0 0.707107 0.707107
    outer loop
      vertex 9.6 76.2 -4.4
      vertex 9.2 76 -4.2
      vertex 9.6 76 -4.2
    endloop
  endfacet
  facet normal 0 0.707107 0.707107
    outer loop
      vertex 9.2 76 -4.2
      vertex 9.6 76.2 -4.4
      vertex 9.2 76.2 -4.4
    endloop
  endfacet
  facet normal -0.57735 0.57735 0.57735
    outer loop
      vertex 9.2 75.6 -3.8
      vertex 9.6 75.8 -3.6
      vertex 9.2 75.8 -4
    endloop
  endfacet
  facet normal -0.57735 0.57735 0.57735
    outer loop
      vertex 9.6 75.8 -3.6
      vertex 9.2 75.6 -3.8
      vertex 9.4 75.6 -3.6
    endloop
  endfacet
  facet normal 0 1 -0
    outer loop
      vertex 10 75.8 -3.6
      vertex 9.6 75.8 -3.6
      vertex 10 75.8 -3.2
    endloop
  endfacet
  facet normal 0 1 0
    outer loop
      vertex 9.6 75.8 -4
      vertex 9.6 75.8 -3.6
      vertex 10 75.8 -3.6
    endloop
  endfacet
  facet normal 0 1 0
    outer loop
      vertex 9.6 75.8 -3.6
      vertex 9.6 75.8 -4
      vertex 9.2 75.8 -4
    endloop
  endfacet
  facet normal -0.57735 0.57735 0.57735
    outer loop
      vertex 9.6 75.6 -3.4
      vertex 9.6 75.8 -3.6
      vertex 9.4 75.6 -3.6
    endloop
  endfacet
  facet normal -0.577351 0.577351 -0.577349
    outer loop
      vertex 9.6 75.8 -0.799999
      vertex 9.8 75.6 -1.2
      vertex 9.4 75.6 -0.799999
    endloop
  endfacet
  facet normal -0.57735 0.57735 -0.577351
    outer loop
      vertex 9.4 76 -0.4
      vertex 9.6 75.8 -0.799999
      vertex 9.2 75.8 -0.4
    endloop
  endfacet
  facet normal -0.57735 0.57735 -0.577351
    outer loop
      vertex 9.6 75.8 -0.799999
      vertex 9.4 75.6 -0.799999
      vertex 9.2 75.8 -0.4
    endloop
  endfacet
  facet normal -0.577351 0.577348 -0.577351
    outer loop
      vertex 9.2 75.8 -0.4
      vertex 9.4 75.6 -0.799999
      vertex 9.2 75.6 -0.599999
    endloop
  endfacet
  facet normal -0.57735 0.57735 -0.57735
    outer loop
      vertex 9.2 76.2 0
      vertex 9.4 76 -0.4
      vertex 9.2 75.8 -0.4
    endloop
  endfacet
  facet normal -0 0.707107 0.707107
    outer loop
      vertex 9.2 76.4 -4.6
      vertex 9.6 76.2 -4.4
      vertex 9.6 76.4 -4.6
    endloop
  endfacet
  facet normal 0 0.707107 0.707107
    outer loop
      vertex 9.6 76.2 -4.4
      vertex 9.2 76.4 -4.6
      vertex 9.2 76.2 -4.4
    endloop
  endfacet
  facet normal -0.57735 0.57735 -0.577351
    outer loop
      vertex 9.6 76.2 -0.4
      vertex 9.6 75.8 -0.799999
      vertex 9.4 76 -0.4
    endloop
  endfacet
  facet normal -0.57735 0.57735 -0.57735
    outer loop
      vertex 9.6 76.4 -0.2
      vertex 9.6 76.2 -0.4
      vertex 9.4 76.4 0
    endloop
  endfacet
  facet normal -0.57735 0.57735 -0.57735
    outer loop
      vertex 9.4 76.4 0
      vertex 9.6 76.2 -0.4
      vertex 9.2 76.2 0
    endloop
  endfacet
  facet normal -0.57735 0.57735 -0.57735
    outer loop
      vertex 9.6 76.2 -0.4
      vertex 9.4 76 -0.4
      vertex 9.2 76.2 0
    endloop
  endfacet
  facet normal -0.57735 0.57735 -0.57735
    outer loop
      vertex 9.2 76.4 0.2
      vertex 9.4 76.4 0
      vertex 9.2 76.2 0
    endloop
  endfacet
  facet normal 0 0.707107 0.707107
    outer loop
      vertex 9.6 76.6 -4.8
      vertex 9.2 76.4 -4.6
      vertex 9.6 76.4 -4.6
    endloop
  endfacet
  facet normal 0 0.707107 0.707107
    outer loop
      vertex 9.2 76.4 -4.6
      vertex 9.6 76.6 -4.8
      vertex 9.2 76.6 -4.8
    endloop
  endfacet
  facet normal -0.57735 0.57735 -0.57735
    outer loop
      vertex 9.6 76.6 0
      vertex 9.6 76.4 -0.2
      vertex 9.4 76.4 0
    endloop
  endfacet
  facet normal -0.57735 0.57735 -0.57735
    outer loop
      vertex 9.6 76.6 0
      vertex 9.4 76.4 0
      vertex 9.2 76.4 0.2
    endloop
  endfacet
  facet normal -0.57735 0.57735 -0.57735
    outer loop
      vertex 9.2 76.6 0.4
      vertex 9.6 76.6 0
      vertex 9.2 76.4 0.2
    endloop
  endfacet
  facet normal -0.57735 -0.57735 0.57735
    outer loop
      vertex 10 74.2 -2.4
      vertex 9.6 74.4 -2.6
      vertex 9.6 74.2 -2.8
    endloop
  endfacet
  facet normal -0.57735 -0.57735 0.57735
    outer loop
      vertex 9.6 74.4 -2.6
      vertex 10 74.2 -2.4
      vertex 9.8 74.4 -2.4
    endloop
  endfacet
  facet normal -0.707107 -0.707107 0
    outer loop
      vertex 10 74.2 -2.4
      vertex 9.8 74.4 -2
      vertex 9.8 74.4 -2.4
    endloop
  endfacet
  facet normal -0.707107 -0.707107 0
    outer loop
      vertex 9.8 74.4 -2
      vertex 10 74.2 -2.4
      vertex 10 74.2 -2
    endloop
  endfacet
  facet normal -0.57735 -0.57735 -0.57735
    outer loop
      vertex 9.6 74.4 -1.8
      vertex 9.8 74.4 -2
      vertex 9.6 74.2 -1.6
    endloop
  endfacet
  facet normal -0.57735 -0.57735 -0.57735
    outer loop
      vertex 9.8 74.4 -2
      vertex 10 74.2 -2
      vertex 9.6 74.2 -1.6
    endloop
  endfacet
  facet normal -0.707107 0 0.707107
    outer loop
      vertex 9.6 74.4 -2.6
      vertex 9.8 74.8 -2.4
      vertex 9.6 74.8 -2.6
    endloop
  endfacet
  facet normal -0.707107 0 0.707107
    outer loop
      vertex 9.8 74.8 -2.4
      vertex 9.6 74.4 -2.6
      vertex 9.8 74.4 -2.4
    endloop
  endfacet
  facet normal -1 0 0
    outer loop
      vertex 9.8 74.8 -2.4
      vertex 9.8 75.2 -2
      vertex 9.8 75.2 -2.8
    endloop
  endfacet
  facet normal -1 0 0
    outer loop
      vertex 9.8 74.4 -2
      vertex 9.8 74.8 -2.4
      vertex 9.8 74.4 -2.4
    endloop
  endfacet
  facet normal -1 0 0
    outer loop
      vertex 9.8 74.8 -2.4
      vertex 9.8 74.4 -2
      vertex 9.8 75.2 -2
    endloop
  endfacet
  facet normal -0.707107 0 -0.707107
    outer loop
      vertex 9.8 74.4 -2
      vertex 9.6 75.2 -1.8
      vertex 9.8 75.2 -2
    endloop
  endfacet
  facet normal -0.707107 -0 -0.707107
    outer loop
      vertex 9.6 75.2 -1.8
      vertex 9.8 74.4 -2
      vertex 9.6 74.4 -1.8
    endloop
  endfacet
  facet normal -0.57735 0.57735 0.57735
    outer loop
      vertex 9.8 75.2 -2.8
      vertex 9.6 75.2 -3
      vertex 9.6 75 -2.8
    endloop
  endfacet
  facet normal -0.57735 0.57735 0.57735
    outer loop
      vertex 9.8 75.2 -2.8
      vertex 9.6 74.8 -2.6
      vertex 9.8 74.8 -2.4
    endloop
  endfacet
  facet normal -0.57735 0.57735 0.57735
    outer loop
      vertex 9.6 74.8 -2.6
      vertex 9.8 75.2 -2.8
      vertex 9.6 75 -2.8
    endloop
  endfacet
  facet normal -0.57735 0.57735 0.57735
    outer loop
      vertex 10 75.6 -3
      vertex 9.6 75.6 -3.4
      vertex 9.6 75.4 -3.2
    endloop
  endfacet
  facet normal -0.57735 0.57735 0.57735
    outer loop
      vertex 10 75.6 -3
      vertex 9.6 75.4 -3.2
      vertex 9.6 75.2 -3
    endloop
  endfacet
  facet normal -0.57735 0.57735 0.57735
    outer loop
      vertex 10 75.4 -2.8
      vertex 10 75.6 -3
      vertex 9.6 75.2 -3
    endloop
  endfacet
  facet normal -0.57735 0.57735 0.57735
    outer loop
      vertex 9.8 75.2 -2.8
      vertex 10 75.4 -2.8
      vertex 9.6 75.2 -3
    endloop
  endfacet
  facet normal -0.707107 0.707107 0
    outer loop
      vertex 9.8 75.2 -2.8
      vertex 10 75.4 -2
      vertex 10 75.4 -2.8
    endloop
  endfacet
  facet normal -0.707107 0.707107 0
    outer loop
      vertex 10 75.4 -2
      vertex 9.8 75.2 -2.8
      vertex 9.8 75.2 -2
    endloop
  endfacet
  facet normal -0.57735 0.57735 -0.57735
    outer loop
      vertex 10 75.6 -1.8
      vertex 10 75.4 -2
      vertex 9.8 75.6 -1.6
    endloop
  endfacet
  facet normal -0.57735 0.57735 -0.57735
    outer loop
      vertex 9.8 75.6 -1.6
      vertex 10 75.4 -2
      vertex 9.6 75.4 -1.6
    endloop
  endfacet
  facet normal -0.57735 0.57735 -0.57735
    outer loop
      vertex 10 75.4 -2
      vertex 9.8 75.2 -2
      vertex 9.6 75.4 -1.6
    endloop
  endfacet
  facet normal -0.57735 0.57735 -0.57735
    outer loop
      vertex 9.6 75.4 -1.6
      vertex 9.8 75.2 -2
      vertex 9.6 75.2 -1.8
    endloop
  endfacet
  facet normal -0.707107 0.707107 0
    outer loop
      vertex 9.8 75.6 -1.6
      vertex 9.6 75.4 -1.2
      vertex 9.8 75.6 -1.2
    endloop
  endfacet
  facet normal -0.707107 0.707107 0
    outer loop
      vertex 9.6 75.4 -1.2
      vertex 9.8 75.6 -1.6
      vertex 9.6 75.4 -1.6
    endloop
  endfacet
  facet normal -0.57735 0.57735 0.57735
    outer loop
      vertex 10 76.2 -4
      vertex 9.6 76 -4.2
      vertex 9.6 75.8 -4
    endloop
  endfacet
  facet normal -0.57735 0.57735 0.57735
    outer loop
      vertex 10 76 -3.8
      vertex 10 76.2 -4
      vertex 9.6 75.8 -4
    endloop
  endfacet
  facet normal -0.57735 0.57735 0.57735
    outer loop
      vertex 10 75.8 -3.6
      vertex 10 76 -3.8
      vertex 9.6 75.8 -4
    endloop
  endfacet
  facet normal -0.57735 0.57735 0.57735
    outer loop
      vertex 9.6 75.6 -3.4
      vertex 10 75.8 -3.2
      vertex 9.6 75.8 -3.6
    endloop
  endfacet
  facet normal -0.57735 0.57735 0.57735
    outer loop
      vertex 10 75.8 -3.2
      vertex 9.6 75.6 -3.4
      vertex 10 75.6 -3
    endloop
  endfacet
  facet normal -0.57735 0.57735 -0.57735
    outer loop
      vertex 10 75.8 -1.6
      vertex 10 75.6 -1.8
      vertex 9.8 75.6 -1.6
    endloop
  endfacet
  facet normal -0.707107 0.707107 0
    outer loop
      vertex 9.8 75.6 -1.6
      vertex 10 75.8 -1.2
      vertex 10 75.8 -1.6
    endloop
  endfacet
  facet normal -0.707107 0.707107 0
    outer loop
      vertex 10 75.8 -1.2
      vertex 9.8 75.6 -1.6
      vertex 9.8 75.6 -1.2
    endloop
  endfacet
  facet normal -0.577352 0.577349 -0.577349
    outer loop
      vertex 10 76 -1
      vertex 10 75.8 -1.2
      vertex 9.8 76 -0.799999
    endloop
  endfacet
  facet normal -0.577351 0.577351 -0.577349
    outer loop
      vertex 9.8 76 -0.799999
      vertex 10 75.8 -1.2
      vertex 9.6 75.8 -0.799999
    endloop
  endfacet
  facet normal -0.577351 0.577351 -0.577349
    outer loop
      vertex 10 75.8 -1.2
      vertex 9.8 75.6 -1.2
      vertex 9.6 75.8 -0.799999
    endloop
  endfacet
  facet normal -0.57735 0.57735 -0.577351
    outer loop
      vertex 9.8 76 -0.799999
      vertex 9.6 76.2 -0.4
      vertex 10 76.2 -0.799999
    endloop
  endfacet
  facet normal -0.57735 0.57735 -0.577351
    outer loop
      vertex 9.6 76.2 -0.4
      vertex 9.8 76 -0.799999
      vertex 9.6 75.8 -0.799999
    endloop
  endfacet
  facet normal -0.57735 0.57735 0.57735
    outer loop
      vertex 9.6 76.2 -4.4
      vertex 9.8 76.4 -4.4
      vertex 9.6 76.4 -4.6
    endloop
  endfacet
  facet normal -0.57735 0.57735 0.57735
    outer loop
      vertex 9.8 76.4 -4.4
      vertex 9.6 76.2 -4.4
      vertex 10 76.4 -4.2
    endloop
  endfacet
  facet normal -0.57735 0.57735 0.57735
    outer loop
      vertex 10 76.4 -4.2
      vertex 9.6 76.2 -4.4
      vertex 9.6 76 -4.2
    endloop
  endfacet
  facet normal -0.57735 0.57735 0.57735
    outer loop
      vertex 10 76.2 -4
      vertex 10 76.4 -4.2
      vertex 9.6 76 -4.2
    endloop
  endfacet
  facet normal -0.577351 0.577351 -0.577348
    outer loop
      vertex 10 76.2 -0.799999
      vertex 10 76 -1
      vertex 9.8 76 -0.799999
    endloop
  endfacet
  facet normal 0 1 0
    outer loop
      vertex 10 76.2 -0.799999
      vertex 10 76.2 -0.4
      vertex 10.4 76.2 -0.799999
    endloop
  endfacet
  facet normal 0 1 0
    outer loop
      vertex 10 76.2 -0.4
      vertex 10 76.2 -0.799999
      vertex 9.6 76.2 -0.4
    endloop
  endfacet
  facet normal -0 1 0
    outer loop
      vertex 10 76.2 -0.799999
      vertex 10.4 76.2 -0.799999
      vertex 10.4 76.2 -1.2
    endloop
  endfacet
  facet normal 0 0.707107 -0.707107
    outer loop
      vertex 9.6 76.2 -0.4
      vertex 10 76.4 -0.2
      vertex 10 76.2 -0.4
    endloop
  endfacet
  facet normal 0 0.707107 -0.707107
    outer loop
      vertex 10 76.4 -0.2
      vertex 9.6 76.2 -0.4
      vertex 9.6 76.4 -0.2
    endloop
  endfacet
  facet normal -0.57735 0.57735 0.57735
    outer loop
      vertex 9.8 76.4 -4.4
      vertex 9.6 76.6 -4.8
      vertex 9.6 76.4 -4.6
    endloop
  endfacet
  facet normal -0.57735 0.57735 0.57735
    outer loop
      vertex 9.8 76.4 -4.4
      vertex 10 76.6 -4.4
      vertex 9.6 76.6 -4.8
    endloop
  endfacet
  facet normal -0.57735 0.57735 0.57735
    outer loop
      vertex 10.4 76.6 -4
      vertex 10 76.4 -4.2
      vertex 10.2 76.4 -4
    endloop
  endfacet
  facet normal -0.57735 0.57735 0.57735
    outer loop
      vertex 10 76.6 -4.4
      vertex 10 76.4 -4.2
      vertex 10.4 76.6 -4
    endloop
  endfacet
  facet normal -0.57735 0.57735 0.57735
    outer loop
      vertex 10 76.4 -4.2
      vertex 10 76.6 -4.4
      vertex 9.8 76.4 -4.4
    endloop
  endfacet
  facet normal 0 0.707107 -0.707107
    outer loop
      vertex 10 76.4 -0.2
      vertex 9.6 76.6 0
      vertex 10 76.6 0
    endloop
  endfacet
  facet normal 0 0.707107 -0.707107
    outer loop
      vertex 9.6 76.6 0
      vertex 10 76.4 -0.2
      vertex 9.6 76.4 -0.2
    endloop
  endfacet
  facet normal -0.57735 0.57735 0.57735
    outer loop
      vertex 10.2 75.6 -2.8
      vertex 10 75.6 -3
      vertex 10 75.4 -2.8
    endloop
  endfacet
  facet normal -0.707107 0.707107 0
    outer loop
      vertex 10.2 75.6 -2.8
      vertex 10 75.4 -2
      vertex 10.2 75.6 -2
    endloop
  endfacet
  facet normal -0.707107 0.707107 0
    outer loop
      vertex 10 75.4 -2
      vertex 10.2 75.6 -2.8
      vertex 10 75.4 -2.8
    endloop
  endfacet
  facet normal -0.57735 0.57735 -0.57735
    outer loop
      vertex 10 75.6 -1.8
      vertex 10.2 75.6 -2
      vertex 10 75.4 -2
    endloop
  endfacet
  facet normal -0.57735 0.57735 0.57735
    outer loop
      vertex 10.4 76.2 -3.6
      vertex 10 76 -3.8
      vertex 10 75.8 -3.6
    endloop
  endfacet
  facet normal -0.707107 0.707107 0
    outer loop
      vertex 10.4 76.2 -3.6
      vertex 10 75.8 -3.2
      vertex 10.4 76.2 -3.2
    endloop
  endfacet
  facet normal -0.707107 0.707107 0
    outer loop
      vertex 10 75.8 -3.2
      vertex 10.4 76.2 -3.6
      vertex 10 75.8 -3.6
    endloop
  endfacet
  facet normal -0.57735 0.57735 0.57735
    outer loop
      vertex 10.4 76 -3
      vertex 10.4 76.2 -3.2
      vertex 10 75.8 -3.2
    endloop
  endfacet
  facet normal -0.57735 0.57735 0.57735
    outer loop
      vertex 10.4 76 -3
      vertex 10 75.8 -3.2
      vertex 10 75.6 -3
    endloop
  endfacet
  facet normal -0.57735 0.57735 0.57735
    outer loop
      vertex 10.4 75.8 -2.8
      vertex 10.4 76 -3
      vertex 10 75.6 -3
    endloop
  endfacet
  facet normal -0.57735 0.57735 0.57735
    outer loop
      vertex 10.2 75.6 -2.8
      vertex 10.4 75.8 -2.8
      vertex 10 75.6 -3
    endloop
  endfacet
  facet normal -0.707107 0.707107 0
    outer loop
      vertex 10.2 75.6 -2.8
      vertex 10.4 75.8 -2
      vertex 10.4 75.8 -2.8
    endloop
  endfacet
  facet normal -0.707107 0.707107 0
    outer loop
      vertex 10.4 75.8 -2
      vertex 10.2 75.6 -2.8
      vertex 10.2 75.6 -2
    endloop
  endfacet
  facet normal -0.57735 0.57735 -0.57735
    outer loop
      vertex 10.4 75.8 -2
      vertex 10.2 75.6 -2
      vertex 10 75.6 -1.8
    endloop
  endfacet
  facet normal -0.57735 0.57735 -0.57735
    outer loop
      vertex 10 75.8 -1.6
      vertex 10.4 75.8 -2
      vertex 10 75.6 -1.8
    endloop
  endfacet
  facet normal 0 1 0
    outer loop
      vertex 10.4 75.8 -1.6
      vertex 10 75.8 -1.6
      vertex 10 75.8 -1.2
    endloop
  endfacet
  facet normal -0 1 0
    outer loop
      vertex 10 75.8 -1.6
      vertex 10.4 75.8 -1.6
      vertex 10.4 75.8 -2
    endloop
  endfacet
  facet normal -0.57735 0.57735 -0.57735
    outer loop
      vertex 10.4 76.2 -1.2
      vertex 10 75.8 -1.2
      vertex 10 76 -1
    endloop
  endfacet
  facet normal -0.57735 0.57735 -0.57735
    outer loop
      vertex 10 75.8 -1.2
      vertex 10.4 76.2 -1.2
      vertex 10.4 75.8 -1.6
    endloop
  endfacet
  facet normal -0.57735 0.57735 0.57735
    outer loop
      vertex 10.2 76.4 -4
      vertex 10 76.4 -4.2
      vertex 10 76.2 -4
    endloop
  endfacet
  facet normal -0.57735 0.57735 0.57735
    outer loop
      vertex 10.4 76.4 -3.8
      vertex 10.2 76.4 -4
      vertex 10 76.2 -4
    endloop
  endfacet
  facet normal -0.57735 0.57735 0.57735
    outer loop
      vertex 10.4 76.4 -3.8
      vertex 10 76.2 -4
      vertex 10 76 -3.8
    endloop
  endfacet
  facet normal -0.57735 0.57735 0.57735
    outer loop
      vertex 10.4 76.2 -3.6
      vertex 10.4 76.4 -3.8
      vertex 10 76 -3.8
    endloop
  endfacet
  facet normal -0.57735 0.577352 -0.577349
    outer loop
      vertex 10 76.2 -0.799999
      vertex 10.4 76.2 -1.2
      vertex 10 76 -1
    endloop
  endfacet
  facet normal -0.577349 0.577351 -0.577351
    outer loop
      vertex 10 76.2 -0.4
      vertex 10.4 76.4 -0.599999
      vertex 10.4 76.2 -0.799999
    endloop
  endfacet
  facet normal -0.577349 0.577351 -0.577351
    outer loop
      vertex 10.4 76.4 -0.599999
      vertex 10 76.2 -0.4
      vertex 10 76.4 -0.2
    endloop
  endfacet
  facet normal -0.57735 0.57735 0.57735
    outer loop
      vertex 10.4 76.4 -3.8
      vertex 10.4 76.6 -4
      vertex 10.2 76.4 -4
    endloop
  endfacet
  facet normal -0.57735 0.57735 -0.57735
    outer loop
      vertex 10.4 76.6 -0.4
      vertex 10 76.4 -0.2
      vertex 10 76.6 0
    endloop
  endfacet
  facet normal -0.57735 0.577349 -0.577352
    outer loop
      vertex 10 76.4 -0.2
      vertex 10.4 76.6 -0.4
      vertex 10.4 76.4 -0.599999
    endloop
  endfacet
  facet normal -0.57735 0.57735 0.57735
    outer loop
      vertex 10.6 76 -2.8
      vertex 10.4 76 -3
      vertex 10.4 75.8 -2.8
    endloop
  endfacet
  facet normal -0.707107 0.707107 0
    outer loop
      vertex 10.6 76 -1.6
      vertex 10.4 75.8 -2
      vertex 10.4 75.8 -1.6
    endloop
  endfacet
  facet normal -0.707107 0.707107 0
    outer loop
      vertex 10.6 76 -2.8
      vertex 10.4 75.8 -2
      vertex 10.6 76 -1.6
    endloop
  endfacet
  facet normal -0.707107 0.707107 0
    outer loop
      vertex 10.4 75.8 -2
      vertex 10.6 76 -2.8
      vertex 10.4 75.8 -2.8
    endloop
  endfacet
  facet normal -0.57735 0.57735 -0.57735
    outer loop
      vertex 10.4 76.2 -1.2
      vertex 10.6 76 -1.6
      vertex 10.4 75.8 -1.6
    endloop
  endfacet
  facet normal -0.57735 0.57735 0.57735
    outer loop
      vertex 10.6 76.4 -3.6
      vertex 10.4 76.4 -3.8
      vertex 10.4 76.2 -3.6
    endloop
  endfacet
  facet normal -0.707107 0.707107 0
    outer loop
      vertex 10.4 76.2 -3.6
      vertex 10.6 76.4 -3.2
      vertex 10.6 76.4 -3.6
    endloop
  endfacet
  facet normal -0.707107 0.707107 0
    outer loop
      vertex 10.6 76.4 -3.2
      vertex 10.4 76.2 -3.6
      vertex 10.4 76.2 -3.2
    endloop
  endfacet
  facet normal -0.57735 0.57735 0.57735
    outer loop
      vertex 10.8 76.4 -3
      vertex 10.6 76.4 -3.2
      vertex 10.4 76.2 -3.2
    endloop
  endfacet
  facet normal -0.57735 0.57735 0.57735
    outer loop
      vertex 10.8 76.4 -3
      vertex 10.4 76.2 -3.2
      vertex 10.4 76 -3
    endloop
  endfacet
  facet normal -0.57735 0.57735 0.57735
    outer loop
      vertex 10.8 76.2 -2.8
      vertex 10.8 76.4 -3
      vertex 10.4 76 -3
    endloop
  endfacet
  facet normal -0.57735 0.57735 0.57735
    outer loop
      vertex 10.6 76 -2.8
      vertex 10.8 76.2 -2.8
      vertex 10.4 76 -3
    endloop
  endfacet
  facet normal -0.707107 0.707107 0
    outer loop
      vertex 10.8 76.2 -2.8
      vertex 10.6 76 -1.6
      vertex 10.8 76.2 -1.6
    endloop
  endfacet
  facet normal -0.707107 0.707107 0
    outer loop
      vertex 10.6 76 -1.6
      vertex 10.8 76.2 -2.8
      vertex 10.6 76 -2.8
    endloop
  endfacet
  facet normal -0.57735 0.57735 -0.57735
    outer loop
      vertex 11 76.4 -1.6
      vertex 10.8 76.2 -1.6
      vertex 10.6 76.4 -1.2
    endloop
  endfacet
  facet normal -0.57735 0.57735 -0.57735
    outer loop
      vertex 10.6 76.4 -1.2
      vertex 10.8 76.2 -1.6
      vertex 10.4 76.2 -1.2
    endloop
  endfacet
  facet normal -0.57735 0.57735 -0.57735
    outer loop
      vertex 10.8 76.2 -1.6
      vertex 10.6 76 -1.6
      vertex 10.4 76.2 -1.2
    endloop
  endfacet
  facet normal -0.707107 0.707107 0
    outer loop
      vertex 10.4 76.2 -1.2
      vertex 10.6 76.4 -0.799999
      vertex 10.6 76.4 -1.2
    endloop
  endfacet
  facet normal -0.707107 0.707107 0
    outer loop
      vertex 10.6 76.4 -0.799999
      vertex 10.4 76.2 -1.2
      vertex 10.4 76.2 -0.799999
    endloop
  endfacet
  facet normal -0.57735 0.57735 -0.57735
    outer loop
      vertex 10.4 76.4 -0.599999
      vertex 10.6 76.4 -0.799999
      vertex 10.4 76.2 -0.799999
    endloop
  endfacet
  facet normal -0.57735 0.57735 0.57735
    outer loop
      vertex 10.6 76.4 -3.6
      vertex 10.4 76.6 -4
      vertex 10.4 76.4 -3.8
    endloop
  endfacet
  facet normal -0.57735 0.57735 0.57735
    outer loop
      vertex 10.6 76.4 -3.6
      vertex 10.8 76.6 -3.6
      vertex 10.4 76.6 -4
    endloop
  endfacet
  facet normal -0.707107 0.707107 0
    outer loop
      vertex 10.8 76.6 -3.6
      vertex 10.6 76.4 -3.2
      vertex 10.8 76.6 -3.2
    endloop
  endfacet
  facet normal -0.707107 0.707107 0
    outer loop
      vertex 10.6 76.4 -3.2
      vertex 10.8 76.6 -3.6
      vertex 10.6 76.4 -3.6
    endloop
  endfacet
  facet normal -0.57735 0.57735 0.57735
    outer loop
      vertex 10.8 76.4 -3
      vertex 10.8 76.6 -3.2
      vertex 10.6 76.4 -3.2
    endloop
  endfacet
  facet normal -0.57735 0.57735 -0.57735
    outer loop
      vertex 11 76.4 -1.6
      vertex 10.8 76.6 -1.2
      vertex 11.2 76.6 -1.6
    endloop
  endfacet
  facet normal -0.57735 0.57735 -0.57735
    outer loop
      vertex 10.8 76.6 -1.2
      vertex 11 76.4 -1.6
      vertex 10.6 76.4 -1.2
    endloop
  endfacet
  facet normal -0.707107 0.707107 0
    outer loop
      vertex 10.8 76.6 -1.2
      vertex 10.6 76.4 -0.799999
      vertex 10.8 76.6 -0.799999
    endloop
  endfacet
  facet normal -0.707107 0.707107 0
    outer loop
      vertex 10.6 76.4 -0.799999
      vertex 10.8 76.6 -1.2
      vertex 10.6 76.4 -1.2
    endloop
  endfacet
  facet normal -0.57735 0.57735 -0.57735
    outer loop
      vertex 10.8 76.6 -0.799999
      vertex 10.6 76.4 -0.799999
      vertex 10.4 76.4 -0.599999
    endloop
  endfacet
  facet normal -0.57735 0.577349 -0.577352
    outer loop
      vertex 10.4 76.6 -0.4
      vertex 10.8 76.6 -0.799999
      vertex 10.4 76.4 -0.599999
    endloop
  endfacet
  facet normal -0.57735 0.57735 0.57735
    outer loop
      vertex 11 76.4 -2.8
      vertex 10.8 76.4 -3
      vertex 10.8 76.2 -2.8
    endloop
  endfacet
  facet normal -0.707107 0.707107 0
    outer loop
      vertex 10.8 76.2 -2.8
      vertex 11 76.4 -1.6
      vertex 11 76.4 -2.8
    endloop
  endfacet
  facet normal -0.707107 0.707107 0
    outer loop
      vertex 11 76.4 -1.6
      vertex 10.8 76.2 -2.8
      vertex 10.8 76.2 -1.6
    endloop
  endfacet
  facet normal -0.57735 0.57735 0.57735
    outer loop
      vertex 11 76.4 -2.8
      vertex 10.8 76.6 -3.2
      vertex 10.8 76.4 -3
    endloop
  endfacet
  facet normal -0.57735 0.57735 0.57735
    outer loop
      vertex 11 76.4 -2.8
      vertex 11.2 76.6 -2.8
      vertex 10.8 76.6 -3.2
    endloop
  endfacet
  facet normal -0.707107 0.707107 0
    outer loop
      vertex 11.2 76.6 -2.8
      vertex 11 76.4 -1.6
      vertex 11.2 76.6 -1.6
    endloop
  endfacet
  facet normal -0.707107 0.707107 0
    outer loop
      vertex 11 76.4 -1.6
      vertex 11.2 76.6 -2.8
      vertex 11 76.4 -2.8
    endloop
  endfacet
  facet normal -0.57735 -0.57735 -0.57735
    outer loop
      vertex 16.4 72.4 -5
      vertex 16.4 72.2 -4.8
      vertex 16.2 72.4 -4.8
    endloop
  endfacet
  facet normal -0.707107 -0.707107 0
    outer loop
      vertex 16.4 72.2 -4.8
      vertex 16.2 72.4 -2.8
      vertex 16.2 72.4 -4.8
    endloop
  endfacet
  facet normal -0.707107 -0.707107 0
    outer loop
      vertex 16.2 72.4 -2.8
      vertex 16.4 72.2 -4.8
      vertex 16.4 72.2 -2.8
    endloop
  endfacet
  facet normal -0.57735 -0.57735 0.57735
    outer loop
      vertex 16.4 72.2 -2.8
      vertex 16.4 72.4 -2.6
      vertex 16.2 72.4 -2.8
    endloop
  endfacet
  facet normal -0.707107 0 -0.707107
    outer loop
      vertex 16.4 72.4 -5
      vertex 16.2 74 -4.8
      vertex 16.4 74 -5
    endloop
  endfacet
  facet normal -0.707107 -0 -0.707107
    outer loop
      vertex 16.2 74 -4.8
      vertex 16.4 72.4 -5
      vertex 16.2 72.4 -4.8
    endloop
  endfacet
  facet normal -1 0 0
    outer loop
      vertex 16.2 72.4 -4.8
      vertex 16.2 74 -2.8
      vertex 16.2 74 -4.8
    endloop
  endfacet
  facet normal -1 -0 0
    outer loop
      vertex 16.2 74 -2.8
      vertex 16.2 72.4 -4.8
      vertex 16.2 72.4 -2.8
    endloop
  endfacet
  facet normal -0.707107 0 0.707107
    outer loop
      vertex 16.2 72.4 -2.8
      vertex 16.4 74 -2.6
      vertex 16.2 74 -2.8
    endloop
  endfacet
  facet normal -0.707107 0 0.707107
    outer loop
      vertex 16.4 74 -2.6
      vertex 16.2 72.4 -2.8
      vertex 16.4 72.4 -2.6
    endloop
  endfacet
  facet normal -0.57735 -0.57735 -0.57735
    outer loop
      vertex 16.4 74 -5
      vertex 16.2 74 -4.8
      vertex 16 74.2 -4.8
    endloop
  endfacet
  facet normal -0.57735 -0.57735 -0.57735
    outer loop
      vertex 16.4 74.2 -5.2
      vertex 16.4 74 -5
      vertex 16 74.2 -4.8
    endloop
  endfacet
  facet normal -0.707107 -0.707107 0
    outer loop
      vertex 16 74.2 -4.8
      vertex 16.2 74 -2.8
      vertex 16 74.2 -2.8
    endloop
  endfacet
  facet normal -0.707107 -0.707107 -0
    outer loop
      vertex 16.2 74 -2.8
      vertex 16 74.2 -4.8
      vertex 16.2 74 -4.8
    endloop
  endfacet
  facet normal -0.57735 -0.57735 0.57735
    outer loop
      vertex 16.4 74 -2.6
      vertex 16.4 74.2 -2.4
      vertex 16.2 74 -2.8
    endloop
  endfacet
  facet normal -0.57735 -0.57735 0.57735
    outer loop
      vertex 16.2 74 -2.8
      vertex 16.4 74.2 -2.4
      vertex 16 74.2 -2.8
    endloop
  endfacet
  facet normal 0 -0.707107 -0.707107
    outer loop
      vertex 16.4 72.2 -4.8
      vertex 32.8 72.4 -5
      vertex 32.8 72.2 -4.8
    endloop
  endfacet
  facet normal -0 -0.707107 -0.707107
    outer loop
      vertex 32.8 72.4 -5
      vertex 16.4 72.2 -4.8
      vertex 16.4 72.4 -5
    endloop
  endfacet
  facet normal 0 -1 0
    outer loop
      vertex 16.4 72.2 -4.8
      vertex 32.4 72.2 -2.8
      vertex 16.4 72.2 -2.8
    endloop
  endfacet
  facet normal -0 -1 0
    outer loop
      vertex 34 72.2 -4
      vertex 32.4 72.2 -2.8
      vertex 33.2 72.2 -4.4
    endloop
  endfacet
  facet normal 0 -1 0
    outer loop
      vertex 32.4 72.2 -2.8
      vertex 34.4 72.2 -3.6
      vertex 34.8 72.2 -3.2
    endloop
  endfacet
  facet normal 0 -1 0
    outer loop
      vertex 32.4 72.2 -2.8
      vertex 34 72.2 -4
      vertex 34.4 72.2 -3.6
    endloop
  endfacet
  facet normal 0 -1 -0
    outer loop
      vertex 32.4 72.2 -2.8
      vertex 16.4 72.2 -4.8
      vertex 32.8 72.2 -4.8
    endloop
  endfacet
  facet normal 0 -1 0
    outer loop
      vertex 32.4 72.2 -2.8
      vertex 32.8 72.2 -4.8
      vertex 33.2 72.2 -4.4
    endloop
  endfacet
  facet normal 0 -1 0
    outer loop
      vertex 32.8 72.2 -2.4
      vertex 34.8 72.2 11.2
      vertex 32.8 72.2 11.2
    endloop
  endfacet
  facet normal 0 -1 0
    outer loop
      vertex 32.8 72.2 -2.4
      vertex 34.8 72.2 -3.2
      vertex 34.8 72.2 11.2
    endloop
  endfacet
  facet normal 0 -1 0
    outer loop
      vertex 34.8 72.2 -3.2
      vertex 32.8 72.2 -2.4
      vertex 32.4 72.2 -2.8
    endloop
  endfacet
  facet normal 0 -1 0
    outer loop
      vertex 34 72.2 -4
      vertex 33.2 72.2 -4.4
      vertex 33.6 72.2 -4.4
    endloop
  endfacet
  facet normal 0 -0.707107 0.707107
    outer loop
      vertex 16.4 72.4 -2.6
      vertex 32.4 72.2 -2.8
      vertex 32.4 72.4 -2.6
    endloop
  endfacet
  facet normal 0 -0.707107 0.707107
    outer loop
      vertex 32.4 72.2 -2.8
      vertex 16.4 72.4 -2.6
      vertex 16.4 72.2 -2.8
    endloop
  endfacet
  facet normal -0.57735 -0.57735 -0.57735
    outer loop
      vertex 16.8 72.4 11
      vertex 16.8 72.2 11.2
      vertex 16.6 72.4 11.2
    endloop
  endfacet
  facet normal -0.707107 -0.707107 0
    outer loop
      vertex 16.8 72.2 11.2
      vertex 16.6 72.4 12.8
      vertex 16.6 72.4 11.2
    endloop
  endfacet
  facet normal -0.707107 -0.707107 0
    outer loop
      vertex 16.6 72.4 12.8
      vertex 16.8 72.2 11.2
      vertex 16.8 72.2 12.8
    endloop
  endfacet
  facet normal -0.57735 -0.57735 0.57735
    outer loop
      vertex 16.8 72.2 12.8
      vertex 16.8 72.4 13
      vertex 16.6 72.4 12.8
    endloop
  endfacet
  facet normal -0.57735 -0.57735 -0.57735
    outer loop
      vertex 16.8 72.4 15.4
      vertex 16.8 72.2 15.6
      vertex 16.6 72.4 15.6
    endloop
  endfacet
  facet normal -0.707107 -0.707107 0
    outer loop
      vertex 16.8 72.2 15.6
      vertex 16.6 72.4 17.2
      vertex 16.6 72.4 15.6
    endloop
  endfacet
  facet normal -0.707107 -0.707107 0
    outer loop
      vertex 16.6 72.4 17.2
      vertex 16.8 72.2 15.6
      vertex 16.8 72.2 17.2
    endloop
  endfacet
  facet normal -0.57735 -0.57735 0.57735
    outer loop
      vertex 16.8 72.2 17.2
      vertex 16.8 72.4 17.4
      vertex 16.6 72.4 17.2
    endloop
  endfacet
  facet normal 0 0 -1
    outer loop
      vertex 16.4 72.4 -5
      vertex 32.8 74 -5
      vertex 32.8 72.4 -5
    endloop
  endfacet
  facet normal -0 0 -1
    outer loop
      vertex 32.8 74 -5
      vertex 16.4 72.4 -5
      vertex 16.4 74 -5
    endloop
  endfacet
  facet normal -0 0 1
    outer loop
      vertex 16.4 74 -2.6
      vertex 32.4 72.4 -2.6
      vertex 32.4 74 -2.6
    endloop
  endfacet
  facet normal 0 0 1
    outer loop
      vertex 32.4 72.4 -2.6
      vertex 16.4 74 -2.6
      vertex 16.4 72.4 -2.6
    endloop
  endfacet
  facet normal -0.707107 0 -0.707107
    outer loop
      vertex 16.8 72.4 11
      vertex 16.6 74 11.2
      vertex 16.8 74 11
    endloop
  endfacet
  facet normal -0.707107 -0 -0.707107
    outer loop
      vertex 16.6 74 11.2
      vertex 16.8 72.4 11
      vertex 16.6 72.4 11.2
    endloop
  endfacet
  facet normal -1 0 0
    outer loop
      vertex 16.6 74 11.2
      vertex 16.6 72.8 13.2
      vertex 16.6 74 13.2
    endloop
  endfacet
  facet normal -1 0 0
    outer loop
      vertex 16.6 72.4 12.8
      vertex 16.6 74 11.2
      vertex 16.6 72.4 11.2
    endloop
  endfacet
  facet normal -1 0 0
    outer loop
      vertex 16.6 74 11.2
      vertex 16.6 72.4 12.8
      vertex 16.6 72.8 13.2
    endloop
  endfacet
  facet normal -0.57735 -0.57735 0.57735
    outer loop
      vertex 16.8 72.4 13
      vertex 16.8 72.6 13.2
      vertex 16.6 72.4 12.8
    endloop
  endfacet
  facet normal -0.57735 -0.57735 0.57735
    outer loop
      vertex 16.8 72.6 13.2
      vertex 16.6 72.8 13.2
      vertex 16.6 72.4 12.8
    endloop
  endfacet
  facet normal -0.57735 -0.57735 0.57735
    outer loop
      vertex 16.8 72.6 13.2
      vertex 16.8 72.8 13.4
      vertex 16.6 72.8 13.2
    endloop
  endfacet
  facet normal -0.57735 -0.57735 -0.57735
    outer loop
      vertex 16.8 72.8 15
      vertex 16.8 72.6 15.2
      vertex 16.6 72.8 15.2
    endloop
  endfacet
  facet normal -0.57735 -0.57735 -0.57735
    outer loop
      vertex 16.8 72.6 15.2
      vertex 16.8 72.4 15.4
      vertex 16.6 72.8 15.2
    endloop
  endfacet
  facet normal -0.57735 -0.57735 -0.57735
    outer loop
      vertex 16.6 72.8 15.2
      vertex 16.8 72.4 15.4
      vertex 16.6 72.4 15.6
    endloop
  endfacet
  facet normal -1 0 0
    outer loop
      vertex 16.6 72.8 15.2
      vertex 16.6 74 17.2
      vertex 16.6 74 15.2
    endloop
  endfacet
  facet normal -1 0 0
    outer loop
      vertex 16.6 72.4 15.6
      vertex 16.6 74 17.2
      vertex 16.6 72.8 15.2
    endloop
  endfacet
  facet normal -1 -0 0
    outer loop
      vertex 16.6 74 17.2
      vertex 16.6 72.4 15.6
      vertex 16.6 72.4 17.2
    endloop
  endfacet
  facet normal -0.707107 0 0.707107
    outer loop
      vertex 16.6 72.4 17.2
      vertex 16.8 74 17.4
      vertex 16.6 74 17.2
    endloop
  endfacet
  facet normal -0.707107 0 0.707107
    outer loop
      vertex 16.8 74 17.4
      vertex 16.6 72.4 17.2
      vertex 16.8 72.4 17.4
    endloop
  endfacet
  facet normal -0.707107 0 0.707107
    outer loop
      vertex 16.6 72.8 13.2
      vertex 16.8 74 13.4
      vertex 16.6 74 13.2
    endloop
  endfacet
  facet normal -0.707107 0 0.707107
    outer loop
      vertex 16.8 74 13.4
      vertex 16.6 72.8 13.2
      vertex 16.8 72.8 13.4
    endloop
  endfacet
  facet normal -0.707107 0 -0.707107
    outer loop
      vertex 16.8 72.8 15
      vertex 16.6 74 15.2
      vertex 16.8 74 15
    endloop
  endfacet
  facet normal -0.707107 -0 -0.707107
    outer loop
      vertex 16.6 74 15.2
      vertex 16.8 72.8 15
      vertex 16.6 72.8 15.2
    endloop
  endfacet
  facet normal 0 -0.707107 -0.707107
    outer loop
      vertex 16.4 74.2 -5.2
      vertex 32.8 74 -5
      vertex 16.4 74 -5
    endloop
  endfacet
  facet normal 0 -0.707107 -0.707107
    outer loop
      vertex 32.8 74 -5
      vertex 16.4 74.2 -5.2
      vertex 32.8 74.2 -5.2
    endloop
  endfacet
  facet normal 0 -0.707107 0.707107
    outer loop
      vertex 16.4 74 -2.6
      vertex 32.4 74.2 -2.4
      vertex 16.4 74.2 -2.4
    endloop
  endfacet
  facet normal 0 -0.707107 0.707107
    outer loop
      vertex 32.4 74.2 -2.4
      vertex 16.4 74 -2.6
      vertex 32.4 74 -2.6
    endloop
  endfacet
  facet normal -0.57735 -0.57735 -0.57735
    outer loop
      vertex 16.8 74 11
      vertex 16.6 74 11.2
      vertex 16.4 74.2 11.2
    endloop
  endfacet
  facet normal -0.57735 -0.57735 -0.57735
    outer loop
      vertex 16.8 74.2 10.8
      vertex 16.8 74 11
      vertex 16.4 74.2 11.2
    endloop
  endfacet
  facet normal -0.707107 -0.707107 0
    outer loop
      vertex 16.4 74.2 11.2
      vertex 16.6 74 13.2
      vertex 16.4 74.2 13.2
    endloop
  endfacet
  facet normal -0.707107 -0.707107 -0
    outer loop
      vertex 16.6 74 13.2
      vertex 16.4 74.2 11.2
      vertex 16.6 74 11.2
    endloop
  endfacet
  facet normal -0.57735 -0.57735 0.57735
    outer loop
      vertex 16.8 74 13.4
      vertex 16.8 74.2 13.6
      vertex 16.6 74 13.2
    endloop
  endfacet
  facet normal -0.57735 -0.57735 0.57735
    outer loop
      vertex 16.6 74 13.2
      vertex 16.8 74.2 13.6
      vertex 16.4 74.2 13.2
    endloop
  endfacet
  facet normal -0.57735 -0.57735 -0.57735
    outer loop
      vertex 16.8 74 15
      vertex 16.6 74 15.2
      vertex 16.4 74.2 15.2
    endloop
  endfacet
  facet normal -0.57735 -0.57735 -0.57735
    outer loop
      vertex 16.8 74.2 14.8
      vertex 16.8 74 15
      vertex 16.4 74.2 15.2
    endloop
  endfacet
  facet normal -0.707107 -0.707107 0
    outer loop
      vertex 16.4 74.2 15.2
      vertex 16.6 74 17.2
      vertex 16.4 74.2 17.2
    endloop
  endfacet
  facet normal -0.707107 -0.707107 -0
    outer loop
      vertex 16.6 74 17.2
      vertex 16.4 74.2 15.2
      vertex 16.6 74 15.2
    endloop
  endfacet
  facet normal -0.57735 -0.57735 0.57735
    outer loop
      vertex 16.4 74.2 17.2
      vertex 16.8 74 17.4
      vertex 16.8 74.2 17.6
    endloop
  endfacet
  facet normal -0.57735 -0.57735 0.57735
    outer loop
      vertex 16.8 74 17.4
      vertex 16.4 74.2 17.2
      vertex 16.6 74 17.2
    endloop
  endfacet
  facet normal 0 -0.707107 -0.707107
    outer loop
      vertex 16.8 72.2 11.2
      vertex 18.8 72.4 11
      vertex 18.8 72.2 11.2
    endloop
  endfacet
  facet normal -0 -0.707107 -0.707107
    outer loop
      vertex 18.8 72.4 11
      vertex 16.8 72.2 11.2
      vertex 16.8 72.4 11
    endloop
  endfacet
  facet normal 0 -1 0
    outer loop
      vertex 16.8 72.2 11.2
      vertex 18.8 72.2 12.8
      vertex 16.8 72.2 12.8
    endloop
  endfacet
  facet normal 0 -1 -0
    outer loop
      vertex 18.8 72.2 12.8
      vertex 16.8 72.2 11.2
      vertex 18.8 72.2 11.2
    endloop
  endfacet
  facet normal 0 -0.707107 0.707107
    outer loop
      vertex 16.8 72.4 13
      vertex 18.8 72.2 12.8
      vertex 18.8 72.4 13
    endloop
  endfacet
  facet normal 0 -0.707107 0.707107
    outer loop
      vertex 18.8 72.2 12.8
      vertex 16.8 72.4 13
      vertex 16.8 72.2 12.8
    endloop
  endfacet
  facet normal 0 -0.707107 -0.707107
    outer loop
      vertex 16.8 72.2 15.6
      vertex 18.8 72.4 15.4
      vertex 18.8 72.2 15.6
    endloop
  endfacet
  facet normal -0 -0.707107 -0.707107
    outer loop
      vertex 18.8 72.4 15.4
      vertex 16.8 72.2 15.6
      vertex 16.8 72.4 15.4
    endloop
  endfacet
  facet normal 0 -1 0
    outer loop
      vertex 16.8 72.2 15.6
      vertex 18.8 72.2 17.2
      vertex 16.8 72.2 17.2
    endloop
  endfacet
  facet normal 0 -1 -0
    outer loop
      vertex 18.8 72.2 17.2
      vertex 16.8 72.2 15.6
      vertex 18.8 72.2 15.6
    endloop
  endfacet
  facet normal 0 -0.707107 0.707107
    outer loop
      vertex 16.8 72.4 17.4
      vertex 18.8 72.2 17.2
      vertex 18.8 72.4 17.4
    endloop
  endfacet
  facet normal 0 -0.707107 0.707107
    outer loop
      vertex 18.8 72.2 17.2
      vertex 16.8 72.4 17.4
      vertex 16.8 72.2 17.2
    endloop
  endfacet
  facet normal 0 0 -1
    outer loop
      vertex 16.8 72.4 11
      vertex 18.8 74 11
      vertex 18.8 72.4 11
    endloop
  endfacet
  facet normal -0 0 -1
    outer loop
      vertex 18.8 74 11
      vertex 16.8 72.4 11
      vertex 16.8 74 11
    endloop
  endfacet
  facet normal 0 -0.707107 0.707107
    outer loop
      vertex 16.8 72.4 13
      vertex 18.8 72.6 13.2
      vertex 16.8 72.6 13.2
    endloop
  endfacet
  facet normal 0 -0.707107 0.707107
    outer loop
      vertex 18.8 72.6 13.2
      vertex 16.8 72.4 13
      vertex 18.8 72.4 13
    endloop
  endfacet
  facet normal 0 -0.707107 0.707107
    outer loop
      vertex 16.8 72.8 13.4
      vertex 18.8 72.6 13.2
      vertex 18.8 72.8 13.4
    endloop
  endfacet
  facet normal 0 -0.707107 0.707107
    outer loop
      vertex 18.8 72.6 13.2
      vertex 16.8 72.8 13.4
      vertex 16.8 72.6 13.2
    endloop
  endfacet
  facet normal 0 -0.707107 -0.707107
    outer loop
      vertex 16.8 72.6 15.2
      vertex 18.8 72.8 15
      vertex 18.8 72.6 15.2
    endloop
  endfacet
  facet normal -0 -0.707107 -0.707107
    outer loop
      vertex 18.8 72.8 15
      vertex 16.8 72.6 15.2
      vertex 16.8 72.8 15
    endloop
  endfacet
  facet normal 0 -0.707107 -0.707107
    outer loop
      vertex 16.8 72.6 15.2
      vertex 18.8 72.4 15.4
      vertex 16.8 72.4 15.4
    endloop
  endfacet
  facet normal 0 -0.707107 -0.707107
    outer loop
      vertex 18.8 72.4 15.4
      vertex 16.8 72.6 15.2
      vertex 18.8 72.6 15.2
    endloop
  endfacet
  facet normal -0 0 1
    outer loop
      vertex 16.8 74 17.4
      vertex 18.8 72.4 17.4
      vertex 18.8 74 17.4
    endloop
  endfacet
  facet normal 0 0 1
    outer loop
      vertex 18.8 72.4 17.4
      vertex 16.8 74 17.4
      vertex 16.8 72.4 17.4
    endloop
  endfacet
  facet normal -0 0 1
    outer loop
      vertex 16.8 74 13.4
      vertex 18.8 72.8 13.4
      vertex 18.8 74 13.4
    endloop
  endfacet
  facet normal 0 0 1
    outer loop
      vertex 18.8 72.8 13.4
      vertex 16.8 74 13.4
      vertex 16.8 72.8 13.4
    endloop
  endfacet
  facet normal 0 0 -1
    outer loop
      vertex 16.8 72.8 15
      vertex 18.8 74 15
      vertex 18.8 72.8 15
    endloop
  endfacet
  facet normal -0 0 -1
    outer loop
      vertex 18.8 74 15
      vertex 16.8 72.8 15
      vertex 16.8 74 15
    endloop
  endfacet
  facet normal 0 -0.707107 -0.707107
    outer loop
      vertex 16.8 74.2 10.8
      vertex 18.8 74 11
      vertex 16.8 74 11
    endloop
  endfacet
  facet normal 0 -0.707107 -0.707107
    outer loop
      vertex 18.8 74 11
      vertex 16.8 74.2 10.8
      vertex 18.8 74.2 10.8
    endloop
  endfacet
  facet normal 0 -0.707107 0.707107
    outer loop
      vertex 16.8 74 13.4
      vertex 18.8 74.2 13.6
      vertex 16.8 74.2 13.6
    endloop
  endfacet
  facet normal 0 -0.707107 0.707107
    outer loop
      vertex 18.8 74.2 13.6
      vertex 16.8 74 13.4
      vertex 18.8 74 13.4
    endloop
  endfacet
  facet normal 0 -0.707107 -0.707107
    outer loop
      vertex 16.8 74.2 14.8
      vertex 18.8 74 15
      vertex 16.8 74 15
    endloop
  endfacet
  facet normal 0 -0.707107 -0.707107
    outer loop
      vertex 18.8 74 15
      vertex 16.8 74.2 14.8
      vertex 18.8 74.2 14.8
    endloop
  endfacet
  facet normal 0 -0.707107 0.707107
    outer loop
      vertex 16.8 74 17.4
      vertex 18.8 74.2 17.6
      vertex 16.8 74.2 17.6
    endloop
  endfacet
  facet normal 0 -0.707107 0.707107
    outer loop
      vertex 18.8 74.2 17.6
      vertex 16.8 74 17.4
      vertex 18.8 74 17.4
    endloop
  endfacet
  facet normal 0.57735 -0.57735 -0.57735
    outer loop
      vertex 18.8 72.4 11
      vertex 19 72.4 11.2
      vertex 18.8 72.2 11.2
    endloop
  endfacet
  facet normal 0.707107 -0.707107 0
    outer loop
      vertex 18.8 72.2 12.8
      vertex 19 72.4 11.2
      vertex 19 72.4 12.8
    endloop
  endfacet
  facet normal 0.707107 -0.707107 0
    outer loop
      vertex 19 72.4 11.2
      vertex 18.8 72.2 12.8
      vertex 18.8 72.2 11.2
    endloop
  endfacet
  facet normal 0.57735 -0.57735 0.57735
    outer loop
      vertex 19 72.4 12.8
      vertex 18.8 72.4 13
      vertex 18.8 72.2 12.8
    endloop
  endfacet
  facet normal 0.57735 -0.57735 -0.57735
    outer loop
      vertex 18.8 72.4 15.4
      vertex 19 72.4 15.6
      vertex 18.8 72.2 15.6
    endloop
  endfacet
  facet normal 0.707107 -0.707107 0
    outer loop
      vertex 18.8 72.2 17.2
      vertex 19 72.4 15.6
      vertex 19 72.4 17.2
    endloop
  endfacet
  facet normal 0.707107 -0.707107 0
    outer loop
      vertex 19 72.4 15.6
      vertex 18.8 72.2 17.2
      vertex 18.8 72.2 15.6
    endloop
  endfacet
  facet normal 0.57735 -0.57735 0.57735
    outer loop
      vertex 19 72.4 17.2
      vertex 18.8 72.4 17.4
      vertex 18.8 72.2 17.2
    endloop
  endfacet
  facet normal 0.707107 0 -0.707107
    outer loop
      vertex 18.8 72.4 11
      vertex 19 74 11.2
      vertex 19 72.4 11.2
    endloop
  endfacet
  facet normal 0.707107 0 -0.707107
    outer loop
      vertex 19 74 11.2
      vertex 18.8 72.4 11
      vertex 18.8 74 11
    endloop
  endfacet
  facet normal 1 -0 0
    outer loop
      vertex 19 72.8 13.2
      vertex 19 74 11.2
      vertex 19 74 13.2
    endloop
  endfacet
  facet normal 1 -0 0
    outer loop
      vertex 19 72.4 12.8
      vertex 19 74 11.2
      vertex 19 72.8 13.2
    endloop
  endfacet
  facet normal 1 0 0
    outer loop
      vertex 19 74 11.2
      vertex 19 72.4 12.8
      vertex 19 72.4 11.2
    endloop
  endfacet
  facet normal 0.57735 -0.57735 0.57735
    outer loop
      vertex 19 72.8 13.2
      vertex 18.8 72.6 13.2
      vertex 18.8 72.4 13
    endloop
  endfacet
  facet normal 0.57735 -0.57735 0.57735
    outer loop
      vertex 19 72.4 12.8
      vertex 19 72.8 13.2
      vertex 18.8 72.4 13
    endloop
  endfacet
  facet normal 0.57735 -0.57735 0.57735
    outer loop
      vertex 19 72.8 13.2
      vertex 18.8 72.8 13.4
      vertex 18.8 72.6 13.2
    endloop
  endfacet
  facet normal 0.57735 -0.57735 -0.57735
    outer loop
      vertex 18.8 72.8 15
      vertex 19 72.8 15.2
      vertex 18.8 72.6 15.2
    endloop
  endfacet
  facet normal 0.57735 -0.57735 -0.57735
    outer loop
      vertex 18.8 72.6 15.2
      vertex 19 72.4 15.6
      vertex 18.8 72.4 15.4
    endloop
  endfacet
  facet normal 0.57735 -0.57735 -0.57735
    outer loop
      vertex 19 72.8 15.2
      vertex 19 72.4 15.6
      vertex 18.8 72.6 15.2
    endloop
  endfacet
  facet normal 1 0 0
    outer loop
      vertex 19 74 17.2
      vertex 19 72.8 15.2
      vertex 19 74 15.2
    endloop
  endfacet
  facet normal 1 0 0
    outer loop
      vertex 19 72.4 15.6
      vertex 19 74 17.2
      vertex 19 72.4 17.2
    endloop
  endfacet
  facet normal 1 0 0
    outer loop
      vertex 19 74 17.2
      vertex 19 72.4 15.6
      vertex 19 72.8 15.2
    endloop
  endfacet
  facet normal 0.707107 0 0.707107
    outer loop
      vertex 18.8 74 17.4
      vertex 19 72.4 17.2
      vertex 19 74 17.2
    endloop
  endfacet
  facet normal 0.707107 0 0.707107
    outer loop
      vertex 19 72.4 17.2
      vertex 18.8 74 17.4
      vertex 18.8 72.4 17.4
    endloop
  endfacet
  facet normal 0.707107 0 0.707107
    outer loop
      vertex 18.8 74 13.4
      vertex 19 72.8 13.2
      vertex 19 74 13.2
    endloop
  endfacet
  facet normal 0.707107 0 0.707107
    outer loop
      vertex 19 72.8 13.2
      vertex 18.8 74 13.4
      vertex 18.8 72.8 13.4
    endloop
  endfacet
  facet normal 0.707107 0 -0.707107
    outer loop
      vertex 18.8 72.8 15
      vertex 19 74 15.2
      vertex 19 72.8 15.2
    endloop
  endfacet
  facet normal 0.707107 0 -0.707107
    outer loop
      vertex 19 74 15.2
      vertex 18.8 72.8 15
      vertex 18.8 74 15
    endloop
  endfacet
  facet normal 0.57735 -0.57735 -0.57735
    outer loop
      vertex 18.8 74 11
      vertex 19.2 74.2 11.2
      vertex 19 74 11.2
    endloop
  endfacet
  facet normal 0.57735 -0.57735 -0.57735
    outer loop
      vertex 19.2 74.2 11.2
      vertex 18.8 74 11
      vertex 18.8 74.2 10.8
    endloop
  endfacet
  facet normal 0.707107 -0.707107 0
    outer loop
      vertex 19 74 11.2
      vertex 19.2 74.2 13.2
      vertex 19 74 13.2
    endloop
  endfacet
  facet normal 0.707107 -0.707107 0
    outer loop
      vertex 19.2 74.2 13.2
      vertex 19 74 11.2
      vertex 19.2 74.2 11.2
    endloop
  endfacet
  facet normal 0.57735 -0.57735 0.57735
    outer loop
      vertex 19 74 13.2
      vertex 19.2 74.2 13.2
      vertex 18.8 74 13.4
    endloop
  endfacet
  facet normal 0.57735 -0.57735 0.57735
    outer loop
      vertex 19.2 74.2 13.2
      vertex 18.8 74.2 13.6
      vertex 18.8 74 13.4
    endloop
  endfacet
  facet normal 0.57735 -0.57735 -0.57735
    outer loop
      vertex 18.8 74 15
      vertex 19.2 74.2 15.2
      vertex 19 74 15.2
    endloop
  endfacet
  facet normal 0.57735 -0.57735 -0.57735
    outer loop
      vertex 19.2 74.2 15.2
      vertex 18.8 74 15
      vertex 18.8 74.2 14.8
    endloop
  endfacet
  facet normal 0.707107 -0.707107 0
    outer loop
      vertex 19 74 15.2
      vertex 19.2 74.2 17.2
      vertex 19 74 17.2
    endloop
  endfacet
  facet normal 0.707107 -0.707107 0
    outer loop
      vertex 19.2 74.2 17.2
      vertex 19 74 15.2
      vertex 19.2 74.2 15.2
    endloop
  endfacet
  facet normal 0.57735 -0.57735 0.57735
    outer loop
      vertex 19 74 17.2
      vertex 19.2 74.2 17.2
      vertex 18.8 74 17.4
    endloop
  endfacet
  facet normal 0.57735 -0.57735 0.57735
    outer loop
      vertex 19.2 74.2 17.2
      vertex 18.8 74.2 17.6
      vertex 18.8 74 17.4
    endloop
  endfacet
  facet normal -0.57735 -0.57735 0.57735
    outer loop
      vertex 32.8 72.2 -2.4
      vertex 32.6 72.4 -2.4
      vertex 32.4 72.4 -2.6
    endloop
  endfacet
  facet normal -0.57735 -0.57735 0.57735
    outer loop
      vertex 32.8 72.2 -2.4
      vertex 32.4 72.4 -2.6
      vertex 32.4 72.2 -2.8
    endloop
  endfacet
  facet normal -0.707107 -0.707107 0
    outer loop
      vertex 32.8 72.2 -2.4
      vertex 32.6 72.4 11.2
      vertex 32.6 72.4 -2.4
    endloop
  endfacet
  facet normal -0.707107 -0.707107 0
    outer loop
      vertex 32.6 72.4 11.2
      vertex 32.8 72.2 -2.4
      vertex 32.8 72.2 11.2
    endloop
  endfacet
  facet normal -0.57735 -0.57735 0.57735
    outer loop
      vertex 32.8 72.2 11.2
      vertex 32.8 72.4 11.4
      vertex 32.6 72.4 11.2
    endloop
  endfacet
  facet normal -0.57735 -0.57735 -0.57735
    outer loop
      vertex 32.8 72.4 17
      vertex 32.8 72.2 17.2
      vertex 32.6 72.4 17.2
    endloop
  endfacet
  facet normal -0.707107 -0.707107 0
    outer loop
      vertex 32.8 72.2 17.2
      vertex 32.6 72.4 23.2
      vertex 32.6 72.4 17.2
    endloop
  endfacet
  facet normal -0.707107 -0.707107 0
    outer loop
      vertex 32.6 72.4 23.2
      vertex 32.8 72.2 17.2
      vertex 32.8 72.2 23.2
    endloop
  endfacet
  facet normal -0.57735 -0.57735 -0.57735
    outer loop
      vertex 32.4 72.4 23.4
      vertex 32.6 72.4 23.2
      vertex 32.4 72.2 23.6
    endloop
  endfacet
  facet normal -0.57735 -0.57735 -0.57735
    outer loop
      vertex 32.6 72.4 23.2
      vertex 32.8 72.2 23.2
      vertex 32.4 72.2 23.6
    endloop
  endfacet
  facet normal 0 -1 0
    outer loop
      vertex 32.4 72.2 23.6
      vertex 32.8 72.2 23.2
      vertex 34.4 72.2 23.6
    endloop
  endfacet
  facet normal 0 -1 0
    outer loop
      vertex 34.8 72.2 17.2
      vertex 32.8 72.2 23.2
      vertex 32.8 72.2 17.2
    endloop
  endfacet
  facet normal 0 -1 0
    outer loop
      vertex 32.8 72.2 23.2
      vertex 34.8 72.2 17.2
      vertex 34.4 72.2 23.6
    endloop
  endfacet
  facet normal 0 -1 0
    outer loop
      vertex 34.4 72.2 23.6
      vertex 34.8 72.2 17.2
      vertex 34.8 72.2 24
    endloop
  endfacet
  facet normal -0.707107 0 0.707107
    outer loop
      vertex 32.4 72.4 -2.6
      vertex 32.6 74 -2.4
      vertex 32.4 74 -2.6
    endloop
  endfacet
  facet normal -0.707107 0 0.707107
    outer loop
      vertex 32.6 74 -2.4
      vertex 32.4 72.4 -2.6
      vertex 32.6 72.4 -2.4
    endloop
  endfacet
  facet normal -1 0 0
    outer loop
      vertex 32.6 72.4 -2.4
      vertex 32.6 74 11.2
      vertex 32.6 74 -2.4
    endloop
  endfacet
  facet normal -1 -0 0
    outer loop
      vertex 32.6 74 11.2
      vertex 32.6 72.4 -2.4
      vertex 32.6 72.4 11.2
    endloop
  endfacet
  facet normal -0.707107 0 0.707107
    outer loop
      vertex 32.6 74 11.2
      vertex 32.8 72.4 11.4
      vertex 32.8 74 11.4
    endloop
  endfacet
  facet normal -0.707107 0 0.707107
    outer loop
      vertex 32.8 72.4 11.4
      vertex 32.6 74 11.2
      vertex 32.6 72.4 11.2
    endloop
  endfacet
  facet normal -0.707107 0 -0.707107
    outer loop
      vertex 32.8 72.4 17
      vertex 32.6 74 17.2
      vertex 32.8 74 17
    endloop
  endfacet
  facet normal -0.707107 -0 -0.707107
    outer loop
      vertex 32.6 74 17.2
      vertex 32.8 72.4 17
      vertex 32.6 72.4 17.2
    endloop
  endfacet
  facet normal -1 0 0
    outer loop
      vertex 32.6 72.4 17.2
      vertex 32.6 74 21.6
      vertex 32.6 74 17.2
    endloop
  endfacet
  facet normal -1 -0 0
    outer loop
      vertex 32.6 74 21.6
      vertex 32.6 72.4 17.2
      vertex 32.6 73.6 22
    endloop
  endfacet
  facet normal -1 -0 0
    outer loop
      vertex 32.6 73.6 22
      vertex 32.6 72.4 17.2
      vertex 32.6 73.2 22.4
    endloop
  endfacet
  facet normal -1 -0 0
    outer loop
      vertex 32.6 73.2 22.4
      vertex 32.6 72.4 17.2
      vertex 32.6 72.8 22.8
    endloop
  endfacet
  facet normal -1 -0 0
    outer loop
      vertex 32.6 72.8 22.8
      vertex 32.6 72.4 17.2
      vertex 32.6 72.4 23.2
    endloop
  endfacet
  facet normal -0.57735 -0.57735 -0.57735
    outer loop
      vertex 32.4 72.8 23
      vertex 32.6 72.8 22.8
      vertex 32.4 72.6 23.2
    endloop
  endfacet
  facet normal -0.57735 -0.57735 -0.57735
    outer loop
      vertex 32.6 72.8 22.8
      vertex 32.6 72.4 23.2
      vertex 32.4 72.6 23.2
    endloop
  endfacet
  facet normal -0.57735 -0.57735 -0.57735
    outer loop
      vertex 32.4 72.6 23.2
      vertex 32.6 72.4 23.2
      vertex 32.4 72.4 23.4
    endloop
  endfacet
  facet normal -0.57735 -0.57735 -0.57735
    outer loop
      vertex 32.4 73.2 22.6
      vertex 32.6 73.2 22.4
      vertex 32.4 73 22.8
    endloop
  endfacet
  facet normal -0.57735 -0.57735 -0.57735
    outer loop
      vertex 32.6 73.2 22.4
      vertex 32.6 72.8 22.8
      vertex 32.4 73 22.8
    endloop
  endfacet
  facet normal -0.57735 -0.57735 -0.57735
    outer loop
      vertex 32.4 73 22.8
      vertex 32.6 72.8 22.8
      vertex 32.4 72.8 23
    endloop
  endfacet
  facet normal -0.57735 -0.57735 -0.57735
    outer loop
      vertex 32.4 73.6 22.2
      vertex 32.6 73.6 22
      vertex 32.4 73.4 22.4
    endloop
  endfacet
  facet normal -0.57735 -0.57735 -0.57735
    outer loop
      vertex 32.6 73.6 22
      vertex 32.6 73.2 22.4
      vertex 32.4 73.4 22.4
    endloop
  endfacet
  facet normal -0.57735 -0.57735 -0.57735
    outer loop
      vertex 32.4 73.4 22.4
      vertex 32.6 73.2 22.4
      vertex 32.4 73.2 22.6
    endloop
  endfacet
  facet normal -0.57735 -0.57735 -0.57735
    outer loop
      vertex 32.4 74 21.8
      vertex 32.6 74 21.6
      vertex 32.4 73.8 22
    endloop
  endfacet
  facet normal -0.57735 -0.57735 -0.57735
    outer loop
      vertex 32.6 74 21.6
      vertex 32.6 73.6 22
      vertex 32.4 73.8 22
    endloop
  endfacet
  facet normal -0.57735 -0.57735 -0.57735
    outer loop
      vertex 32.4 73.8 22
      vertex 32.6 73.6 22
      vertex 32.4 73.6 22.2
    endloop
  endfacet
  facet normal -0.57735 -0.57735 0.57735
    outer loop
      vertex 32.6 74 -2.4
      vertex 32.4 74.2 -2.4
      vertex 32.4 74 -2.6
    endloop
  endfacet
  facet normal -0.707107 -0.707107 0
    outer loop
      vertex 32.6 74 -2.4
      vertex 32.4 74.2 11.2
      vertex 32.4 74.2 -2.4
    endloop
  endfacet
  facet normal -0.707107 -0.707107 0
    outer loop
      vertex 32.4 74.2 11.2
      vertex 32.6 74 -2.4
      vertex 32.6 74 11.2
    endloop
  endfacet
  facet normal -0.57735 -0.57735 0.57735
    outer loop
      vertex 32.8 74 11.4
      vertex 32.8 74.2 11.6
      vertex 32.6 74 11.2
    endloop
  endfacet
  facet normal -0.57735 -0.57735 0.57735
    outer loop
      vertex 32.6 74 11.2
      vertex 32.8 74.2 11.6
      vertex 32.4 74.2 11.2
    endloop
  endfacet
  facet normal -0.57735 -0.57735 -0.57735
    outer loop
      vertex 32.8 74 17
      vertex 32.6 74 17.2
      vertex 32.4 74.2 17.2
    endloop
  endfacet
  facet normal -0.57735 -0.57735 -0.57735
    outer loop
      vertex 32.8 74.2 16.8
      vertex 32.8 74 17
      vertex 32.4 74.2 17.2
    endloop
  endfacet
  facet normal -0.707107 -0.707107 0
    outer loop
      vertex 32.6 74 17.2
      vertex 32.4 74.2 21.6
      vertex 32.4 74.2 17.2
    endloop
  endfacet
  facet normal -0.707107 -0.707107 0
    outer loop
      vertex 32.4 74.2 21.6
      vertex 32.6 74 17.2
      vertex 32.6 74 21.6
    endloop
  endfacet
  facet normal -0.57735 -0.57735 -0.57735
    outer loop
      vertex 32.4 74.2 21.6
      vertex 32.6 74 21.6
      vertex 32.4 74 21.8
    endloop
  endfacet
  facet normal 0.57735 -0.57735 -0.57735
    outer loop
      vertex 32.8 72.4 -5
      vertex 33 72.4 -4.8
      vertex 32.8 72.2 -4.8
    endloop
  endfacet
  facet normal 0.57735 -0.57735 -0.57735
    outer loop
      vertex 33 72.4 -4.8
      vertex 33.2 72.4 -4.6
      vertex 32.8 72.2 -4.8
    endloop
  endfacet
  facet normal 0.57735 -0.57735 -0.57735
    outer loop
      vertex 33.2 72.4 -4.6
      vertex 33.2 72.2 -4.4
      vertex 32.8 72.2 -4.8
    endloop
  endfacet
  facet normal 0 -0.707107 0.707107
    outer loop
      vertex 32.8 72.4 11.4
      vertex 34.8 72.2 11.2
      vertex 34.8 72.4 11.4
    endloop
  endfacet
  facet normal 0 -0.707107 0.707107
    outer loop
      vertex 34.8 72.2 11.2
      vertex 32.8 72.4 11.4
      vertex 32.8 72.2 11.2
    endloop
  endfacet
  facet normal 0 -0.707107 -0.707107
    outer loop
      vertex 32.8 72.2 17.2
      vertex 34.8 72.4 17
      vertex 34.8 72.2 17.2
    endloop
  endfacet
  facet normal -0 -0.707107 -0.707107
    outer loop
      vertex 34.8 72.4 17
      vertex 32.8 72.2 17.2
      vertex 32.8 72.4 17
    endloop
  endfacet
  facet normal 0.707107 0 -0.707107
    outer loop
      vertex 32.8 72.4 -5
      vertex 33 74 -4.8
      vertex 33 72.4 -4.8
    endloop
  endfacet
  facet normal 0.707107 0 -0.707107
    outer loop
      vertex 33 74 -4.8
      vertex 32.8 72.4 -5
      vertex 32.8 74 -5
    endloop
  endfacet
  facet normal 0.707107 0 -0.707107
    outer loop
      vertex 33.2 72.4 -4.6
      vertex 33 74 -4.8
      vertex 33.2 74 -4.6
    endloop
  endfacet
  facet normal 0.707107 0 -0.707107
    outer loop
      vertex 33 74 -4.8
      vertex 33.2 72.4 -4.6
      vertex 33 72.4 -4.8
    endloop
  endfacet
  facet normal -0 0 1
    outer loop
      vertex 32.8 74 11.4
      vertex 34.8 72.4 11.4
      vertex 34.8 74 11.4
    endloop
  endfacet
  facet normal 0 0 1
    outer loop
      vertex 34.8 72.4 11.4
      vertex 32.8 74 11.4
      vertex 32.8 72.4 11.4
    endloop
  endfacet
  facet normal 0 0 -1
    outer loop
      vertex 32.8 72.4 17
      vertex 34.8 74 17
      vertex 34.8 72.4 17
    endloop
  endfacet
  facet normal -0 0 -1
    outer loop
      vertex 34.8 74 17
      vertex 32.8 72.4 17
      vertex 32.8 74 17
    endloop
  endfacet
  facet normal 0.57735 -0.57735 -0.57735
    outer loop
      vertex 32.8 74 -5
      vertex 33.2 74.2 -4.8
      vertex 33 74 -4.8
    endloop
  endfacet
  facet normal 0.57735 -0.57735 -0.57735
    outer loop
      vertex 33.2 74.2 -4.8
      vertex 32.8 74 -5
      vertex 32.8 74.2 -5.2
    endloop
  endfacet
  facet normal 0.57735 -0.57735 -0.57735
    outer loop
      vertex 33.2 74.2 -4.8
      vertex 33.2 74 -4.6
      vertex 33 74 -4.8
    endloop
  endfacet
  facet normal 0 -0.707107 0.707107
    outer loop
      vertex 32.8 74 11.4
      vertex 34.8 74.2 11.6
      vertex 32.8 74.2 11.6
    endloop
  endfacet
  facet normal 0 -0.707107 0.707107
    outer loop
      vertex 34.8 74.2 11.6
      vertex 32.8 74 11.4
      vertex 34.8 74 11.4
    endloop
  endfacet
  facet normal 0 -0.707107 -0.707107
    outer loop
      vertex 32.8 74.2 16.8
      vertex 34.8 74 17
      vertex 32.8 74 17
    endloop
  endfacet
  facet normal 0 -0.707107 -0.707107
    outer loop
      vertex 34.8 74 17
      vertex 32.8 74.2 16.8
      vertex 34.8 74.2 16.8
    endloop
  endfacet
  facet normal 0 -0.707107 -0.707107
    outer loop
      vertex 33.2 72.2 -4.4
      vertex 33.6 72.4 -4.6
      vertex 33.6 72.2 -4.4
    endloop
  endfacet
  facet normal -0 -0.707107 -0.707107
    outer loop
      vertex 33.6 72.4 -4.6
      vertex 33.2 72.2 -4.4
      vertex 33.2 72.4 -4.6
    endloop
  endfacet
  facet normal 0 0 -1
    outer loop
      vertex 33.2 72.4 -4.6
      vertex 33.6 74 -4.6
      vertex 33.6 72.4 -4.6
    endloop
  endfacet
  facet normal -0 0 -1
    outer loop
      vertex 33.6 74 -4.6
      vertex 33.2 72.4 -4.6
      vertex 33.2 74 -4.6
    endloop
  endfacet
  facet normal 0 -0.707107 -0.707107
    outer loop
      vertex 33.2 74.2 -4.8
      vertex 33.6 74 -4.6
      vertex 33.2 74 -4.6
    endloop
  endfacet
  facet normal 0 -0.707107 -0.707107
    outer loop
      vertex 33.6 74 -4.6
      vertex 33.2 74.2 -4.8
      vertex 33.6 74.2 -4.8
    endloop
  endfacet
  facet normal 0.57735 -0.57735 -0.57735
    outer loop
      vertex 33.6 72.4 -4.6
      vertex 34 72.2 -4
      vertex 33.6 72.2 -4.4
    endloop
  endfacet
  facet normal 0.57735 -0.57735 -0.57735
    outer loop
      vertex 34 72.2 -4
      vertex 33.6 72.4 -4.6
      vertex 34.2 72.4 -4
    endloop
  endfacet
  facet normal 0.707107 0 -0.707107
    outer loop
      vertex 34.2 72.4 -4
      vertex 33.8 74 -4.4
      vertex 34.2 74 -4
    endloop
  endfacet
  facet normal 0.707107 1.82973e-15 -0.707107
    outer loop
      vertex 33.6 72.4 -4.6
      vertex 33.8 74 -4.4
      vertex 34.2 72.4 -4
    endloop
  endfacet
  facet normal 0.707107 0 -0.707107
    outer loop
      vertex 33.8 74 -4.4
      vertex 33.6 72.4 -4.6
      vertex 33.6 74 -4.6
    endloop
  endfacet
  facet normal 0.57735 -0.57735 -0.57735
    outer loop
      vertex 33.6 74.2 -4.8
      vertex 33.8 74 -4.4
      vertex 33.6 74 -4.6
    endloop
  endfacet
  facet normal 0.57735 -0.57735 -0.57735
    outer loop
      vertex 34 74.2 -4.4
      vertex 33.8 74 -4.4
      vertex 33.6 74.2 -4.8
    endloop
  endfacet
  facet normal 0.57735 -0.57735 -0.57735
    outer loop
      vertex 34 74.2 -4.4
      vertex 34.2 74 -4
      vertex 33.8 74 -4.4
    endloop
  endfacet
  facet normal 0.57735 -0.57735 -0.57735
    outer loop
      vertex 34.2 74 -4
      vertex 34 74.2 -4.4
      vertex 34.4 74.2 -4
    endloop
  endfacet
  facet normal 0.57735 -0.57735 -0.57735
    outer loop
      vertex 34.2 72.4 -4
      vertex 34.4 72.4 -3.8
      vertex 34 72.2 -4
    endloop
  endfacet
  facet normal 0.57735 -0.57735 -0.57735
    outer loop
      vertex 34.4 72.4 -3.8
      vertex 34.4 72.2 -3.6
      vertex 34 72.2 -4
    endloop
  endfacet
  facet normal 0.707107 0 -0.707107
    outer loop
      vertex 34.4 72.4 -3.8
      vertex 34.2 74 -4
      vertex 34.4 74 -3.8
    endloop
  endfacet
  facet normal 0.707107 0 -0.707107
    outer loop
      vertex 34.2 74 -4
      vertex 34.4 72.4 -3.8
      vertex 34.2 72.4 -4
    endloop
  endfacet
  facet normal 0.57735 -0.57735 -0.57735
    outer loop
      vertex 34.4 74.2 -4
      vertex 34.4 74 -3.8
      vertex 34.2 74 -4
    endloop
  endfacet
  facet normal 0.57735 -0.57735 -0.57735
    outer loop
      vertex 34.4 72 23.8
      vertex 34.6 72 24
      vertex 34.4 71.8 24
    endloop
  endfacet
  facet normal 0.57735 -0.57735 -0.57735
    outer loop
      vertex 34.6 72 24
      vertex 34.8 72 24.2
      vertex 34.4 71.8 24
    endloop
  endfacet
  facet normal 0.57735 -0.57735 -0.57735
    outer loop
      vertex 34.4 71.8 24
      vertex 34.8 72 24.2
      vertex 34.4 71.6 24.2
    endloop
  endfacet
  facet normal 0.57735 -0.57735 -0.57735
    outer loop
      vertex 34.4 72.4 -3.8
      vertex 34.6 72.4 -3.6
      vertex 34.4 72.2 -3.6
    endloop
  endfacet
  facet normal 0.57735 -0.57735 -0.57735
    outer loop
      vertex 34.6 72.4 -3.6
      vertex 34.8 72.4 -3.4
      vertex 34.4 72.2 -3.6
    endloop
  endfacet
  facet normal 0.57735 -0.57735 -0.57735
    outer loop
      vertex 34.8 72.4 -3.4
      vertex 34.8 72.2 -3.2
      vertex 34.4 72.2 -3.6
    endloop
  endfacet
  facet normal 0.57735 -0.57735 -0.57735
    outer loop
      vertex 34.4 72.2 23.6
      vertex 34.6 72 24
      vertex 34.4 72 23.8
    endloop
  endfacet
  facet normal 0.57735 -0.57735 -0.57735
    outer loop
      vertex 34.8 72.2 24
      vertex 34.6 72 24
      vertex 34.4 72.2 23.6
    endloop
  endfacet
  facet normal 0.57735 -0.57735 -0.57735
    outer loop
      vertex 34.8 72.2 24
      vertex 34.8 72 24.2
      vertex 34.6 72 24
    endloop
  endfacet
  facet normal 0.707107 0 -0.707107
    outer loop
      vertex 34.6 72.4 -3.6
      vertex 34.4 74 -3.8
      vertex 34.6 74 -3.6
    endloop
  endfacet
  facet normal 0.707107 0 -0.707107
    outer loop
      vertex 34.4 74 -3.8
      vertex 34.6 72.4 -3.6
      vertex 34.4 72.4 -3.8
    endloop
  endfacet
  facet normal 0.707107 0 -0.707107
    outer loop
      vertex 34.8 72.4 -3.4
      vertex 35 74 -3.2
      vertex 35 72.4 -3.2
    endloop
  endfacet
  facet normal 0.707107 0 -0.707107
    outer loop
      vertex 34.6 74 -3.6
      vertex 34.8 72.4 -3.4
      vertex 34.6 72.4 -3.6
    endloop
  endfacet
  facet normal 0.707107 -1.67129e-15 -0.707107
    outer loop
      vertex 34.8 72.4 -3.4
      vertex 34.6 74 -3.6
      vertex 35 74 -3.2
    endloop
  endfacet
  facet normal 0.57735 -0.57735 -0.57735
    outer loop
      vertex 34.4 74.2 -4
      vertex 34.6 74 -3.6
      vertex 34.4 74 -3.8
    endloop
  endfacet
  facet normal 0.57735 -0.57735 -0.57735
    outer loop
      vertex 34.8 74.2 -3.6
      vertex 34.6 74 -3.6
      vertex 34.4 74.2 -4
    endloop
  endfacet
  facet normal 0.57735 -0.57735 -0.57735
    outer loop
      vertex 34.8 74.2 -3.6
      vertex 35 74 -3.2
      vertex 34.6 74 -3.6
    endloop
  endfacet
  facet normal 0.57735 -0.57735 -0.57735
    outer loop
      vertex 35 74 -3.2
      vertex 34.8 74.2 -3.6
      vertex 35.2 74.2 -3.2
    endloop
  endfacet
  facet normal 0.57735 -0.57735 0.57735
    outer loop
      vertex 34.8 0 27
      vertex 35 0.4 27.2
      vertex 34.8 0.2 27.2
    endloop
  endfacet
  facet normal 0.57735 -0.57735 0.57735
    outer loop
      vertex 35 0.4 27.2
      vertex 34.8 0 27
      vertex 35.2 0.4 27
    endloop
  endfacet
  facet normal 0 -0 1
    outer loop
      vertex 35.2 0 27
      vertex 35.2 0.4 27
      vertex 34.8 0 27
    endloop
  endfacet
  facet normal 0.57735 -0.57735 0.57735
    outer loop
      vertex 35 0.4 27.2
      vertex 34.8 0.4 27.4
      vertex 34.8 0.2 27.2
    endloop
  endfacet
  facet normal 0 -1 0
    outer loop
      vertex 35 74 27.2
      vertex 35.4 74 26.8
      vertex 35.2 74 27
    endloop
  endfacet
  facet normal 0.707107 -0 0.707107
    outer loop
      vertex 35 0.4 27.2
      vertex 35.4 74 26.8
      vertex 35 74 27.2
    endloop
  endfacet
  facet normal 0.707107 6.79982e-17 0.707107
    outer loop
      vertex 35.2 0.4 27
      vertex 35.4 74 26.8
      vertex 35 0.4 27.2
    endloop
  endfacet
  facet normal 0.707107 0 0.707107
    outer loop
      vertex 35.4 0 26.8
      vertex 35.2 0.4 27
      vertex 35.2 0 27
    endloop
  endfacet
  facet normal 0.707107 0 0.707107
    outer loop
      vertex 35.2 0.4 27
      vertex 35.4 0 26.8
      vertex 35.4 74 26.8
    endloop
  endfacet
  facet normal 0.577351 -0.577351 0.577348
    outer loop
      vertex 35 0.799999 27.6
      vertex 34.8 0.599999 27.6
      vertex 34.8 0.4 27.4
    endloop
  endfacet
  facet normal 0.57735 -0.577351 0.57735
    outer loop
      vertex 35 0.4 27.2
      vertex 35 0.799999 27.6
      vertex 34.8 0.4 27.4
    endloop
  endfacet
  facet normal 1 -0 0
    outer loop
      vertex 35 0.799999 27.6
      vertex 35 74 27.2
      vertex 35 74 27.6
    endloop
  endfacet
  facet normal 1 0 0
    outer loop
      vertex 35 74 27.2
      vertex 35 0.799999 27.6
      vertex 35 0.4 27.2
    endloop
  endfacet
  facet normal 0.57735 -0.57735 0.57735
    outer loop
      vertex 35 0.799999 27.6
      vertex 34.8 0.799999 27.8
      vertex 34.8 0.599999 27.6
    endloop
  endfacet
  facet normal 0.707107 0 0.707107
    outer loop
      vertex 34.8 74 27.8
      vertex 35 0.799999 27.6
      vertex 35 74 27.6
    endloop
  endfacet
  facet normal 0.707107 0 0.707107
    outer loop
      vertex 35 0.799999 27.6
      vertex 34.8 74 27.8
      vertex 34.8 0.799999 27.8
    endloop
  endfacet
  facet normal 0.57735 -0.57735 -0.57735
    outer loop
      vertex 34.8 72.4 -3.4
      vertex 35 72.4 -3.2
      vertex 34.8 72.2 -3.2
    endloop
  endfacet
  facet normal 0.707107 -0.707107 0
    outer loop
      vertex 34.8 72.2 11.2
      vertex 35 72.4 -3.2
      vertex 35 72.4 11.2
    endloop
  endfacet
  facet normal 0.707107 -0.707107 0
    outer loop
      vertex 35 72.4 -3.2
      vertex 34.8 72.2 11.2
      vertex 34.8 72.2 -3.2
    endloop
  endfacet
  facet normal 0.57735 -0.57735 0.57735
    outer loop
      vertex 35 72.4 11.2
      vertex 34.8 72.4 11.4
      vertex 34.8 72.2 11.2
    endloop
  endfacet
  facet normal 0.57735 -0.57735 -0.57735
    outer loop
      vertex 34.8 72.4 17
      vertex 35 72.4 17.2
      vertex 34.8 72.2 17.2
    endloop
  endfacet
  facet normal 0.707107 -0.707107 0
    outer loop
      vertex 34.8 72.2 24
      vertex 35 72.4 17.2
      vertex 35 72.4 24
    endloop
  endfacet
  facet normal 0.707107 -0.707107 0
    outer loop
      vertex 35 72.4 17.2
      vertex 34.8 72.2 24
      vertex 34.8 72.2 17.2
    endloop
  endfacet
  facet normal 0.57735 -0.57735 -0.57735
    outer loop
      vertex 35 72.4 24
      vertex 35.2 72.4 24.2
      vertex 34.8 72.2 24
    endloop
  endfacet
  facet normal 0.57735 -0.57735 -0.57735
    outer loop
      vertex 34.8 72.2 24
      vertex 35.2 72.4 24.2
      vertex 34.8 72 24.2
    endloop
  endfacet
  facet normal 1 -0 0
    outer loop
      vertex 35 72.4 11.2
      vertex 35 74 -3.2
      vertex 35 74 11.2
    endloop
  endfacet
  facet normal 1 0 0
    outer loop
      vertex 35 74 -3.2
      vertex 35 72.4 11.2
      vertex 35 72.4 -3.2
    endloop
  endfacet
  facet normal 0.707107 0 0.707107
    outer loop
      vertex 34.8 74 11.4
      vertex 35 72.4 11.2
      vertex 35 74 11.2
    endloop
  endfacet
  facet normal 0.707107 0 0.707107
    outer loop
      vertex 35 72.4 11.2
      vertex 34.8 74 11.4
      vertex 34.8 72.4 11.4
    endloop
  endfacet
  facet normal 0.707107 0 -0.707107
    outer loop
      vertex 35 72.4 17.2
      vertex 34.8 74 17
      vertex 35 74 17.2
    endloop
  endfacet
  facet normal 0.707107 0 -0.707107
    outer loop
      vertex 34.8 74 17
      vertex 35 72.4 17.2
      vertex 34.8 72.4 17
    endloop
  endfacet
  facet normal 1 0 0
    outer loop
      vertex 35 72.4 24
      vertex 35 74 24.4
      vertex 35 72.8 24.4
    endloop
  endfacet
  facet normal 1 0 0
    outer loop
      vertex 35 74 24.4
      vertex 35 72.4 24
      vertex 35 74 17.2
    endloop
  endfacet
  facet normal 1 0 0
    outer loop
      vertex 35 74 17.2
      vertex 35 72.4 24
      vertex 35 72.4 17.2
    endloop
  endfacet
  facet normal 0.57735 0.57735 -0.57735
    outer loop
      vertex 35.2 72.6 24.4
      vertex 35.2 72.4 24.2
      vertex 35 72.4 24
    endloop
  endfacet
  facet normal 0.57735 0.57735 -0.57735
    outer loop
      vertex 35 72.8 24.4
      vertex 35.2 72.6 24.4
      vertex 35 72.4 24
    endloop
  endfacet
  facet normal 0.57735 0.57735 -0.57735
    outer loop
      vertex 35.2 72.8 24.6
      vertex 35.2 72.6 24.4
      vertex 35 72.8 24.4
    endloop
  endfacet
  facet normal 0.707107 0 -0.707107
    outer loop
      vertex 35.2 73.6 24.6
      vertex 35 74 24.4
      vertex 35.2 74 24.6
    endloop
  endfacet
  facet normal 0.707107 0 -0.707107
    outer loop
      vertex 35 72.8 24.4
      vertex 35.2 73.6 24.6
      vertex 35.2 72.8 24.6
    endloop
  endfacet
  facet normal 0.707107 0 -0.707107
    outer loop
      vertex 35.2 73.6 24.6
      vertex 35 72.8 24.4
      vertex 35 74 24.4
    endloop
  endfacet
  facet normal 0.707107 -0.707107 0
    outer loop
      vertex 35 74 -3.2
      vertex 35.2 74.2 11.2
      vertex 35 74 11.2
    endloop
  endfacet
  facet normal 0.707107 -0.707107 0
    outer loop
      vertex 35.2 74.2 11.2
      vertex 35 74 -3.2
      vertex 35.2 74.2 -3.2
    endloop
  endfacet
  facet normal 0.57735 -0.57735 0.57735
    outer loop
      vertex 35 74 11.2
      vertex 35.2 74.2 11.2
      vertex 34.8 74 11.4
    endloop
  endfacet
  facet normal 0.57735 -0.57735 0.57735
    outer loop
      vertex 35.2 74.2 11.2
      vertex 34.8 74.2 11.6
      vertex 34.8 74 11.4
    endloop
  endfacet
  facet normal 0.57735 -0.57735 -0.57735
    outer loop
      vertex 34.8 74 17
      vertex 35.2 74.2 17.2
      vertex 35 74 17.2
    endloop
  endfacet
  facet normal 0.57735 -0.57735 -0.57735
    outer loop
      vertex 35.2 74.2 17.2
      vertex 34.8 74 17
      vertex 34.8 74.2 16.8
    endloop
  endfacet
  facet normal 0.707107 -0.707107 0
    outer loop
      vertex 35 74 17.2
      vertex 35.2 74.2 24.4
      vertex 35 74 24.4
    endloop
  endfacet
  facet normal 0.707107 -0.707107 0
    outer loop
      vertex 35.2 74.2 24.4
      vertex 35 74 17.2
      vertex 35.2 74.2 17.2
    endloop
  endfacet
  facet normal 0.57735 -0.57735 -0.57735
    outer loop
      vertex 35.2 74.2 24.4
      vertex 35.2 74 24.6
      vertex 35 74 24.4
    endloop
  endfacet
  facet normal 0.57735 -0.57735 0.57735
    outer loop
      vertex 35.2 74 27
      vertex 35.2 74.2 27.2
      vertex 35 74 27.2
    endloop
  endfacet
  facet normal 0.707107 -0.707107 0
    outer loop
      vertex 35 74 27.2
      vertex 35.2 74.2 27.6
      vertex 35 74 27.6
    endloop
  endfacet
  facet normal 0.707107 -0.707107 0
    outer loop
      vertex 35.2 74.2 27.6
      vertex 35 74 27.2
      vertex 35.2 74.2 27.2
    endloop
  endfacet
  facet normal 0.57735 -0.57735 0.57735
    outer loop
      vertex 35 74 27.6
      vertex 35.2 74.2 27.6
      vertex 34.8 74 27.8
    endloop
  endfacet
  facet normal 0.57735 -0.57735 0.57735
    outer loop
      vertex 35.2 74.2 27.6
      vertex 35.2 74.4 27.8
      vertex 34.8 74 27.8
    endloop
  endfacet
  facet normal 0.57735 -0.57735 -0.57735
    outer loop
      vertex 35.2 0 24.2
      vertex 35.4 0 24.4
      vertex 35.2 -0.2 24.4
    endloop
  endfacet
  facet normal 0.57735 -0.57735 -0.57735
    outer loop
      vertex 35.4 0 24.4
      vertex 35.6 0 24.6
      vertex 35.2 -0.2 24.4
    endloop
  endfacet
  facet normal 0.57735 -0.57735 -0.57735
    outer loop
      vertex 35.6 0 24.6
      vertex 35.6 -0.2 24.8
      vertex 35.2 -0.2 24.4
    endloop
  endfacet
  facet normal 0.57735 -0.57735 0.57735
    outer loop
      vertex 35.6 -0.2 26.4
      vertex 35.6 0 26.6
      vertex 35.4 0 26.8
    endloop
  endfacet
  facet normal 0.57735 -0.57735 0.57735
    outer loop
      vertex 35.6 -0.2 26.4
      vertex 35.4 0 26.8
      vertex 35.2 -0.2 26.8
    endloop
  endfacet
  facet normal 0.57735 -0.57735 0.57735
    outer loop
      vertex 35.4 0 26.8
      vertex 35.2 0 27
      vertex 35.2 -0.2 26.8
    endloop
  endfacet
  facet normal 0.707107 0 -0.707107
    outer loop
      vertex 35.2 0 24.2
      vertex 35.4 72.4 24.4
      vertex 35.4 0 24.4
    endloop
  endfacet
  facet normal 0.707107 0 -0.707107
    outer loop
      vertex 35.4 72.4 24.4
      vertex 35.2 0 24.2
      vertex 35.2 72.4 24.2
    endloop
  endfacet
  facet normal 0.707107 0 -0.707107
    outer loop
      vertex 35.6 0 24.6
      vertex 35.4 72.4 24.4
      vertex 35.6 72.4 24.6
    endloop
  endfacet
  facet normal 0.707107 0 -0.707107
    outer loop
      vertex 35.4 72.4 24.4
      vertex 35.6 0 24.6
      vertex 35.4 0 24.4
    endloop
  endfacet
  facet normal 0.707107 -0 0.707107
    outer loop
      vertex 35.4 0 26.8
      vertex 35.6 74 26.6
      vertex 35.4 74 26.8
    endloop
  endfacet
  facet normal 0.707107 0 0.707107
    outer loop
      vertex 35.6 74 26.6
      vertex 35.4 0 26.8
      vertex 35.6 0 26.6
    endloop
  endfacet
  facet normal 0.57735 0.57735 -0.57735
    outer loop
      vertex 35.2 72.6 24.4
      vertex 35.4 72.4 24.4
      vertex 35.2 72.4 24.2
    endloop
  endfacet
  facet normal 0.57735 0.57735 -0.57735
    outer loop
      vertex 35.2 72.8 24.6
      vertex 35.4 72.4 24.4
      vertex 35.2 72.6 24.4
    endloop
  endfacet
  facet normal 0.57735 0.57735 -0.57735
    outer loop
      vertex 35.6 72.4 24.6
      vertex 35.4 72.4 24.4
      vertex 35.2 72.8 24.6
    endloop
  endfacet
  facet normal 0 0 -1
    outer loop
      vertex 35.2 72.8 24.6
      vertex 35.6 73.2 24.6
      vertex 35.6 72.4 24.6
    endloop
  endfacet
  facet normal -0 0 -1
    outer loop
      vertex 35.6 73.2 24.6
      vertex 35.2 72.8 24.6
      vertex 35.2 73.6 24.6
    endloop
  endfacet
  facet normal 0.57735 0.57735 -0.57735
    outer loop
      vertex 35.4 73.6 24.8
      vertex 35.6 73.4 24.8
      vertex 35.2 73.6 24.6
    endloop
  endfacet
  facet normal 0.57735 0.57735 -0.57735
    outer loop
      vertex 35.6 73.4 24.8
      vertex 35.6 73.2 24.6
      vertex 35.2 73.6 24.6
    endloop
  endfacet
  facet normal 0.57735 0.57735 -0.57735
    outer loop
      vertex 35.6 73.6 25
      vertex 35.6 73.4 24.8
      vertex 35.4 73.6 24.8
    endloop
  endfacet
  facet normal 0.707107 0 -0.707107
    outer loop
      vertex 35.2 73.6 24.6
      vertex 35.4 74 24.8
      vertex 35.4 73.6 24.8
    endloop
  endfacet
  facet normal 0.707107 0 -0.707107
    outer loop
      vertex 35.4 74 24.8
      vertex 35.2 73.6 24.6
      vertex 35.2 74 24.6
    endloop
  endfacet
  facet normal 0.707107 0 -0.707107
    outer loop
      vertex 35.6 73.6 25
      vertex 35.4 74 24.8
      vertex 35.6 74 25
    endloop
  endfacet
  facet normal 0.707107 0 -0.707107
    outer loop
      vertex 35.4 74 24.8
      vertex 35.6 73.6 25
      vertex 35.4 73.6 24.8
    endloop
  endfacet
  facet normal 0.57735 -0.57735 -0.57735
    outer loop
      vertex 35.2 74.2 24.4
      vertex 35.4 74 24.8
      vertex 35.2 74 24.6
    endloop
  endfacet
  facet normal 0.57735 -0.57735 -0.57735
    outer loop
      vertex 35.6 74.2 24.8
      vertex 35.4 74 24.8
      vertex 35.2 74.2 24.4
    endloop
  endfacet
  facet normal 0.57735 -0.57735 -0.57735
    outer loop
      vertex 35.6 74.2 24.8
      vertex 35.6 74 25
      vertex 35.4 74 24.8
    endloop
  endfacet
  facet normal 0.57735 -0.57735 0.57735
    outer loop
      vertex 35.6 74 26.6
      vertex 35.6 74.2 26.8
      vertex 35.4 74 26.8
    endloop
  endfacet
  facet normal 0.57735 -0.57735 0.57735
    outer loop
      vertex 35.4 74 26.8
      vertex 35.6 74.2 26.8
      vertex 35.2 74 27
    endloop
  endfacet
  facet normal 0.57735 -0.57735 0.57735
    outer loop
      vertex 35.6 74.2 26.8
      vertex 35.2 74.2 27.2
      vertex 35.2 74 27
    endloop
  endfacet
  facet normal 0 -0.707107 0.707107
    outer loop
      vertex 35.2 74.4 27.8
      vertex 37.6 74.2 27.6
      vertex 37.6 74.4 27.8
    endloop
  endfacet
  facet normal 0 -0.707107 0.707107
    outer loop
      vertex 37.6 74.2 27.6
      vertex 35.2 74.4 27.8
      vertex 35.2 74.2 27.6
    endloop
  endfacet
  facet normal 0.57735 -0.57735 -0.57735
    outer loop
      vertex 35.6 0 24.6
      vertex 35.8 0 24.8
      vertex 35.6 -0.2 24.8
    endloop
  endfacet
  facet normal 0.57735 -0.57735 -0.57735
    outer loop
      vertex 35.8 0 24.8
      vertex 36 -0.2 25.2
      vertex 35.6 -0.2 24.8
    endloop
  endfacet
  facet normal 0.57735 -0.57735 -0.57735
    outer loop
      vertex 36 -0.2 25.2
      vertex 35.8 0 24.8
      vertex 36.2 0 25.2
    endloop
  endfacet
  facet normal 0.57735 -0.57735 0.57735
    outer loop
      vertex 36 -0.2 26
      vertex 36 0 26.2
      vertex 35.8 0 26.4
    endloop
  endfacet
  facet normal 0.57735 -0.57735 0.57735
    outer loop
      vertex 36 -0.2 26
      vertex 35.8 0 26.4
      vertex 35.6 -0.2 26.4
    endloop
  endfacet
  facet normal 0.57735 -0.57735 0.57735
    outer loop
      vertex 35.8 0 26.4
      vertex 35.6 0 26.6
      vertex 35.6 -0.2 26.4
    endloop
  endfacet
  facet normal 0.707107 0 -0.707107
    outer loop
      vertex 35.6 72.4 24.6
      vertex 35.8 0 24.8
      vertex 35.6 0 24.6
    endloop
  endfacet
  facet normal 0.707107 0 -0.707107
    outer loop
      vertex 35.8 0 24.8
      vertex 35.6 72.4 24.6
      vertex 35.8 73.2 24.8
    endloop
  endfacet
  facet normal 0.707107 0 -0.707107
    outer loop
      vertex 35.8 73.2 24.8
      vertex 35.6 72.4 24.6
      vertex 35.6 73.2 24.6
    endloop
  endfacet
  facet normal 0.707107 0 -0.707107
    outer loop
      vertex 36.2 74 25.2
      vertex 36 73.2 25
      vertex 36 74 25
    endloop
  endfacet
  facet normal 0.707107 0 -0.707107
    outer loop
      vertex 36.2 0 25.2
      vertex 36 73.2 25
      vertex 36.2 74 25.2
    endloop
  endfacet
  facet normal 0.707107 0 -0.707107
    outer loop
      vertex 36.2 0 25.2
      vertex 35.8 73.2 24.8
      vertex 36 73.2 25
    endloop
  endfacet
  facet normal 0.707107 0 -0.707107
    outer loop
      vertex 35.8 73.2 24.8
      vertex 36.2 0 25.2
      vertex 35.8 0 24.8
    endloop
  endfacet
  facet normal 0.707107 0 0.707107
    outer loop
      vertex 35.8 74 26.4
      vertex 36 0 26.2
      vertex 36 74 26.2
    endloop
  endfacet
  facet normal 0.707107 0 0.707107
    outer loop
      vertex 36 0 26.2
      vertex 35.8 74 26.4
      vertex 35.8 0 26.4
    endloop
  endfacet
  facet normal 0.707107 -0 0.707107
    outer loop
      vertex 35.6 0 26.6
      vertex 35.8 74 26.4
      vertex 35.6 74 26.6
    endloop
  endfacet
  facet normal 0.707107 0 0.707107
    outer loop
      vertex 35.8 74 26.4
      vertex 35.6 0 26.6
      vertex 35.8 0 26.4
    endloop
  endfacet
  facet normal 0.57735 0.57735 -0.57735
    outer loop
      vertex 35.6 73.4 24.8
      vertex 35.8 73.2 24.8
      vertex 35.6 73.2 24.6
    endloop
  endfacet
  facet normal 0.57735 0.57735 -0.57735
    outer loop
      vertex 35.6 73.6 25
      vertex 35.8 73.2 24.8
      vertex 35.6 73.4 24.8
    endloop
  endfacet
  facet normal 0.57735 0.57735 -0.57735
    outer loop
      vertex 36 73.2 25
      vertex 35.8 73.2 24.8
      vertex 35.6 73.6 25
    endloop
  endfacet
  facet normal 0 0 -1
    outer loop
      vertex 35.6 73.6 25
      vertex 36 74 25
      vertex 36 73.2 25
    endloop
  endfacet
  facet normal -0 0 -1
    outer loop
      vertex 36 74 25
      vertex 35.6 73.6 25
      vertex 35.6 74 25
    endloop
  endfacet
  facet normal 0 -0.707107 -0.707107
    outer loop
      vertex 35.6 74.2 24.8
      vertex 36 74 25
      vertex 35.6 74 25
    endloop
  endfacet
  facet normal 0 -0.707107 -0.707107
    outer loop
      vertex 36 74 25
      vertex 35.6 74.2 24.8
      vertex 36 74.2 24.8
    endloop
  endfacet
  facet normal 0.57735 -0.57735 0.57735
    outer loop
      vertex 36 74 26.2
      vertex 36 74.2 26.4
      vertex 35.8 74 26.4
    endloop
  endfacet
  facet normal 0.57735 -0.57735 0.57735
    outer loop
      vertex 35.8 74 26.4
      vertex 36 74.2 26.4
      vertex 35.6 74 26.6
    endloop
  endfacet
  facet normal 0.57735 -0.57735 0.57735
    outer loop
      vertex 36 74.2 26.4
      vertex 35.6 74.2 26.8
      vertex 35.6 74 26.6
    endloop
  endfacet
  facet normal 0.57735 -0.57735 -0.57735
    outer loop
      vertex 36.2 0 25.2
      vertex 36.4 0 25.4
      vertex 36 -0.2 25.2
    endloop
  endfacet
  facet normal 0.57735 -0.57735 -0.57735
    outer loop
      vertex 36.4 0 25.4
      vertex 36.4 -0.2 25.6
      vertex 36 -0.2 25.2
    endloop
  endfacet
  facet normal 0.57735 -0.57735 0.57735
    outer loop
      vertex 36.4 -0.2 25.6
      vertex 36.4 0 25.8
      vertex 36.2 0 26
    endloop
  endfacet
  facet normal 0.57735 -0.57735 0.57735
    outer loop
      vertex 36.4 -0.2 25.6
      vertex 36.2 0 26
      vertex 36 -0.2 26
    endloop
  endfacet
  facet normal 0.57735 -0.57735 0.57735
    outer loop
      vertex 36.2 0 26
      vertex 36 0 26.2
      vertex 36 -0.2 26
    endloop
  endfacet
  facet normal 0.707107 0 -0.707107
    outer loop
      vertex 36.2 0 25.2
      vertex 36.4 74 25.4
      vertex 36.4 0 25.4
    endloop
  endfacet
  facet normal 0.707107 0 -0.707107
    outer loop
      vertex 36.4 74 25.4
      vertex 36.2 0 25.2
      vertex 36.2 74 25.2
    endloop
  endfacet
  facet normal 0.707107 -0 0.707107
    outer loop
      vertex 36 0 26.2
      vertex 36.4 74 25.8
      vertex 36 74 26.2
    endloop
  endfacet
  facet normal 0.707107 6.76307e-17 0.707107
    outer loop
      vertex 36.2 0 26
      vertex 36.4 74 25.8
      vertex 36 0 26.2
    endloop
  endfacet
  facet normal 0.707107 0 0.707107
    outer loop
      vertex 36.4 74 25.8
      vertex 36.2 0 26
      vertex 36.4 0 25.8
    endloop
  endfacet
  facet normal 0.57735 -0.57735 -0.57735
    outer loop
      vertex 36 74 25
      vertex 36.4 74.2 25.2
      vertex 36.2 74 25.2
    endloop
  endfacet
  facet normal 0.57735 -0.57735 -0.57735
    outer loop
      vertex 36.4 74.2 25.2
      vertex 36 74 25
      vertex 36 74.2 24.8
    endloop
  endfacet
  facet normal 0.57735 -0.57735 -0.57735
    outer loop
      vertex 36.4 74.2 25.2
      vertex 36.4 74 25.4
      vertex 36.2 74 25.2
    endloop
  endfacet
  facet normal 0.57735 -0.57735 0.57735
    outer loop
      vertex 36.4 74 25.8
      vertex 36.4 74.2 26
      vertex 36 74 26.2
    endloop
  endfacet
  facet normal 0.57735 -0.57735 0.57735
    outer loop
      vertex 36.4 74.2 26
      vertex 36 74.2 26.4
      vertex 36 74 26.2
    endloop
  endfacet
  facet normal 0.57735 -0.57735 -0.57735
    outer loop
      vertex 36.4 0 25.4
      vertex 36.6 0 25.6
      vertex 36.4 -0.2 25.6
    endloop
  endfacet
  facet normal 0.57735 -0.57735 0.57735
    outer loop
      vertex 36.6 0 25.6
      vertex 36.4 0 25.8
      vertex 36.4 -0.2 25.6
    endloop
  endfacet
  facet normal 0.707107 0 -0.707107
    outer loop
      vertex 36.6 0 25.6
      vertex 36.4 74 25.4
      vertex 36.6 74 25.6
    endloop
  endfacet
  facet normal 0.707107 0 -0.707107
    outer loop
      vertex 36.4 74 25.4
      vertex 36.6 0 25.6
      vertex 36.4 0 25.4
    endloop
  endfacet
  facet normal 0.707107 -0 0.707107
    outer loop
      vertex 36.4 0 25.8
      vertex 36.6 74 25.6
      vertex 36.4 74 25.8
    endloop
  endfacet
  facet normal 0.707107 0 0.707107
    outer loop
      vertex 36.6 74 25.6
      vertex 36.4 0 25.8
      vertex 36.6 0 25.6
    endloop
  endfacet
  facet normal 0.57735 -0.57735 -0.57735
    outer loop
      vertex 36.4 74.2 25.2
      vertex 36.6 74 25.6
      vertex 36.4 74 25.4
    endloop
  endfacet
  facet normal 0.57735 -0.57735 -0.57735
    outer loop
      vertex 36.8 74.2 25.6
      vertex 36.6 74 25.6
      vertex 36.4 74.2 25.2
    endloop
  endfacet
  facet normal 0.57735 -0.57735 0.57735
    outer loop
      vertex 36.6 74 25.6
      vertex 36.8 74.2 25.6
      vertex 36.4 74 25.8
    endloop
  endfacet
  facet normal 0.57735 -0.57735 0.57735
    outer loop
      vertex 36.8 74.2 25.6
      vertex 36.4 74.2 26
      vertex 36.4 74 25.8
    endloop
  endfacet
  facet normal 0.57735 -0.57735 -0.57735
    outer loop
      vertex 37.2 74.4 -7
      vertex 37.4 74.4 -6.8
      vertex 37.2 74.2 -6.8
    endloop
  endfacet
  facet normal 0.57735 -0.57735 -0.57735
    outer loop
      vertex 37.4 74.4 -6.8
      vertex 37.6 74.4 -6.6
      vertex 37.2 74.2 -6.8
    endloop
  endfacet
  facet normal 0.57735 -0.57735 -0.57735
    outer loop
      vertex 37.6 74.4 -6.6
      vertex 37.6 74.2 -6.4
      vertex 37.2 74.2 -6.8
    endloop
  endfacet
  facet normal 0.707107 0 -0.707107
    outer loop
      vertex 37.2 74.4 -7
      vertex 37.4 75.6 -6.8
      vertex 37.4 74.4 -6.8
    endloop
  endfacet
  facet normal 0.707107 0 -0.707107
    outer loop
      vertex 37.4 75.6 -6.8
      vertex 37.2 74.4 -7
      vertex 37.2 75.6 -7
    endloop
  endfacet
  facet normal 0.707107 0 -0.707107
    outer loop
      vertex 37.6 74.4 -6.6
      vertex 37.4 75.6 -6.8
      vertex 37.6 75.6 -6.6
    endloop
  endfacet
  facet normal 0.707107 0 -0.707107
    outer loop
      vertex 37.4 75.6 -6.8
      vertex 37.6 74.4 -6.6
      vertex 37.4 74.4 -6.8
    endloop
  endfacet
  facet normal 0.57735 0.57735 -0.57735
    outer loop
      vertex 37.2 75.8 -6.8
      vertex 37.4 75.6 -6.8
      vertex 37.2 75.6 -7
    endloop
  endfacet
  facet normal 0.57735 0.57735 -0.57735
    outer loop
      vertex 37.4 76 -6.4
      vertex 37.6 75.8 -6.4
      vertex 37.2 76 -6.6
    endloop
  endfacet
  facet normal 0.57735 0.57735 -0.57735
    outer loop
      vertex 37.2 76 -6.6
      vertex 37.6 75.8 -6.4
      vertex 37.2 75.8 -6.8
    endloop
  endfacet
  facet normal 0.57735 0.57735 -0.57735
    outer loop
      vertex 37.6 75.8 -6.4
      vertex 37.6 75.6 -6.6
      vertex 37.2 75.8 -6.8
    endloop
  endfacet
  facet normal 0.57735 0.57735 -0.57735
    outer loop
      vertex 37.6 75.6 -6.6
      vertex 37.4 75.6 -6.8
      vertex 37.2 75.8 -6.8
    endloop
  endfacet
  facet normal 0.57735 0.57735 -0.57735
    outer loop
      vertex 37.6 76 -6.2
      vertex 37.6 75.8 -6.4
      vertex 37.4 76 -6.4
    endloop
  endfacet
  facet normal 0.57735 0.57735 0.57735
    outer loop
      vertex 37.6 75.8 27.2
      vertex 37.6 76 27
      vertex 37.4 76 27.2
    endloop
  endfacet
  facet normal 0.57735 0.57735 0.57735
    outer loop
      vertex 37.4 76 27.2
      vertex 37.2 76 27.4
      vertex 37.2 75.8 27.6
    endloop
  endfacet
  facet normal 0.57735 0.57735 0.57735
    outer loop
      vertex 37.6 75.8 27.2
      vertex 37.4 76 27.2
      vertex 37.2 75.8 27.6
    endloop
  endfacet
  facet normal 0 1 0
    outer loop
      vertex 37.6 75.8 27.6
      vertex 37.6 75.8 27.2
      vertex 37.2 75.8 27.6
    endloop
  endfacet
  facet normal 0.57735 0.57735 -0.57735
    outer loop
      vertex 37.2 76.2 -6.4
      vertex 37.4 76 -6.4
      vertex 37.2 76 -6.6
    endloop
  endfacet
  facet normal 0.57735 0.57735 -0.57735
    outer loop
      vertex 37.4 76.4 -6
      vertex 37.6 76.2 -6
      vertex 37.2 76.4 -6.2
    endloop
  endfacet
  facet normal 0.57735 0.57735 -0.57735
    outer loop
      vertex 37.2 76.4 -6.2
      vertex 37.6 76.2 -6
      vertex 37.2 76.2 -6.4
    endloop
  endfacet
  facet normal 0.57735 0.57735 -0.57735
    outer loop
      vertex 37.6 76.2 -6
      vertex 37.6 76 -6.2
      vertex 37.2 76.2 -6.4
    endloop
  endfacet
  facet normal 0.57735 0.57735 -0.57735
    outer loop
      vertex 37.6 76 -6.2
      vertex 37.4 76 -6.4
      vertex 37.2 76.2 -6.4
    endloop
  endfacet
  facet normal 0.707107 0.707107 0
    outer loop
      vertex 37.6 76.2 26.8
      vertex 37.4 76.4 -6
      vertex 37.4 76.4 26.8
    endloop
  endfacet
  facet normal 0.707107 0.707107 0
    outer loop
      vertex 37.4 76.4 -6
      vertex 37.6 76.2 26.8
      vertex 37.6 76.2 -6
    endloop
  endfacet
  facet normal 0.57735 0.57735 0.57735
    outer loop
      vertex 37.6 76 27
      vertex 37.6 76.2 26.8
      vertex 37.4 76.4 26.8
    endloop
  endfacet
  facet normal 0.57735 0.57735 0.57735
    outer loop
      vertex 37.6 76 27
      vertex 37.4 76.4 26.8
      vertex 37.4 76 27.2
    endloop
  endfacet
  facet normal 0.57735 0.57735 0.57735
    outer loop
      vertex 37.4 76 27.2
      vertex 37.4 76.4 26.8
      vertex 37.2 76.4 27
    endloop
  endfacet
  facet normal 0.57735 0.57735 0.57735
    outer loop
      vertex 37.4 76 27.2
      vertex 37.2 76.4 27
      vertex 37.2 76.2 27.2
    endloop
  endfacet
  facet normal 0.57735 0.57735 0.57735
    outer loop
      vertex 37.4 76 27.2
      vertex 37.2 76.2 27.2
      vertex 37.2 76 27.4
    endloop
  endfacet
  facet normal 0.57735 0.57735 -0.57735
    outer loop
      vertex 37.2 76.6 -6
      vertex 37.4 76.4 -6
      vertex 37.2 76.4 -6.2
    endloop
  endfacet
  facet normal 0.707107 0.707107 -0
    outer loop
      vertex 37.4 76.4 -6
      vertex 37.2 76.6 26.8
      vertex 37.4 76.4 26.8
    endloop
  endfacet
  facet normal 0.707107 0.707107 0
    outer loop
      vertex 37.2 76.6 26.8
      vertex 37.4 76.4 -6
      vertex 37.2 76.6 -6
    endloop
  endfacet
  facet normal 0.57735 0.57735 0.57735
    outer loop
      vertex 37.4 76.4 26.8
      vertex 37.2 76.6 26.8
      vertex 37.2 76.4 27
    endloop
  endfacet
  facet normal 0.57735 -0.57735 -0.57735
    outer loop
      vertex 37.6 74.4 -6.6
      vertex 37.8 74.4 -6.4
      vertex 37.6 74.2 -6.4
    endloop
  endfacet
  facet normal 0.707107 -0.707107 0
    outer loop
      vertex 37.6 74.2 27.6
      vertex 37.8 74.4 -6.4
      vertex 37.8 74.4 27.6
    endloop
  endfacet
  facet normal 0.707107 -0.707107 0
    outer loop
      vertex 37.8 74.4 -6.4
      vertex 37.6 74.2 27.6
      vertex 37.6 74.2 -6.4
    endloop
  endfacet
  facet normal 0.57735 -0.57735 0.57735
    outer loop
      vertex 37.8 74.4 27.6
      vertex 37.6 74.4 27.8
      vertex 37.6 74.2 27.6
    endloop
  endfacet
  facet normal 0.707107 0 -0.707107
    outer loop
      vertex 37.6 74.4 -6.6
      vertex 37.8 75.6 -6.4
      vertex 37.8 74.4 -6.4
    endloop
  endfacet
  facet normal 0.707107 0 -0.707107
    outer loop
      vertex 37.8 75.6 -6.4
      vertex 37.6 74.4 -6.6
      vertex 37.6 75.6 -6.6
    endloop
  endfacet
  facet normal 1 -0 0
    outer loop
      vertex 37.8 74.4 27.6
      vertex 37.8 75.6 27.2
      vertex 37.8 75.6 27.6
    endloop
  endfacet
  facet normal 1 0 0
    outer loop
      vertex 37.8 74.4 -6.4
      vertex 37.8 75.6 27.2
      vertex 37.8 74.4 27.6
    endloop
  endfacet
  facet normal 1 0 0
    outer loop
      vertex 37.8 75.6 27.2
      vertex 37.8 74.4 -6.4
      vertex 37.8 75.6 -6.4
    endloop
  endfacet
  facet normal 1 0 0
    outer loop
      vertex 37.8 75.6 27.2
      vertex 37.8 76 -6
      vertex 37.8 76 26.8
    endloop
  endfacet
  facet normal 1 0 0
    outer loop
      vertex 37.8 76 -6
      vertex 37.8 75.6 27.2
      vertex 37.8 75.6 -6.4
    endloop
  endfacet
  facet normal 0.707107 0 0.707107
    outer loop
      vertex 37.6 75.6 27.8
      vertex 37.8 74.4 27.6
      vertex 37.8 75.6 27.6
    endloop
  endfacet
  facet normal 0.707107 0 0.707107
    outer loop
      vertex 37.8 74.4 27.6
      vertex 37.6 75.6 27.8
      vertex 37.6 74.4 27.8
    endloop
  endfacet
  facet normal 0.57735 0.57735 -0.57735
    outer loop
      vertex 37.6 75.8 -6.4
      vertex 37.8 75.6 -6.4
      vertex 37.6 75.6 -6.6
    endloop
  endfacet
  facet normal 0.57735 0.57735 -0.57735
    outer loop
      vertex 37.6 76 -6.2
      vertex 37.8 75.6 -6.4
      vertex 37.6 75.8 -6.4
    endloop
  endfacet
  facet normal 0.57735 0.57735 -0.57735
    outer loop
      vertex 37.8 76 -6
      vertex 37.8 75.6 -6.4
      vertex 37.6 76 -6.2
    endloop
  endfacet
  facet normal 0.57735 0.57735 0.57735
    outer loop
      vertex 37.8 76 26.8
      vertex 37.6 76 27
      vertex 37.6 75.8 27.2
    endloop
  endfacet
  facet normal 0.57735 0.57735 0.57735
    outer loop
      vertex 37.6 76 27
      vertex 37.8 76 26.8
      vertex 37.6 76.2 26.8
    endloop
  endfacet
  facet normal 0.57735 0.57735 0.57735
    outer loop
      vertex 37.8 75.6 27.2
      vertex 37.8 76 26.8
      vertex 37.6 75.8 27.2
    endloop
  endfacet
  facet normal 0.707107 0.707107 0
    outer loop
      vertex 37.8 75.6 27.6
      vertex 37.6 75.8 27.2
      vertex 37.6 75.8 27.6
    endloop
  endfacet
  facet normal 0.707107 0.707107 0
    outer loop
      vertex 37.6 75.8 27.2
      vertex 37.8 75.6 27.6
      vertex 37.8 75.6 27.2
    endloop
  endfacet
  facet normal 0.57735 0.57735 0.57735
    outer loop
      vertex 37.8 75.6 27.6
      vertex 37.6 75.8 27.6
      vertex 37.6 75.6 27.8
    endloop
  endfacet
  facet normal 0.57735 0.57735 -0.57735
    outer loop
      vertex 37.6 76.2 -6
      vertex 37.8 76 -6
      vertex 37.6 76 -6.2
    endloop
  endfacet
  facet normal 0.707107 0.707107 -0
    outer loop
      vertex 37.8 76 -6
      vertex 37.6 76.2 26.8
      vertex 37.8 76 26.8
    endloop
  endfacet
  facet normal 0.707107 0.707107 0
    outer loop
      vertex 37.6 76.2 26.8
      vertex 37.8 76 -6
      vertex 37.6 76.2 -6
    endloop
  endfacet
  facet normal -1 0 0
    outer loop
      vertex 22.7 23.7 24.2
      vertex 22.7 52.7 27.8
      vertex 22.7 52.7 24.2
    endloop
  endfacet
  facet normal -1 -0 0
    outer loop
      vertex 22.7 52.7 27.8
      vertex 22.7 23.7 24.2
      vertex 22.7 23.7 27.8
    endloop
  endfacet
  facet normal 1 -0 0
    outer loop
      vertex -6.3 23.7 27.8
      vertex -6.3 52.7 24.2
      vertex -6.3 52.7 27.8
    endloop
  endfacet
  facet normal 1 0 0
    outer loop
      vertex -6.3 52.7 24.2
      vertex -6.3 23.7 27.8
      vertex -6.3 23.7 24.2
    endloop
  endfacet
  facet normal 0 -1 0
    outer loop
      vertex -6.3 52.7 24.2
      vertex 22.7 52.7 27.8
      vertex -6.3 52.7 27.8
    endloop
  endfacet
  facet normal 0 -1 -0
    outer loop
      vertex 22.7 52.7 27.8
      vertex -6.3 52.7 24.2
      vertex 22.7 52.7 24.2
    endloop
  endfacet
  facet normal 0 1 -0
    outer loop
      vertex 22.7 23.7 24.2
      vertex -6.3 23.7 27.8
      vertex 22.7 23.7 27.8
    endloop
  endfacet
  facet normal 0 1 0
    outer loop
      vertex -6.3 23.7 27.8
      vertex 22.7 23.7 24.2
      vertex -6.3 23.7 24.2
    endloop
  endfacet
  facet normal 0.555617 -0.831438 0
    outer loop
      vertex -10.05 22.5349 22.8
      vertex -9.7781 22.7166 24.2
      vertex -10.05 22.5349 24.2
    endloop
  endfacet
  facet normal 0.555617 -0.831438 0
    outer loop
      vertex -9.7781 22.7166 24.2
      vertex -10.05 22.5349 22.8
      vertex -9.7781 22.7166 22.8
    endloop
  endfacet
  facet normal 0.751898 -0.659279 0
    outer loop
      vertex -9.53223 22.9322 24.2
      vertex -9.31662 23.1781 22.8
      vertex -9.31662 23.1781 24.2
    endloop
  endfacet
  facet normal 0.751898 -0.659279 0
    outer loop
      vertex -9.31662 23.1781 22.8
      vertex -9.53223 22.9322 24.2
      vertex -9.53223 22.9322 22.8
    endloop
  endfacet
  facet normal 0.896872 0.44229 0
    outer loop
      vertex -8.9903 25.6567 24.2
      vertex -9.13494 25.95 22.8
      vertex -9.13494 25.95 24.2
    endloop
  endfacet
  facet normal 0.896872 0.44229 0
    outer loop
      vertex -9.13494 25.95 22.8
      vertex -8.9903 25.6567 24.2
      vertex -8.9903 25.6567 22.8
    endloop
  endfacet
  facet normal 0.831466 0.555575 0
    outer loop
      vertex -9.13494 25.95 24.2
      vertex -9.31662 26.2219 22.8
      vertex -9.31662 26.2219 24.2
    endloop
  endfacet
  facet normal 0.831466 0.555575 0
    outer loop
      vertex -9.31662 26.2219 22.8
      vertex -9.13494 25.95 24.2
      vertex -9.13494 25.95 22.8
    endloop
  endfacet
  facet normal 0.98078 0.195116 0
    outer loop
      vertex -8.82139 25.0263 24.2
      vertex -8.88519 25.347 22.8
      vertex -8.88519 25.347 24.2
    endloop
  endfacet
  facet normal 0.98078 0.195116 0
    outer loop
      vertex -8.88519 25.347 22.8
      vertex -8.82139 25.0263 24.2
      vertex -8.82139 25.0263 22.8
    endloop
  endfacet
  facet normal 0.659307 0.751873 -0
    outer loop
      vertex -9.53223 26.4678 22.8
      vertex -9.7781 26.6834 24.2
      vertex -9.53223 26.4678 24.2
    endloop
  endfacet
  facet normal 0.659307 0.751873 0
    outer loop
      vertex -9.7781 26.6834 24.2
      vertex -9.53223 26.4678 22.8
      vertex -9.7781 26.6834 22.8
    endloop
  endfacet
  facet normal 0.195116 0.98078 -0
    outer loop
      vertex -10.653 27.1148 22.8
      vertex -10.9737 27.1786 24.2
      vertex -10.653 27.1148 24.2
    endloop
  endfacet
  facet normal 0.195116 0.98078 0
    outer loop
      vertex -10.9737 27.1786 24.2
      vertex -10.653 27.1148 22.8
      vertex -10.9737 27.1786 22.8
    endloop
  endfacet
  facet normal 0.195116 -0.98078 0
    outer loop
      vertex -10.9737 22.2214 22.8
      vertex -10.653 22.2852 24.2
      vertex -10.9737 22.2214 24.2
    endloop
  endfacet
  facet normal 0.195116 -0.98078 0
    outer loop
      vertex -10.653 22.2852 24.2
      vertex -10.9737 22.2214 22.8
      vertex -10.653 22.2852 22.8
    endloop
  endfacet
  facet normal 0.997858 0.0654128 0
    outer loop
      vertex -8.8 24.7 24.2
      vertex -8.82139 25.0263 22.8
      vertex -8.82139 25.0263 24.2
    endloop
  endfacet
  facet normal 0.997858 0.0654128 0
    outer loop
      vertex -8.82139 25.0263 22.8
      vertex -8.8 24.7 24.2
      vertex -8.8 24.7 22.8
    endloop
  endfacet
  facet normal -0.896921 -0.442191 0
    outer loop
      vertex -13.4651 23.45 22.8
      vertex -13.6097 23.7433 24.2
      vertex -13.6097 23.7433 22.8
    endloop
  endfacet
  facet normal -0.896921 -0.442191 0
    outer loop
      vertex -13.6097 23.7433 24.2
      vertex -13.4651 23.45 22.8
      vertex -13.4651 23.45 24.2
    endloop
  endfacet
  facet normal -0.997856 0.0654432 0
    outer loop
      vertex -13.8 24.7 22.8
      vertex -13.7786 25.0263 24.2
      vertex -13.7786 25.0263 22.8
    endloop
  endfacet
  facet normal -0.997856 0.0654432 0
    outer loop
      vertex -13.7786 25.0263 24.2
      vertex -13.8 24.7 22.8
      vertex -13.8 24.7 24.2
    endloop
  endfacet
  facet normal -0.195116 0.98078 0
    outer loop
      vertex -11.6263 27.1786 22.8
      vertex -11.947 27.1148 24.2
      vertex -11.6263 27.1786 24.2
    endloop
  endfacet
  facet normal -0.195116 0.98078 0
    outer loop
      vertex -11.947 27.1148 24.2
      vertex -11.6263 27.1786 22.8
      vertex -11.947 27.1148 22.8
    endloop
  endfacet
  facet normal -0.997856 -0.0654432 0
    outer loop
      vertex -13.7786 24.3737 22.8
      vertex -13.8 24.7 24.2
      vertex -13.8 24.7 22.8
    endloop
  endfacet
  facet normal -0.997856 -0.0654432 0
    outer loop
      vertex -13.8 24.7 24.2
      vertex -13.7786 24.3737 22.8
      vertex -13.7786 24.3737 24.2
    endloop
  endfacet
  facet normal 0.0654432 0.997856 -0
    outer loop
      vertex -10.9737 27.1786 22.8
      vertex -11.3 27.2 24.2
      vertex -10.9737 27.1786 24.2
    endloop
  endfacet
  facet normal 0.0654432 0.997856 0
    outer loop
      vertex -11.3 27.2 24.2
      vertex -10.9737 27.1786 22.8
      vertex -11.3 27.2 22.8
    endloop
  endfacet
  facet normal 0.946948 -0.321387 0
    outer loop
      vertex -8.9903 23.7433 24.2
      vertex -8.88519 24.053 22.8
      vertex -8.88519 24.053 24.2
    endloop
  endfacet
  facet normal 0.946948 -0.321387 0
    outer loop
      vertex -8.88519 24.053 22.8
      vertex -8.9903 23.7433 24.2
      vertex -8.9903 23.7433 22.8
    endloop
  endfacet
  facet normal -0.831438 0.555617 0
    outer loop
      vertex -13.4651 25.95 22.8
      vertex -13.2834 26.2219 24.2
      vertex -13.2834 26.2219 22.8
    endloop
  endfacet
  facet normal -0.831438 0.555617 0
    outer loop
      vertex -13.2834 26.2219 24.2
      vertex -13.4651 25.95 22.8
      vertex -13.4651 25.95 24.2
    endloop
  endfacet
  facet normal -0.659262 0.751913 0
    outer loop
      vertex -12.8219 26.6834 22.8
      vertex -13.0678 26.4678 24.2
      vertex -12.8219 26.6834 24.2
    endloop
  endfacet
  facet normal -0.659262 0.751913 0
    outer loop
      vertex -13.0678 26.4678 24.2
      vertex -12.8219 26.6834 22.8
      vertex -13.0678 26.4678 22.8
    endloop
  endfacet
  facet normal 0.751898 0.659279 0
    outer loop
      vertex -9.31662 26.2219 24.2
      vertex -9.53223 26.4678 22.8
      vertex -9.53223 26.4678 24.2
    endloop
  endfacet
  facet normal 0.751898 0.659279 0
    outer loop
      vertex -9.53223 26.4678 22.8
      vertex -9.31662 26.2219 24.2
      vertex -9.31662 26.2219 22.8
    endloop
  endfacet
  facet normal 0.32136 -0.946957 0
    outer loop
      vertex -10.653 22.2852 22.8
      vertex -10.3433 22.3903 24.2
      vertex -10.653 22.2852 24.2
    endloop
  endfacet
  facet normal 0.32136 -0.946957 0
    outer loop
      vertex -10.3433 22.3903 24.2
      vertex -10.653 22.2852 22.8
      vertex -10.3433 22.3903 22.8
    endloop
  endfacet
  facet normal -0.32136 0.946957 0
    outer loop
      vertex -11.947 27.1148 22.8
      vertex -12.2567 27.0097 24.2
      vertex -11.947 27.1148 24.2
    endloop
  endfacet
  facet normal -0.32136 0.946957 0
    outer loop
      vertex -12.2567 27.0097 24.2
      vertex -11.947 27.1148 22.8
      vertex -12.2567 27.0097 22.8
    endloop
  endfacet
  facet normal 0.32136 0.946957 -0
    outer loop
      vertex -10.3433 27.0097 22.8
      vertex -10.653 27.1148 24.2
      vertex -10.3433 27.0097 24.2
    endloop
  endfacet
  facet normal 0.32136 0.946957 0
    outer loop
      vertex -10.653 27.1148 24.2
      vertex -10.3433 27.0097 22.8
      vertex -10.653 27.1148 22.8
    endloop
  endfacet
  facet normal -0.195116 -0.98078 0
    outer loop
      vertex -11.947 22.2852 22.8
      vertex -11.6263 22.2214 24.2
      vertex -11.947 22.2852 24.2
    endloop
  endfacet
  facet normal -0.195116 -0.98078 -0
    outer loop
      vertex -11.6263 22.2214 24.2
      vertex -11.947 22.2852 22.8
      vertex -11.6263 22.2214 22.8
    endloop
  endfacet
  facet normal 0.0654432 -0.997856 0
    outer loop
      vertex -11.3 22.2 22.8
      vertex -10.9737 22.2214 24.2
      vertex -11.3 22.2 24.2
    endloop
  endfacet
  facet normal 0.0654432 -0.997856 0
    outer loop
      vertex -10.9737 22.2214 24.2
      vertex -11.3 22.2 22.8
      vertex -10.9737 22.2214 22.8
    endloop
  endfacet
  facet normal -0.0654432 -0.997856 0
    outer loop
      vertex -11.6263 22.2214 22.8
      vertex -11.3 22.2 24.2
      vertex -11.6263 22.2214 24.2
    endloop
  endfacet
  facet normal -0.0654432 -0.997856 -0
    outer loop
      vertex -11.3 22.2 24.2
      vertex -11.6263 22.2214 22.8
      vertex -11.3 22.2 22.8
    endloop
  endfacet
  facet normal 0.442191 -0.896921 0
    outer loop
      vertex -10.3433 22.3903 22.8
      vertex -10.05 22.5349 24.2
      vertex -10.3433 22.3903 24.2
    endloop
  endfacet
  facet normal 0.442191 -0.896921 0
    outer loop
      vertex -10.05 22.5349 24.2
      vertex -10.3433 22.3903 22.8
      vertex -10.05 22.5349 22.8
    endloop
  endfacet
  facet normal 0.442191 0.896921 -0
    outer loop
      vertex -10.05 26.8651 22.8
      vertex -10.3433 27.0097 24.2
      vertex -10.05 26.8651 24.2
    endloop
  endfacet
  facet normal 0.442191 0.896921 0
    outer loop
      vertex -10.3433 27.0097 24.2
      vertex -10.05 26.8651 22.8
      vertex -10.3433 27.0097 22.8
    endloop
  endfacet
  facet normal 0.555617 0.831438 -0
    outer loop
      vertex -9.7781 26.6834 22.8
      vertex -10.05 26.8651 24.2
      vertex -9.7781 26.6834 24.2
    endloop
  endfacet
  facet normal 0.555617 0.831438 0
    outer loop
      vertex -10.05 26.8651 24.2
      vertex -9.7781 26.6834 22.8
      vertex -10.05 26.8651 22.8
    endloop
  endfacet
  facet normal -0.946957 -0.32136 0
    outer loop
      vertex -13.6097 23.7433 22.8
      vertex -13.7148 24.053 24.2
      vertex -13.7148 24.053 22.8
    endloop
  endfacet
  facet normal -0.946957 -0.32136 0
    outer loop
      vertex -13.7148 24.053 24.2
      vertex -13.6097 23.7433 22.8
      vertex -13.6097 23.7433 24.2
    endloop
  endfacet
  facet normal 0.831466 -0.555575 0
    outer loop
      vertex -9.31662 23.1781 24.2
      vertex -9.13494 23.45 22.8
      vertex -9.13494 23.45 24.2
    endloop
  endfacet
  facet normal 0.831466 -0.555575 0
    outer loop
      vertex -9.13494 23.45 22.8
      vertex -9.31662 23.1781 24.2
      vertex -9.31662 23.1781 22.8
    endloop
  endfacet
  facet normal -0.98078 0.195116 0
    outer loop
      vertex -13.7786 25.0263 22.8
      vertex -13.7148 25.347 24.2
      vertex -13.7148 25.347 22.8
    endloop
  endfacet
  facet normal -0.98078 0.195116 0
    outer loop
      vertex -13.7148 25.347 24.2
      vertex -13.7786 25.0263 22.8
      vertex -13.7786 25.0263 24.2
    endloop
  endfacet
  facet normal 0.896872 -0.44229 0
    outer loop
      vertex -9.13494 23.45 24.2
      vertex -8.9903 23.7433 22.8
      vertex -8.9903 23.7433 24.2
    endloop
  endfacet
  facet normal 0.896872 -0.44229 0
    outer loop
      vertex -8.9903 23.7433 22.8
      vertex -9.13494 23.45 24.2
      vertex -9.13494 23.45 22.8
    endloop
  endfacet
  facet normal 0.946948 0.321387 0
    outer loop
      vertex -8.88519 25.347 24.2
      vertex -8.9903 25.6567 22.8
      vertex -8.9903 25.6567 24.2
    endloop
  endfacet
  facet normal 0.946948 0.321387 0
    outer loop
      vertex -8.9903 25.6567 22.8
      vertex -8.88519 25.347 24.2
      vertex -8.88519 25.347 22.8
    endloop
  endfacet
  facet normal -0.751913 -0.659262 0
    outer loop
      vertex -13.0678 22.9322 22.8
      vertex -13.2834 23.1781 24.2
      vertex -13.2834 23.1781 22.8
    endloop
  endfacet
  facet normal -0.751913 -0.659262 0
    outer loop
      vertex -13.2834 23.1781 24.2
      vertex -13.0678 22.9322 22.8
      vertex -13.0678 22.9322 24.2
    endloop
  endfacet
  facet normal -0.555617 0.831438 0
    outer loop
      vertex -12.55 26.8651 22.8
      vertex -12.8219 26.6834 24.2
      vertex -12.55 26.8651 24.2
    endloop
  endfacet
  facet normal -0.555617 0.831438 0
    outer loop
      vertex -12.8219 26.6834 24.2
      vertex -12.55 26.8651 22.8
      vertex -12.8219 26.6834 22.8
    endloop
  endfacet
  facet normal -0.0654432 0.997856 0
    outer loop
      vertex -11.3 27.2 22.8
      vertex -11.6263 27.1786 24.2
      vertex -11.3 27.2 24.2
    endloop
  endfacet
  facet normal -0.0654432 0.997856 0
    outer loop
      vertex -11.6263 27.1786 24.2
      vertex -11.3 27.2 22.8
      vertex -11.6263 27.1786 22.8
    endloop
  endfacet
  facet normal -0.442191 0.896921 0
    outer loop
      vertex -12.2567 27.0097 22.8
      vertex -12.55 26.8651 24.2
      vertex -12.2567 27.0097 24.2
    endloop
  endfacet
  facet normal -0.442191 0.896921 0
    outer loop
      vertex -12.55 26.8651 24.2
      vertex -12.2567 27.0097 22.8
      vertex -12.55 26.8651 22.8
    endloop
  endfacet
  facet normal -0.831438 -0.555617 0
    outer loop
      vertex -13.2834 23.1781 22.8
      vertex -13.4651 23.45 24.2
      vertex -13.4651 23.45 22.8
    endloop
  endfacet
  facet normal -0.831438 -0.555617 0
    outer loop
      vertex -13.4651 23.45 24.2
      vertex -13.2834 23.1781 22.8
      vertex -13.2834 23.1781 24.2
    endloop
  endfacet
  facet normal -0.555617 -0.831438 0
    outer loop
      vertex -12.8219 22.7166 22.8
      vertex -12.55 22.5349 24.2
      vertex -12.8219 22.7166 24.2
    endloop
  endfacet
  facet normal -0.555617 -0.831438 -0
    outer loop
      vertex -12.55 22.5349 24.2
      vertex -12.8219 22.7166 22.8
      vertex -12.55 22.5349 22.8
    endloop
  endfacet
  facet normal 0.997858 -0.0654128 0
    outer loop
      vertex -8.82139 24.3737 24.2
      vertex -8.8 24.7 22.8
      vertex -8.8 24.7 24.2
    endloop
  endfacet
  facet normal 0.997858 -0.0654128 0
    outer loop
      vertex -8.8 24.7 22.8
      vertex -8.82139 24.3737 24.2
      vertex -8.82139 24.3737 22.8
    endloop
  endfacet
  facet normal 0 0 -1
    outer loop
      vertex -10.5 24.7 22.8
      vertex -8.8 24.7 22.8
      vertex -8.82139 24.3737 22.8
    endloop
  endfacet
  facet normal 0 0 -1
    outer loop
      vertex -10.5068 24.5956 22.8
      vertex -8.82139 24.3737 22.8
      vertex -8.88519 24.053 22.8
    endloop
  endfacet
  facet normal 0 0 -1
    outer loop
      vertex -8.8 24.7 22.8
      vertex -10.5 24.7 22.8
      vertex -8.82139 25.0263 22.8
    endloop
  endfacet
  facet normal 0 0 -1
    outer loop
      vertex -10.5273 24.4929 22.8
      vertex -8.88519 24.053 22.8
      vertex -8.9903 23.7433 22.8
    endloop
  endfacet
  facet normal 0 0 -1
    outer loop
      vertex -10.5068 24.8044 22.8
      vertex -8.82139 25.0263 22.8
      vertex -10.5 24.7 22.8
    endloop
  endfacet
  facet normal 0 0 -1
    outer loop
      vertex -10.5609 24.3939 22.8
      vertex -8.9903 23.7433 22.8
      vertex -9.13494 23.45 22.8
    endloop
  endfacet
  facet normal -0 0 -1
    outer loop
      vertex -8.82139 25.0263 22.8
      vertex -10.5068 24.8044 22.8
      vertex -8.88519 25.347 22.8
    endloop
  endfacet
  facet normal 0 0 -1
    outer loop
      vertex -10.6072 24.3 22.8
      vertex -9.13494 23.45 22.8
      vertex -9.31662 23.1781 22.8
    endloop
  endfacet
  facet normal 0 0 -1
    outer loop
      vertex -10.5273 24.9071 22.8
      vertex -8.88519 25.347 22.8
      vertex -10.5068 24.8044 22.8
    endloop
  endfacet
  facet normal 0 0 -1
    outer loop
      vertex -10.6653 24.213 22.8
      vertex -9.31662 23.1781 22.8
      vertex -9.53223 22.9322 22.8
    endloop
  endfacet
  facet normal -0 0 -1
    outer loop
      vertex -8.88519 25.347 22.8
      vertex -10.5273 24.9071 22.8
      vertex -8.9903 25.6567 22.8
    endloop
  endfacet
  facet normal 0 0 -1
    outer loop
      vertex -10.7343 24.1343 22.8
      vertex -9.53223 22.9322 22.8
      vertex -9.7781 22.7166 22.8
    endloop
  endfacet
  facet normal 0 0 -1
    outer loop
      vertex -10.5609 25.0061 22.8
      vertex -8.9903 25.6567 22.8
      vertex -10.5273 24.9071 22.8
    endloop
  endfacet
  facet normal 0 0 -1
    outer loop
      vertex -10.813 24.0653 22.8
      vertex -9.7781 22.7166 22.8
      vertex -10.05 22.5349 22.8
    endloop
  endfacet
  facet normal -0 0 -1
    outer loop
      vertex -8.9903 25.6567 22.8
      vertex -10.5609 25.0061 22.8
      vertex -9.13494 25.95 22.8
    endloop
  endfacet
  facet normal 0 0 -1
    outer loop
      vertex -10.9 24.0072 22.8
      vertex -10.05 22.5349 22.8
      vertex -10.3433 22.3903 22.8
    endloop
  endfacet
  facet normal 0 0 -1
    outer loop
      vertex -10.6072 25.1 22.8
      vertex -9.13494 25.95 22.8
      vertex -10.5609 25.0061 22.8
    endloop
  endfacet
  facet normal -0 0 -1
    outer loop
      vertex -9.13494 25.95 22.8
      vertex -10.6072 25.1 22.8
      vertex -9.31662 26.2219 22.8
    endloop
  endfacet
  facet normal 0 0 -1
    outer loop
      vertex -8.82139 24.3737 22.8
      vertex -10.5068 24.5956 22.8
      vertex -10.5 24.7 22.8
    endloop
  endfacet
  facet normal 0 0 -1
    outer loop
      vertex -8.88519 24.053 22.8
      vertex -10.5273 24.4929 22.8
      vertex -10.5068 24.5956 22.8
    endloop
  endfacet
  facet normal 0 0 -1
    outer loop
      vertex -8.9903 23.7433 22.8
      vertex -10.5609 24.3939 22.8
      vertex -10.5273 24.4929 22.8
    endloop
  endfacet
  facet normal 0 0 -1
    outer loop
      vertex -9.13494 23.45 22.8
      vertex -10.6072 24.3 22.8
      vertex -10.5609 24.3939 22.8
    endloop
  endfacet
  facet normal 0 0 -1
    outer loop
      vertex -10.9939 23.9609 22.8
      vertex -10.3433 22.3903 22.8
      vertex -10.653 22.2852 22.8
    endloop
  endfacet
  facet normal 0 0 -1
    outer loop
      vertex -9.31662 23.1781 22.8
      vertex -10.6653 24.213 22.8
      vertex -10.6072 24.3 22.8
    endloop
  endfacet
  facet normal 0 0 -1
    outer loop
      vertex -9.53223 22.9322 22.8
      vertex -10.7343 24.1343 22.8
      vertex -10.6653 24.213 22.8
    endloop
  endfacet
  facet normal 0 0 -1
    outer loop
      vertex -9.7781 22.7166 22.8
      vertex -10.813 24.0653 22.8
      vertex -10.7343 24.1343 22.8
    endloop
  endfacet
  facet normal 0 0 -1
    outer loop
      vertex -10.05 22.5349 22.8
      vertex -10.9 24.0072 22.8
      vertex -10.813 24.0653 22.8
    endloop
  endfacet
  facet normal 0 0 -1
    outer loop
      vertex -11.0929 23.9273 22.8
      vertex -10.653 22.2852 22.8
      vertex -10.9737 22.2214 22.8
    endloop
  endfacet
  facet normal 0 0 -1
    outer loop
      vertex -10.3433 22.3903 22.8
      vertex -10.9939 23.9609 22.8
      vertex -10.9 24.0072 22.8
    endloop
  endfacet
  facet normal 0 0 -1
    outer loop
      vertex -10.653 22.2852 22.8
      vertex -11.0929 23.9273 22.8
      vertex -10.9939 23.9609 22.8
    endloop
  endfacet
  facet normal 0 0 -1
    outer loop
      vertex -10.9737 22.2214 22.8
      vertex -11.1956 23.9068 22.8
      vertex -11.0929 23.9273 22.8
    endloop
  endfacet
  facet normal 0 0 -1
    outer loop
      vertex -11.3 22.2 22.8
      vertex -11.1956 23.9068 22.8
      vertex -10.9737 22.2214 22.8
    endloop
  endfacet
  facet normal 0 0 -1
    outer loop
      vertex -11.3 22.2 22.8
      vertex -11.3 23.9 22.8
      vertex -11.1956 23.9068 22.8
    endloop
  endfacet
  facet normal 0 0 -1
    outer loop
      vertex -11.3 22.2 22.8
      vertex -11.4044 23.9068 22.8
      vertex -11.3 23.9 22.8
    endloop
  endfacet
  facet normal 0 0 -1
    outer loop
      vertex -11.6263 22.2214 22.8
      vertex -11.4044 23.9068 22.8
      vertex -11.3 22.2 22.8
    endloop
  endfacet
  facet normal -0 0 -1
    outer loop
      vertex -11.4044 23.9068 22.8
      vertex -11.6263 22.2214 22.8
      vertex -11.5071 23.9273 22.8
    endloop
  endfacet
  facet normal 0 0 -1
    outer loop
      vertex -11.947 22.2852 22.8
      vertex -11.5071 23.9273 22.8
      vertex -11.6263 22.2214 22.8
    endloop
  endfacet
  facet normal -0 0 -1
    outer loop
      vertex -11.5071 23.9273 22.8
      vertex -11.947 22.2852 22.8
      vertex -11.6061 23.9609 22.8
    endloop
  endfacet
  facet normal 0 0 -1
    outer loop
      vertex -12.2567 22.3903 22.8
      vertex -11.6061 23.9609 22.8
      vertex -11.947 22.2852 22.8
    endloop
  endfacet
  facet normal -0 0 -1
    outer loop
      vertex -11.6061 23.9609 22.8
      vertex -12.2567 22.3903 22.8
      vertex -11.7 24.0072 22.8
    endloop
  endfacet
  facet normal 0 0 -1
    outer loop
      vertex -12.55 22.5349 22.8
      vertex -11.7 24.0072 22.8
      vertex -12.2567 22.3903 22.8
    endloop
  endfacet
  facet normal -0 0 -1
    outer loop
      vertex -11.7 24.0072 22.8
      vertex -12.55 22.5349 22.8
      vertex -11.787 24.0653 22.8
    endloop
  endfacet
  facet normal 0 0 -1
    outer loop
      vertex -12.8219 22.7166 22.8
      vertex -11.787 24.0653 22.8
      vertex -12.55 22.5349 22.8
    endloop
  endfacet
  facet normal -0 0 -1
    outer loop
      vertex -11.787 24.0653 22.8
      vertex -12.8219 22.7166 22.8
      vertex -11.8657 24.1343 22.8
    endloop
  endfacet
  facet normal 0 0 -1
    outer loop
      vertex -13.0678 22.9322 22.8
      vertex -11.8657 24.1343 22.8
      vertex -12.8219 22.7166 22.8
    endloop
  endfacet
  facet normal -0 0 -1
    outer loop
      vertex -11.8657 24.1343 22.8
      vertex -13.0678 22.9322 22.8
      vertex -11.9347 24.213 22.8
    endloop
  endfacet
  facet normal 0 0 -1
    outer loop
      vertex -13.2834 23.1781 22.8
      vertex -11.9347 24.213 22.8
      vertex -13.0678 22.9322 22.8
    endloop
  endfacet
  facet normal -0 0 -1
    outer loop
      vertex -11.9347 24.213 22.8
      vertex -13.2834 23.1781 22.8
      vertex -11.9928 24.3 22.8
    endloop
  endfacet
  facet normal 0 0 -1
    outer loop
      vertex -10.6653 25.187 22.8
      vertex -9.31662 26.2219 22.8
      vertex -10.6072 25.1 22.8
    endloop
  endfacet
  facet normal -0 0 -1
    outer loop
      vertex -9.31662 26.2219 22.8
      vertex -10.6653 25.187 22.8
      vertex -9.53223 26.4678 22.8
    endloop
  endfacet
  facet normal 0 0 -1
    outer loop
      vertex -10.7343 25.2657 22.8
      vertex -9.53223 26.4678 22.8
      vertex -10.6653 25.187 22.8
    endloop
  endfacet
  facet normal -0 0 -1
    outer loop
      vertex -9.53223 26.4678 22.8
      vertex -10.7343 25.2657 22.8
      vertex -9.7781 26.6834 22.8
    endloop
  endfacet
  facet normal 0 0 -1
    outer loop
      vertex -10.813 25.3347 22.8
      vertex -9.7781 26.6834 22.8
      vertex -10.7343 25.2657 22.8
    endloop
  endfacet
  facet normal -0 0 -1
    outer loop
      vertex -9.7781 26.6834 22.8
      vertex -10.813 25.3347 22.8
      vertex -10.05 26.8651 22.8
    endloop
  endfacet
  facet normal 0 0 -1
    outer loop
      vertex -10.9 25.3928 22.8
      vertex -10.05 26.8651 22.8
      vertex -10.813 25.3347 22.8
    endloop
  endfacet
  facet normal -0 0 -1
    outer loop
      vertex -10.05 26.8651 22.8
      vertex -10.9 25.3928 22.8
      vertex -10.3433 27.0097 22.8
    endloop
  endfacet
  facet normal 0 0 -1
    outer loop
      vertex -10.9939 25.4391 22.8
      vertex -10.3433 27.0097 22.8
      vertex -10.9 25.3928 22.8
    endloop
  endfacet
  facet normal -0 0 -1
    outer loop
      vertex -10.3433 27.0097 22.8
      vertex -10.9939 25.4391 22.8
      vertex -10.653 27.1148 22.8
    endloop
  endfacet
  facet normal 0 0 -1
    outer loop
      vertex -11.0929 25.4727 22.8
      vertex -10.653 27.1148 22.8
      vertex -10.9939 25.4391 22.8
    endloop
  endfacet
  facet normal -0 0 -1
    outer loop
      vertex -10.653 27.1148 22.8
      vertex -11.0929 25.4727 22.8
      vertex -10.9737 27.1786 22.8
    endloop
  endfacet
  facet normal 0 0 -1
    outer loop
      vertex -11.1956 25.4932 22.8
      vertex -10.9737 27.1786 22.8
      vertex -11.0929 25.4727 22.8
    endloop
  endfacet
  facet normal 0 0 -1
    outer loop
      vertex -11.3 25.5 22.8
      vertex -10.9737 27.1786 22.8
      vertex -11.1956 25.4932 22.8
    endloop
  endfacet
  facet normal 0 0 -1
    outer loop
      vertex -11.3 25.5 22.8
      vertex -11.3 27.2 22.8
      vertex -10.9737 27.1786 22.8
    endloop
  endfacet
  facet normal 0 0 -1
    outer loop
      vertex -11.4044 25.4932 22.8
      vertex -11.3 27.2 22.8
      vertex -11.3 25.5 22.8
    endloop
  endfacet
  facet normal 0 0 -1
    outer loop
      vertex -11.6263 27.1786 22.8
      vertex -11.4044 25.4932 22.8
      vertex -11.5071 25.4727 22.8
    endloop
  endfacet
  facet normal 0 0 -1
    outer loop
      vertex -11.947 27.1148 22.8
      vertex -11.5071 25.4727 22.8
      vertex -11.6061 25.4391 22.8
    endloop
  endfacet
  facet normal 0 0 -1
    outer loop
      vertex -11.4044 25.4932 22.8
      vertex -11.6263 27.1786 22.8
      vertex -11.3 27.2 22.8
    endloop
  endfacet
  facet normal 0 0 -1
    outer loop
      vertex -12.2567 27.0097 22.8
      vertex -11.6061 25.4391 22.8
      vertex -11.7 25.3928 22.8
    endloop
  endfacet
  facet normal 0 0 -1
    outer loop
      vertex -12.55 26.8651 22.8
      vertex -11.7 25.3928 22.8
      vertex -11.787 25.3347 22.8
    endloop
  endfacet
  facet normal 0 0 -1
    outer loop
      vertex -12.8219 26.6834 22.8
      vertex -11.787 25.3347 22.8
      vertex -11.8657 25.2657 22.8
    endloop
  endfacet
  facet normal 0 0 -1
    outer loop
      vertex -13.0678 26.4678 22.8
      vertex -11.8657 25.2657 22.8
      vertex -11.9347 25.187 22.8
    endloop
  endfacet
  facet normal 0 0 -1
    outer loop
      vertex -11.5071 25.4727 22.8
      vertex -11.947 27.1148 22.8
      vertex -11.6263 27.1786 22.8
    endloop
  endfacet
  facet normal 0 0 -1
    outer loop
      vertex -13.2834 26.2219 22.8
      vertex -11.9347 25.187 22.8
      vertex -11.9928 25.1 22.8
    endloop
  endfacet
  facet normal 0 0 -1
    outer loop
      vertex -13.4651 25.95 22.8
      vertex -11.9928 25.1 22.8
      vertex -12.0391 25.0061 22.8
    endloop
  endfacet
  facet normal 0 0 -1
    outer loop
      vertex -13.6097 25.6567 22.8
      vertex -12.0391 25.0061 22.8
      vertex -12.0727 24.9071 22.8
    endloop
  endfacet
  facet normal 0 0 -1
    outer loop
      vertex -13.7148 25.347 22.8
      vertex -12.0727 24.9071 22.8
      vertex -12.0932 24.8044 22.8
    endloop
  endfacet
  facet normal 0 0 -1
    outer loop
      vertex -13.7786 25.0263 22.8
      vertex -12.0932 24.8044 22.8
      vertex -12.1 24.7 22.8
    endloop
  endfacet
  facet normal 0 0 -1
    outer loop
      vertex -13.4651 23.45 22.8
      vertex -11.9928 24.3 22.8
      vertex -13.2834 23.1781 22.8
    endloop
  endfacet
  facet normal 0 0 -1
    outer loop
      vertex -11.6061 25.4391 22.8
      vertex -12.2567 27.0097 22.8
      vertex -11.947 27.1148 22.8
    endloop
  endfacet
  facet normal -0 0 -1
    outer loop
      vertex -11.9928 24.3 22.8
      vertex -13.4651 23.45 22.8
      vertex -12.0391 24.3939 22.8
    endloop
  endfacet
  facet normal 0 0 -1
    outer loop
      vertex -11.7 25.3928 22.8
      vertex -12.55 26.8651 22.8
      vertex -12.2567 27.0097 22.8
    endloop
  endfacet
  facet normal 0 0 -1
    outer loop
      vertex -13.6097 23.7433 22.8
      vertex -12.0391 24.3939 22.8
      vertex -13.4651 23.45 22.8
    endloop
  endfacet
  facet normal 0 0 -1
    outer loop
      vertex -11.787 25.3347 22.8
      vertex -12.8219 26.6834 22.8
      vertex -12.55 26.8651 22.8
    endloop
  endfacet
  facet normal -0 0 -1
    outer loop
      vertex -12.0391 24.3939 22.8
      vertex -13.6097 23.7433 22.8
      vertex -12.0727 24.4929 22.8
    endloop
  endfacet
  facet normal 0 0 -1
    outer loop
      vertex -11.8657 25.2657 22.8
      vertex -13.0678 26.4678 22.8
      vertex -12.8219 26.6834 22.8
    endloop
  endfacet
  facet normal 0 0 -1
    outer loop
      vertex -13.7148 24.053 22.8
      vertex -12.0727 24.4929 22.8
      vertex -13.6097 23.7433 22.8
    endloop
  endfacet
  facet normal 0 0 -1
    outer loop
      vertex -11.9347 25.187 22.8
      vertex -13.2834 26.2219 22.8
      vertex -13.0678 26.4678 22.8
    endloop
  endfacet
  facet normal -0 0 -1
    outer loop
      vertex -12.0727 24.4929 22.8
      vertex -13.7148 24.053 22.8
      vertex -12.0932 24.5956 22.8
    endloop
  endfacet
  facet normal 0 0 -1
    outer loop
      vertex -11.9928 25.1 22.8
      vertex -13.4651 25.95 22.8
      vertex -13.2834 26.2219 22.8
    endloop
  endfacet
  facet normal 0 0 -1
    outer loop
      vertex -13.7786 24.3737 22.8
      vertex -12.0932 24.5956 22.8
      vertex -13.7148 24.053 22.8
    endloop
  endfacet
  facet normal 0 0 -1
    outer loop
      vertex -12.0391 25.0061 22.8
      vertex -13.6097 25.6567 22.8
      vertex -13.4651 25.95 22.8
    endloop
  endfacet
  facet normal -0 0 -1
    outer loop
      vertex -12.0932 24.5956 22.8
      vertex -13.7786 24.3737 22.8
      vertex -12.1 24.7 22.8
    endloop
  endfacet
  facet normal 0 0 -1
    outer loop
      vertex -12.0727 24.9071 22.8
      vertex -13.7148 25.347 22.8
      vertex -13.6097 25.6567 22.8
    endloop
  endfacet
  facet normal 0 0 -1
    outer loop
      vertex -13.8 24.7 22.8
      vertex -12.1 24.7 22.8
      vertex -13.7786 24.3737 22.8
    endloop
  endfacet
  facet normal 0 0 -1
    outer loop
      vertex -12.0932 24.8044 22.8
      vertex -13.7786 25.0263 22.8
      vertex -13.7148 25.347 22.8
    endloop
  endfacet
  facet normal 0 0 -1
    outer loop
      vertex -12.1 24.7 22.8
      vertex -13.8 24.7 22.8
      vertex -13.7786 25.0263 22.8
    endloop
  endfacet
  facet normal 0.98078 -0.195116 0
    outer loop
      vertex -8.88519 24.053 24.2
      vertex -8.82139 24.3737 22.8
      vertex -8.82139 24.3737 24.2
    endloop
  endfacet
  facet normal 0.98078 -0.195116 0
    outer loop
      vertex -8.82139 24.3737 22.8
      vertex -8.88519 24.053 24.2
      vertex -8.88519 24.053 22.8
    endloop
  endfacet
  facet normal -0.98078 -0.195116 0
    outer loop
      vertex -13.7148 24.053 22.8
      vertex -13.7786 24.3737 24.2
      vertex -13.7786 24.3737 22.8
    endloop
  endfacet
  facet normal -0.98078 -0.195116 0
    outer loop
      vertex -13.7786 24.3737 24.2
      vertex -13.7148 24.053 22.8
      vertex -13.7148 24.053 24.2
    endloop
  endfacet
  facet normal -0.659262 -0.751913 0
    outer loop
      vertex -13.0678 22.9322 22.8
      vertex -12.8219 22.7166 24.2
      vertex -13.0678 22.9322 24.2
    endloop
  endfacet
  facet normal -0.659262 -0.751913 -0
    outer loop
      vertex -12.8219 22.7166 24.2
      vertex -13.0678 22.9322 22.8
      vertex -12.8219 22.7166 22.8
    endloop
  endfacet
  facet normal -0.751913 0.659262 0
    outer loop
      vertex -13.2834 26.2219 22.8
      vertex -13.0678 26.4678 24.2
      vertex -13.0678 26.4678 22.8
    endloop
  endfacet
  facet normal -0.751913 0.659262 0
    outer loop
      vertex -13.0678 26.4678 24.2
      vertex -13.2834 26.2219 22.8
      vertex -13.2834 26.2219 24.2
    endloop
  endfacet
  facet normal -0.946957 0.32136 0
    outer loop
      vertex -13.7148 25.347 22.8
      vertex -13.6097 25.6567 24.2
      vertex -13.6097 25.6567 22.8
    endloop
  endfacet
  facet normal -0.946957 0.32136 0
    outer loop
      vertex -13.6097 25.6567 24.2
      vertex -13.7148 25.347 22.8
      vertex -13.7148 25.347 24.2
    endloop
  endfacet
  facet normal -0.896921 0.442191 0
    outer loop
      vertex -13.6097 25.6567 22.8
      vertex -13.4651 25.95 24.2
      vertex -13.4651 25.95 22.8
    endloop
  endfacet
  facet normal -0.896921 0.442191 0
    outer loop
      vertex -13.4651 25.95 24.2
      vertex -13.6097 25.6567 22.8
      vertex -13.6097 25.6567 24.2
    endloop
  endfacet
  facet normal 0.659307 -0.751873 0
    outer loop
      vertex -9.7781 22.7166 22.8
      vertex -9.53223 22.9322 24.2
      vertex -9.7781 22.7166 24.2
    endloop
  endfacet
  facet normal 0.659307 -0.751873 0
    outer loop
      vertex -9.53223 22.9322 24.2
      vertex -9.7781 22.7166 22.8
      vertex -9.53223 22.9322 22.8
    endloop
  endfacet
  facet normal -0.32136 -0.946957 0
    outer loop
      vertex -12.2567 22.3903 22.8
      vertex -11.947 22.2852 24.2
      vertex -12.2567 22.3903 24.2
    endloop
  endfacet
  facet normal -0.32136 -0.946957 -0
    outer loop
      vertex -11.947 22.2852 24.2
      vertex -12.2567 22.3903 22.8
      vertex -11.947 22.2852 22.8
    endloop
  endfacet
  facet normal -0.442191 -0.896921 0
    outer loop
      vertex -12.55 22.5349 22.8
      vertex -12.2567 22.3903 24.2
      vertex -12.55 22.5349 24.2
    endloop
  endfacet
  facet normal -0.442191 -0.896921 -0
    outer loop
      vertex -12.2567 22.3903 24.2
      vertex -12.55 22.5349 22.8
      vertex -12.2567 22.3903 22.8
    endloop
  endfacet
  facet normal -0.980654 -0.195749 0
    outer loop
      vertex -10.5068 24.8044 22.8
      vertex -10.5273 24.9071 24.2
      vertex -10.5273 24.9071 22.8
    endloop
  endfacet
  facet normal -0.980654 -0.195749 0
    outer loop
      vertex -10.5273 24.9071 24.2
      vertex -10.5068 24.8044 22.8
      vertex -10.5068 24.8044 24.2
    endloop
  endfacet
  facet normal 0.0649964 -0.997886 0
    outer loop
      vertex -11.4044 25.4932 22.8
      vertex -11.3 25.5 24.2
      vertex -11.4044 25.4932 24.2
    endloop
  endfacet
  facet normal 0.0649964 -0.997886 0
    outer loop
      vertex -11.3 25.5 24.2
      vertex -11.4044 25.4932 22.8
      vertex -11.3 25.5 22.8
    endloop
  endfacet
  facet normal -0.195749 0.980654 0
    outer loop
      vertex -11.0929 23.9273 22.8
      vertex -11.1956 23.9068 24.2
      vertex -11.0929 23.9273 24.2
    endloop
  endfacet
  facet normal -0.195749 0.980654 0
    outer loop
      vertex -11.1956 23.9068 24.2
      vertex -11.0929 23.9273 22.8
      vertex -11.1956 23.9068 22.8
    endloop
  endfacet
  facet normal -0.831609 0.555362 0
    outer loop
      vertex -10.6653 24.213 22.8
      vertex -10.6072 24.3 24.2
      vertex -10.6072 24.3 22.8
    endloop
  endfacet
  facet normal -0.831609 0.555362 0
    outer loop
      vertex -10.6072 24.3 24.2
      vertex -10.6653 24.213 22.8
      vertex -10.6653 24.213 24.2
    endloop
  endfacet
  facet normal -0.0649964 -0.997886 0
    outer loop
      vertex -11.3 25.5 22.8
      vertex -11.1956 25.4932 24.2
      vertex -11.3 25.5 24.2
    endloop
  endfacet
  facet normal -0.0649964 -0.997886 -0
    outer loop
      vertex -11.1956 25.4932 24.2
      vertex -11.3 25.5 22.8
      vertex -11.1956 25.4932 22.8
    endloop
  endfacet
  facet normal 0.555362 0.831609 -0
    outer loop
      vertex -11.7 24.0072 22.8
      vertex -11.787 24.0653 24.2
      vertex -11.7 24.0072 24.2
    endloop
  endfacet
  facet normal 0.555362 0.831609 0
    outer loop
      vertex -11.787 24.0653 24.2
      vertex -11.7 24.0072 22.8
      vertex -11.787 24.0653 22.8
    endloop
  endfacet
  facet normal -0.659248 0.751925 0
    outer loop
      vertex -10.7343 24.1343 22.8
      vertex -10.813 24.0653 24.2
      vertex -10.7343 24.1343 24.2
    endloop
  endfacet
  facet normal -0.659248 0.751925 0
    outer loop
      vertex -10.813 24.0653 24.2
      vertex -10.7343 24.1343 22.8
      vertex -10.813 24.0653 22.8
    endloop
  endfacet
  facet normal 0.831609 -0.555362 0
    outer loop
      vertex -11.9928 25.1 24.2
      vertex -11.9347 25.187 22.8
      vertex -11.9347 25.187 24.2
    endloop
  endfacet
  facet normal 0.831609 -0.555362 0
    outer loop
      vertex -11.9347 25.187 22.8
      vertex -11.9928 25.1 24.2
      vertex -11.9928 25.1 22.8
    endloop
  endfacet
  facet normal -0.555362 -0.831609 0
    outer loop
      vertex -10.9 25.3928 22.8
      vertex -10.813 25.3347 24.2
      vertex -10.9 25.3928 24.2
    endloop
  endfacet
  facet normal -0.555362 -0.831609 -0
    outer loop
      vertex -10.813 25.3347 24.2
      vertex -10.9 25.3928 22.8
      vertex -10.813 25.3347 22.8
    endloop
  endfacet
  facet normal 0.831609 0.555362 0
    outer loop
      vertex -11.9347 24.213 24.2
      vertex -11.9928 24.3 22.8
      vertex -11.9928 24.3 24.2
    endloop
  endfacet
  facet normal 0.831609 0.555362 0
    outer loop
      vertex -11.9928 24.3 22.8
      vertex -11.9347 24.213 24.2
      vertex -11.9347 24.213 22.8
    endloop
  endfacet
  facet normal 0.997886 0.0649964 0
    outer loop
      vertex -12.0932 24.5956 24.2
      vertex -12.1 24.7 22.8
      vertex -12.1 24.7 24.2
    endloop
  endfacet
  facet normal 0.997886 0.0649964 0
    outer loop
      vertex -12.1 24.7 22.8
      vertex -12.0932 24.5956 24.2
      vertex -12.0932 24.5956 22.8
    endloop
  endfacet
  facet normal 0.896897 0.44224 0
    outer loop
      vertex -11.9928 24.3 24.2
      vertex -12.0391 24.3939 22.8
      vertex -12.0391 24.3939 24.2
    endloop
  endfacet
  facet normal 0.896897 0.44224 0
    outer loop
      vertex -12.0391 24.3939 22.8
      vertex -11.9928 24.3 24.2
      vertex -11.9928 24.3 22.8
    endloop
  endfacet
  facet normal -0.896897 -0.44224 0
    outer loop
      vertex -10.5609 25.0061 22.8
      vertex -10.6072 25.1 24.2
      vertex -10.6072 25.1 22.8
    endloop
  endfacet
  facet normal -0.896897 -0.44224 0
    outer loop
      vertex -10.6072 25.1 24.2
      vertex -10.5609 25.0061 22.8
      vertex -10.5609 25.0061 24.2
    endloop
  endfacet
  facet normal 0.555362 -0.831609 0
    outer loop
      vertex -11.787 25.3347 22.8
      vertex -11.7 25.3928 24.2
      vertex -11.787 25.3347 24.2
    endloop
  endfacet
  facet normal 0.555362 -0.831609 0
    outer loop
      vertex -11.7 25.3928 24.2
      vertex -11.787 25.3347 22.8
      vertex -11.7 25.3928 22.8
    endloop
  endfacet
  facet normal -0.0649964 0.997886 0
    outer loop
      vertex -11.1956 23.9068 22.8
      vertex -11.3 23.9 24.2
      vertex -11.1956 23.9068 24.2
    endloop
  endfacet
  facet normal -0.0649964 0.997886 0
    outer loop
      vertex -11.3 23.9 24.2
      vertex -11.1956 23.9068 22.8
      vertex -11.3 23.9 22.8
    endloop
  endfacet
  facet normal 0.195749 -0.980654 0
    outer loop
      vertex -11.5071 25.4727 22.8
      vertex -11.4044 25.4932 24.2
      vertex -11.5071 25.4727 24.2
    endloop
  endfacet
  facet normal 0.195749 -0.980654 0
    outer loop
      vertex -11.4044 25.4932 24.2
      vertex -11.5071 25.4727 22.8
      vertex -11.4044 25.4932 22.8
    endloop
  endfacet
  facet normal -0.997886 -0.0649964 0
    outer loop
      vertex -10.5 24.7 22.8
      vertex -10.5068 24.8044 24.2
      vertex -10.5068 24.8044 22.8
    endloop
  endfacet
  facet normal -0.997886 -0.0649964 0
    outer loop
      vertex -10.5068 24.8044 24.2
      vertex -10.5 24.7 22.8
      vertex -10.5 24.7 24.2
    endloop
  endfacet
  facet normal -0.659248 -0.751925 0
    outer loop
      vertex -10.813 25.3347 22.8
      vertex -10.7343 25.2657 24.2
      vertex -10.813 25.3347 24.2
    endloop
  endfacet
  facet normal -0.659248 -0.751925 -0
    outer loop
      vertex -10.7343 25.2657 24.2
      vertex -10.813 25.3347 22.8
      vertex -10.7343 25.2657 22.8
    endloop
  endfacet
  facet normal -0.946948 -0.321388 0
    outer loop
      vertex -10.5273 24.9071 22.8
      vertex -10.5609 25.0061 24.2
      vertex -10.5609 25.0061 22.8
    endloop
  endfacet
  facet normal -0.946948 -0.321388 0
    outer loop
      vertex -10.5609 25.0061 24.2
      vertex -10.5273 24.9071 22.8
      vertex -10.5273 24.9071 24.2
    endloop
  endfacet
  facet normal 0.980654 -0.195749 0
    outer loop
      vertex -12.0932 24.8044 24.2
      vertex -12.0727 24.9071 22.8
      vertex -12.0727 24.9071 24.2
    endloop
  endfacet
  facet normal 0.980654 -0.195749 0
    outer loop
      vertex -12.0727 24.9071 22.8
      vertex -12.0932 24.8044 24.2
      vertex -12.0932 24.8044 22.8
    endloop
  endfacet
  facet normal -0.896897 0.44224 0
    outer loop
      vertex -10.6072 24.3 22.8
      vertex -10.5609 24.3939 24.2
      vertex -10.5609 24.3939 22.8
    endloop
  endfacet
  facet normal -0.896897 0.44224 0
    outer loop
      vertex -10.5609 24.3939 24.2
      vertex -10.6072 24.3 22.8
      vertex -10.6072 24.3 24.2
    endloop
  endfacet
  facet normal -0.997886 0.0649964 0
    outer loop
      vertex -10.5068 24.5956 22.8
      vertex -10.5 24.7 24.2
      vertex -10.5 24.7 22.8
    endloop
  endfacet
  facet normal -0.997886 0.0649964 0
    outer loop
      vertex -10.5 24.7 24.2
      vertex -10.5068 24.5956 22.8
      vertex -10.5068 24.5956 24.2
    endloop
  endfacet
  facet normal 0.195749 0.980654 -0
    outer loop
      vertex -11.4044 23.9068 22.8
      vertex -11.5071 23.9273 24.2
      vertex -11.4044 23.9068 24.2
    endloop
  endfacet
  facet normal 0.195749 0.980654 0
    outer loop
      vertex -11.5071 23.9273 24.2
      vertex -11.4044 23.9068 22.8
      vertex -11.5071 23.9273 22.8
    endloop
  endfacet
  facet normal -0.44224 -0.896897 0
    outer loop
      vertex -10.9939 25.4391 22.8
      vertex -10.9 25.3928 24.2
      vertex -10.9939 25.4391 24.2
    endloop
  endfacet
  facet normal -0.44224 -0.896897 -0
    outer loop
      vertex -10.9 25.3928 24.2
      vertex -10.9939 25.4391 22.8
      vertex -10.9 25.3928 22.8
    endloop
  endfacet
  facet normal -0.555362 0.831609 0
    outer loop
      vertex -10.813 24.0653 22.8
      vertex -10.9 24.0072 24.2
      vertex -10.813 24.0653 24.2
    endloop
  endfacet
  facet normal -0.555362 0.831609 0
    outer loop
      vertex -10.9 24.0072 24.2
      vertex -10.813 24.0653 22.8
      vertex -10.9 24.0072 22.8
    endloop
  endfacet
  facet normal -0.831609 -0.555362 0
    outer loop
      vertex -10.6072 25.1 22.8
      vertex -10.6653 25.187 24.2
      vertex -10.6653 25.187 22.8
    endloop
  endfacet
  facet normal -0.831609 -0.555362 0
    outer loop
      vertex -10.6653 25.187 24.2
      vertex -10.6072 25.1 22.8
      vertex -10.6072 25.1 24.2
    endloop
  endfacet
  facet normal -0.44224 0.896897 0
    outer loop
      vertex -10.9 24.0072 22.8
      vertex -10.9939 23.9609 24.2
      vertex -10.9 24.0072 24.2
    endloop
  endfacet
  facet normal -0.44224 0.896897 0
    outer loop
      vertex -10.9939 23.9609 24.2
      vertex -10.9 24.0072 22.8
      vertex -10.9939 23.9609 22.8
    endloop
  endfacet
  facet normal 0.321388 -0.946948 0
    outer loop
      vertex -11.6061 25.4391 22.8
      vertex -11.5071 25.4727 24.2
      vertex -11.6061 25.4391 24.2
    endloop
  endfacet
  facet normal 0.321388 -0.946948 0
    outer loop
      vertex -11.5071 25.4727 24.2
      vertex -11.6061 25.4391 22.8
      vertex -11.5071 25.4727 22.8
    endloop
  endfacet
  facet normal -0.321388 -0.946948 0
    outer loop
      vertex -11.0929 25.4727 22.8
      vertex -10.9939 25.4391 24.2
      vertex -11.0929 25.4727 24.2
    endloop
  endfacet
  facet normal -0.321388 -0.946948 -0
    outer loop
      vertex -10.9939 25.4391 24.2
      vertex -11.0929 25.4727 22.8
      vertex -10.9939 25.4391 22.8
    endloop
  endfacet
  facet normal -0.980654 0.195749 0
    outer loop
      vertex -10.5273 24.4929 22.8
      vertex -10.5068 24.5956 24.2
      vertex -10.5068 24.5956 22.8
    endloop
  endfacet
  facet normal -0.980654 0.195749 0
    outer loop
      vertex -10.5068 24.5956 24.2
      vertex -10.5273 24.4929 22.8
      vertex -10.5273 24.4929 24.2
    endloop
  endfacet
  facet normal -0.946948 0.321388 0
    outer loop
      vertex -10.5609 24.3939 22.8
      vertex -10.5273 24.4929 24.2
      vertex -10.5273 24.4929 22.8
    endloop
  endfacet
  facet normal -0.946948 0.321388 0
    outer loop
      vertex -10.5273 24.4929 24.2
      vertex -10.5609 24.3939 22.8
      vertex -10.5609 24.3939 24.2
    endloop
  endfacet
  facet normal -0.751925 0.659248 0
    outer loop
      vertex -10.7343 24.1343 22.8
      vertex -10.6653 24.213 24.2
      vertex -10.6653 24.213 22.8
    endloop
  endfacet
  facet normal -0.751925 0.659248 0
    outer loop
      vertex -10.6653 24.213 24.2
      vertex -10.7343 24.1343 22.8
      vertex -10.7343 24.1343 24.2
    endloop
  endfacet
  facet normal -0.195749 -0.980654 0
    outer loop
      vertex -11.1956 25.4932 22.8
      vertex -11.0929 25.4727 24.2
      vertex -11.1956 25.4932 24.2
    endloop
  endfacet
  facet normal -0.195749 -0.980654 -0
    outer loop
      vertex -11.0929 25.4727 24.2
      vertex -11.1956 25.4932 22.8
      vertex -11.0929 25.4727 22.8
    endloop
  endfacet
  facet normal 0.997886 -0.0649964 0
    outer loop
      vertex -12.1 24.7 24.2
      vertex -12.0932 24.8044 22.8
      vertex -12.0932 24.8044 24.2
    endloop
  endfacet
  facet normal 0.997886 -0.0649964 0
    outer loop
      vertex -12.0932 24.8044 22.8
      vertex -12.1 24.7 24.2
      vertex -12.1 24.7 22.8
    endloop
  endfacet
  facet normal 0.44224 -0.896897 0
    outer loop
      vertex -11.7 25.3928 22.8
      vertex -11.6061 25.4391 24.2
      vertex -11.7 25.3928 24.2
    endloop
  endfacet
  facet normal 0.44224 -0.896897 0
    outer loop
      vertex -11.6061 25.4391 24.2
      vertex -11.7 25.3928 22.8
      vertex -11.6061 25.4391 22.8
    endloop
  endfacet
  facet normal 0.659248 0.751925 -0
    outer loop
      vertex -11.787 24.0653 22.8
      vertex -11.8657 24.1343 24.2
      vertex -11.787 24.0653 24.2
    endloop
  endfacet
  facet normal 0.659248 0.751925 0
    outer loop
      vertex -11.8657 24.1343 24.2
      vertex -11.787 24.0653 22.8
      vertex -11.8657 24.1343 22.8
    endloop
  endfacet
  facet normal -0.321388 0.946948 0
    outer loop
      vertex -10.9939 23.9609 22.8
      vertex -11.0929 23.9273 24.2
      vertex -10.9939 23.9609 24.2
    endloop
  endfacet
  facet normal -0.321388 0.946948 0
    outer loop
      vertex -11.0929 23.9273 24.2
      vertex -10.9939 23.9609 22.8
      vertex -11.0929 23.9273 22.8
    endloop
  endfacet
  facet normal 0.946948 0.321388 0
    outer loop
      vertex -12.0391 24.3939 24.2
      vertex -12.0727 24.4929 22.8
      vertex -12.0727 24.4929 24.2
    endloop
  endfacet
  facet normal 0.946948 0.321388 0
    outer loop
      vertex -12.0727 24.4929 22.8
      vertex -12.0391 24.3939 24.2
      vertex -12.0391 24.3939 22.8
    endloop
  endfacet
  facet normal -0.751925 -0.659248 0
    outer loop
      vertex -10.6653 25.187 22.8
      vertex -10.7343 25.2657 24.2
      vertex -10.7343 25.2657 22.8
    endloop
  endfacet
  facet normal -0.751925 -0.659248 0
    outer loop
      vertex -10.7343 25.2657 24.2
      vertex -10.6653 25.187 22.8
      vertex -10.6653 25.187 24.2
    endloop
  endfacet
  facet normal 0.751925 -0.659248 0
    outer loop
      vertex -11.9347 25.187 24.2
      vertex -11.8657 25.2657 22.8
      vertex -11.8657 25.2657 24.2
    endloop
  endfacet
  facet normal 0.751925 -0.659248 0
    outer loop
      vertex -11.8657 25.2657 22.8
      vertex -11.9347 25.187 24.2
      vertex -11.9347 25.187 22.8
    endloop
  endfacet
  facet normal 0.946948 -0.321388 0
    outer loop
      vertex -12.0727 24.9071 24.2
      vertex -12.0391 25.0061 22.8
      vertex -12.0391 25.0061 24.2
    endloop
  endfacet
  facet normal 0.946948 -0.321388 0
    outer loop
      vertex -12.0391 25.0061 22.8
      vertex -12.0727 24.9071 24.2
      vertex -12.0727 24.9071 22.8
    endloop
  endfacet
  facet normal 0.659248 -0.751925 0
    outer loop
      vertex -11.8657 25.2657 22.8
      vertex -11.787 25.3347 24.2
      vertex -11.8657 25.2657 24.2
    endloop
  endfacet
  facet normal 0.659248 -0.751925 0
    outer loop
      vertex -11.787 25.3347 24.2
      vertex -11.8657 25.2657 22.8
      vertex -11.787 25.3347 22.8
    endloop
  endfacet
  facet normal 0.321388 0.946948 -0
    outer loop
      vertex -11.5071 23.9273 22.8
      vertex -11.6061 23.9609 24.2
      vertex -11.5071 23.9273 24.2
    endloop
  endfacet
  facet normal 0.321388 0.946948 0
    outer loop
      vertex -11.6061 23.9609 24.2
      vertex -11.5071 23.9273 22.8
      vertex -11.6061 23.9609 22.8
    endloop
  endfacet
  facet normal 0.980654 0.195749 0
    outer loop
      vertex -12.0727 24.4929 24.2
      vertex -12.0932 24.5956 22.8
      vertex -12.0932 24.5956 24.2
    endloop
  endfacet
  facet normal 0.980654 0.195749 0
    outer loop
      vertex -12.0932 24.5956 22.8
      vertex -12.0727 24.4929 24.2
      vertex -12.0727 24.4929 22.8
    endloop
  endfacet
  facet normal 0.896897 -0.44224 0
    outer loop
      vertex -12.0391 25.0061 24.2
      vertex -11.9928 25.1 22.8
      vertex -11.9928 25.1 24.2
    endloop
  endfacet
  facet normal 0.896897 -0.44224 0
    outer loop
      vertex -11.9928 25.1 22.8
      vertex -12.0391 25.0061 24.2
      vertex -12.0391 25.0061 22.8
    endloop
  endfacet
  facet normal 0.751925 0.659248 0
    outer loop
      vertex -11.8657 24.1343 24.2
      vertex -11.9347 24.213 22.8
      vertex -11.9347 24.213 24.2
    endloop
  endfacet
  facet normal 0.751925 0.659248 0
    outer loop
      vertex -11.9347 24.213 22.8
      vertex -11.8657 24.1343 24.2
      vertex -11.8657 24.1343 22.8
    endloop
  endfacet
  facet normal 0.0649964 0.997886 -0
    outer loop
      vertex -11.3 23.9 22.8
      vertex -11.4044 23.9068 24.2
      vertex -11.3 23.9 24.2
    endloop
  endfacet
  facet normal 0.0649964 0.997886 0
    outer loop
      vertex -11.4044 23.9068 24.2
      vertex -11.3 23.9 22.8
      vertex -11.4044 23.9068 22.8
    endloop
  endfacet
  facet normal 0.44224 0.896897 -0
    outer loop
      vertex -11.6061 23.9609 22.8
      vertex -11.7 24.0072 24.2
      vertex -11.6061 23.9609 24.2
    endloop
  endfacet
  facet normal 0.44224 0.896897 0
    outer loop
      vertex -11.7 24.0072 24.2
      vertex -11.6061 23.9609 22.8
      vertex -11.7 24.0072 22.8
    endloop
  endfacet
  facet normal 0.555617 -0.831438 0
    outer loop
      vertex 28.95 22.5349 22.8
      vertex 29.2219 22.7166 24.2
      vertex 28.95 22.5349 24.2
    endloop
  endfacet
  facet normal 0.555617 -0.831438 0
    outer loop
      vertex 29.2219 22.7166 24.2
      vertex 28.95 22.5349 22.8
      vertex 29.2219 22.7166 22.8
    endloop
  endfacet
  facet normal 0.751913 -0.659262 0
    outer loop
      vertex 29.4678 22.9322 24.2
      vertex 29.6834 23.1781 22.8
      vertex 29.6834 23.1781 24.2
    endloop
  endfacet
  facet normal 0.751913 -0.659262 0
    outer loop
      vertex 29.6834 23.1781 22.8
      vertex 29.4678 22.9322 24.2
      vertex 29.4678 22.9322 22.8
    endloop
  endfacet
  facet normal 0.896921 0.442191 0
    outer loop
      vertex 30.0097 25.6567 24.2
      vertex 29.8651 25.95 22.8
      vertex 29.8651 25.95 24.2
    endloop
  endfacet
  facet normal 0.896921 0.442191 0
    outer loop
      vertex 29.8651 25.95 22.8
      vertex 30.0097 25.6567 24.2
      vertex 30.0097 25.6567 22.8
    endloop
  endfacet
  facet normal 0.831438 0.555617 0
    outer loop
      vertex 29.8651 25.95 24.2
      vertex 29.6834 26.2219 22.8
      vertex 29.6834 26.2219 24.2
    endloop
  endfacet
  facet normal 0.831438 0.555617 0
    outer loop
      vertex 29.6834 26.2219 22.8
      vertex 29.8651 25.95 24.2
      vertex 29.8651 25.95 22.8
    endloop
  endfacet
  facet normal 0.98078 0.195116 0
    outer loop
      vertex 30.1786 25.0263 24.2
      vertex 30.1148 25.347 22.8
      vertex 30.1148 25.347 24.2
    endloop
  endfacet
  facet normal 0.98078 0.195116 0
    outer loop
      vertex 30.1148 25.347 22.8
      vertex 30.1786 25.0263 24.2
      vertex 30.1786 25.0263 22.8
    endloop
  endfacet
  facet normal 0.659262 0.751913 -0
    outer loop
      vertex 29.4678 26.4678 22.8
      vertex 29.2219 26.6834 24.2
      vertex 29.4678 26.4678 24.2
    endloop
  endfacet
  facet normal 0.659262 0.751913 0
    outer loop
      vertex 29.2219 26.6834 24.2
      vertex 29.4678 26.4678 22.8
      vertex 29.2219 26.6834 22.8
    endloop
  endfacet
  facet normal 0.195116 0.98078 -0
    outer loop
      vertex 28.347 27.1148 22.8
      vertex 28.0263 27.1786 24.2
      vertex 28.347 27.1148 24.2
    endloop
  endfacet
  facet normal 0.195116 0.98078 0
    outer loop
      vertex 28.0263 27.1786 24.2
      vertex 28.347 27.1148 22.8
      vertex 28.0263 27.1786 22.8
    endloop
  endfacet
  facet normal 0.195116 -0.98078 0
    outer loop
      vertex 28.0263 22.2214 22.8
      vertex 28.347 22.2852 24.2
      vertex 28.0263 22.2214 24.2
    endloop
  endfacet
  facet normal 0.195116 -0.98078 0
    outer loop
      vertex 28.347 22.2852 24.2
      vertex 28.0263 22.2214 22.8
      vertex 28.347 22.2852 22.8
    endloop
  endfacet
  facet normal 0.997856 0.0654432 0
    outer loop
      vertex 30.2 24.7 24.2
      vertex 30.1786 25.0263 22.8
      vertex 30.1786 25.0263 24.2
    endloop
  endfacet
  facet normal 0.997856 0.0654432 0
    outer loop
      vertex 30.1786 25.0263 22.8
      vertex 30.2 24.7 24.2
      vertex 30.2 24.7 22.8
    endloop
  endfacet
  facet normal -0.896921 -0.442191 0
    outer loop
      vertex 25.5349 23.45 22.8
      vertex 25.3903 23.7433 24.2
      vertex 25.3903 23.7433 22.8
    endloop
  endfacet
  facet normal -0.896921 -0.442191 0
    outer loop
      vertex 25.3903 23.7433 24.2
      vertex 25.5349 23.45 22.8
      vertex 25.5349 23.45 24.2
    endloop
  endfacet
  facet normal -0.997856 0.0654432 0
    outer loop
      vertex 25.2 24.7 22.8
      vertex 25.2214 25.0263 24.2
      vertex 25.2214 25.0263 22.8
    endloop
  endfacet
  facet normal -0.997856 0.0654432 0
    outer loop
      vertex 25.2214 25.0263 24.2
      vertex 25.2 24.7 22.8
      vertex 25.2 24.7 24.2
    endloop
  endfacet
  facet normal -0.195116 0.98078 0
    outer loop
      vertex 27.3737 27.1786 22.8
      vertex 27.053 27.1148 24.2
      vertex 27.3737 27.1786 24.2
    endloop
  endfacet
  facet normal -0.195116 0.98078 0
    outer loop
      vertex 27.053 27.1148 24.2
      vertex 27.3737 27.1786 22.8
      vertex 27.053 27.1148 22.8
    endloop
  endfacet
  facet normal -0.997856 -0.0654432 0
    outer loop
      vertex 25.2214 24.3737 22.8
      vertex 25.2 24.7 24.2
      vertex 25.2 24.7 22.8
    endloop
  endfacet
  facet normal -0.997856 -0.0654432 0
    outer loop
      vertex 25.2 24.7 24.2
      vertex 25.2214 24.3737 22.8
      vertex 25.2214 24.3737 24.2
    endloop
  endfacet
  facet normal 0.0654432 0.997856 -0
    outer loop
      vertex 28.0263 27.1786 22.8
      vertex 27.7 27.2 24.2
      vertex 28.0263 27.1786 24.2
    endloop
  endfacet
  facet normal 0.0654432 0.997856 0
    outer loop
      vertex 27.7 27.2 24.2
      vertex 28.0263 27.1786 22.8
      vertex 27.7 27.2 22.8
    endloop
  endfacet
  facet normal 0.946957 -0.32136 0
    outer loop
      vertex 30.0097 23.7433 24.2
      vertex 30.1148 24.053 22.8
      vertex 30.1148 24.053 24.2
    endloop
  endfacet
  facet normal 0.946957 -0.32136 0
    outer loop
      vertex 30.1148 24.053 22.8
      vertex 30.0097 23.7433 24.2
      vertex 30.0097 23.7433 22.8
    endloop
  endfacet
  facet normal -0.831438 0.555617 0
    outer loop
      vertex 25.5349 25.95 22.8
      vertex 25.7166 26.2219 24.2
      vertex 25.7166 26.2219 22.8
    endloop
  endfacet
  facet normal -0.831438 0.555617 0
    outer loop
      vertex 25.7166 26.2219 24.2
      vertex 25.5349 25.95 22.8
      vertex 25.5349 25.95 24.2
    endloop
  endfacet
  facet normal -0.659262 0.751913 0
    outer loop
      vertex 26.1781 26.6834 22.8
      vertex 25.9322 26.4678 24.2
      vertex 26.1781 26.6834 24.2
    endloop
  endfacet
  facet normal -0.659262 0.751913 0
    outer loop
      vertex 25.9322 26.4678 24.2
      vertex 26.1781 26.6834 22.8
      vertex 25.9322 26.4678 22.8
    endloop
  endfacet
  facet normal 0.751913 0.659262 0
    outer loop
      vertex 29.6834 26.2219 24.2
      vertex 29.4678 26.4678 22.8
      vertex 29.4678 26.4678 24.2
    endloop
  endfacet
  facet normal 0.751913 0.659262 0
    outer loop
      vertex 29.4678 26.4678 22.8
      vertex 29.6834 26.2219 24.2
      vertex 29.6834 26.2219 22.8
    endloop
  endfacet
  facet normal 0.32136 -0.946957 0
    outer loop
      vertex 28.347 22.2852 22.8
      vertex 28.6567 22.3903 24.2
      vertex 28.347 22.2852 24.2
    endloop
  endfacet
  facet normal 0.32136 -0.946957 0
    outer loop
      vertex 28.6567 22.3903 24.2
      vertex 28.347 22.2852 22.8
      vertex 28.6567 22.3903 22.8
    endloop
  endfacet
  facet normal -0.32136 0.946957 0
    outer loop
      vertex 27.053 27.1148 22.8
      vertex 26.7433 27.0097 24.2
      vertex 27.053 27.1148 24.2
    endloop
  endfacet
  facet normal -0.32136 0.946957 0
    outer loop
      vertex 26.7433 27.0097 24.2
      vertex 27.053 27.1148 22.8
      vertex 26.7433 27.0097 22.8
    endloop
  endfacet
  facet normal 0.32136 0.946957 -0
    outer loop
      vertex 28.6567 27.0097 22.8
      vertex 28.347 27.1148 24.2
      vertex 28.6567 27.0097 24.2
    endloop
  endfacet
  facet normal 0.32136 0.946957 0
    outer loop
      vertex 28.347 27.1148 24.2
      vertex 28.6567 27.0097 22.8
      vertex 28.347 27.1148 22.8
    endloop
  endfacet
  facet normal -0.195116 -0.98078 0
    outer loop
      vertex 27.053 22.2852 22.8
      vertex 27.3737 22.2214 24.2
      vertex 27.053 22.2852 24.2
    endloop
  endfacet
  facet normal -0.195116 -0.98078 -0
    outer loop
      vertex 27.3737 22.2214 24.2
      vertex 27.053 22.2852 22.8
      vertex 27.3737 22.2214 22.8
    endloop
  endfacet
  facet normal 0.0654432 -0.997856 0
    outer loop
      vertex 27.7 22.2 22.8
      vertex 28.0263 22.2214 24.2
      vertex 27.7 22.2 24.2
    endloop
  endfacet
  facet normal 0.0654432 -0.997856 0
    outer loop
      vertex 28.0263 22.2214 24.2
      vertex 27.7 22.2 22.8
      vertex 28.0263 22.2214 22.8
    endloop
  endfacet
  facet normal -0.0654432 -0.997856 0
    outer loop
      vertex 27.3737 22.2214 22.8
      vertex 27.7 22.2 24.2
      vertex 27.3737 22.2214 24.2
    endloop
  endfacet
  facet normal -0.0654432 -0.997856 -0
    outer loop
      vertex 27.7 22.2 24.2
      vertex 27.3737 22.2214 22.8
      vertex 27.7 22.2 22.8
    endloop
  endfacet
  facet normal 0.442191 0.896921 -0
    outer loop
      vertex 28.95 26.8651 22.8
      vertex 28.6567 27.0097 24.2
      vertex 28.95 26.8651 24.2
    endloop
  endfacet
  facet normal 0.442191 0.896921 0
    outer loop
      vertex 28.6567 27.0097 24.2
      vertex 28.95 26.8651 22.8
      vertex 28.6567 27.0097 22.8
    endloop
  endfacet
  facet normal 0.555617 0.831438 -0
    outer loop
      vertex 29.2219 26.6834 22.8
      vertex 28.95 26.8651 24.2
      vertex 29.2219 26.6834 24.2
    endloop
  endfacet
  facet normal 0.555617 0.831438 0
    outer loop
      vertex 28.95 26.8651 24.2
      vertex 29.2219 26.6834 22.8
      vertex 28.95 26.8651 22.8
    endloop
  endfacet
  facet normal -0.946957 -0.32136 0
    outer loop
      vertex 25.3903 23.7433 22.8
      vertex 25.2852 24.053 24.2
      vertex 25.2852 24.053 22.8
    endloop
  endfacet
  facet normal -0.946957 -0.32136 0
    outer loop
      vertex 25.2852 24.053 24.2
      vertex 25.3903 23.7433 22.8
      vertex 25.3903 23.7433 24.2
    endloop
  endfacet
  facet normal 0.831438 -0.555617 0
    outer loop
      vertex 29.6834 23.1781 24.2
      vertex 29.8651 23.45 22.8
      vertex 29.8651 23.45 24.2
    endloop
  endfacet
  facet normal 0.831438 -0.555617 0
    outer loop
      vertex 29.8651 23.45 22.8
      vertex 29.6834 23.1781 24.2
      vertex 29.6834 23.1781 22.8
    endloop
  endfacet
  facet normal -0.98078 0.195116 0
    outer loop
      vertex 25.2214 25.0263 22.8
      vertex 25.2852 25.347 24.2
      vertex 25.2852 25.347 22.8
    endloop
  endfacet
  facet normal -0.98078 0.195116 0
    outer loop
      vertex 25.2852 25.347 24.2
      vertex 25.2214 25.0263 22.8
      vertex 25.2214 25.0263 24.2
    endloop
  endfacet
  facet normal 0.896921 -0.442191 0
    outer loop
      vertex 29.8651 23.45 24.2
      vertex 30.0097 23.7433 22.8
      vertex 30.0097 23.7433 24.2
    endloop
  endfacet
  facet normal 0.896921 -0.442191 0
    outer loop
      vertex 30.0097 23.7433 22.8
      vertex 29.8651 23.45 24.2
      vertex 29.8651 23.45 22.8
    endloop
  endfacet
  facet normal 0.946957 0.32136 0
    outer loop
      vertex 30.1148 25.347 24.2
      vertex 30.0097 25.6567 22.8
      vertex 30.0097 25.6567 24.2
    endloop
  endfacet
  facet normal 0.946957 0.32136 0
    outer loop
      vertex 30.0097 25.6567 22.8
      vertex 30.1148 25.347 24.2
      vertex 30.1148 25.347 22.8
    endloop
  endfacet
  facet normal -0.751913 -0.659262 0
    outer loop
      vertex 25.9322 22.9322 22.8
      vertex 25.7166 23.1781 24.2
      vertex 25.7166 23.1781 22.8
    endloop
  endfacet
  facet normal -0.751913 -0.659262 0
    outer loop
      vertex 25.7166 23.1781 24.2
      vertex 25.9322 22.9322 22.8
      vertex 25.9322 22.9322 24.2
    endloop
  endfacet
  facet normal -0.555617 0.831438 0
    outer loop
      vertex 26.45 26.8651 22.8
      vertex 26.1781 26.6834 24.2
      vertex 26.45 26.8651 24.2
    endloop
  endfacet
  facet normal -0.555617 0.831438 0
    outer loop
      vertex 26.1781 26.6834 24.2
      vertex 26.45 26.8651 22.8
      vertex 26.1781 26.6834 22.8
    endloop
  endfacet
  facet normal -0.0654432 0.997856 0
    outer loop
      vertex 27.7 27.2 22.8
      vertex 27.3737 27.1786 24.2
      vertex 27.7 27.2 24.2
    endloop
  endfacet
  facet normal -0.0654432 0.997856 0
    outer loop
      vertex 27.3737 27.1786 24.2
      vertex 27.7 27.2 22.8
      vertex 27.3737 27.1786 22.8
    endloop
  endfacet
  facet normal -0.442191 0.896921 0
    outer loop
      vertex 26.7433 27.0097 22.8
      vertex 26.45 26.8651 24.2
      vertex 26.7433 27.0097 24.2
    endloop
  endfacet
  facet normal -0.442191 0.896921 0
    outer loop
      vertex 26.45 26.8651 24.2
      vertex 26.7433 27.0097 22.8
      vertex 26.45 26.8651 22.8
    endloop
  endfacet
  facet normal -0.831438 -0.555617 0
    outer loop
      vertex 25.7166 23.1781 22.8
      vertex 25.5349 23.45 24.2
      vertex 25.5349 23.45 22.8
    endloop
  endfacet
  facet normal -0.831438 -0.555617 0
    outer loop
      vertex 25.5349 23.45 24.2
      vertex 25.7166 23.1781 22.8
      vertex 25.7166 23.1781 24.2
    endloop
  endfacet
  facet normal -0.555617 -0.831438 0
    outer loop
      vertex 26.1781 22.7166 22.8
      vertex 26.45 22.5349 24.2
      vertex 26.1781 22.7166 24.2
    endloop
  endfacet
  facet normal -0.555617 -0.831438 -0
    outer loop
      vertex 26.45 22.5349 24.2
      vertex 26.1781 22.7166 22.8
      vertex 26.45 22.5349 22.8
    endloop
  endfacet
  facet normal 0.997856 -0.0654432 0
    outer loop
      vertex 30.1786 24.3737 24.2
      vertex 30.2 24.7 22.8
      vertex 30.2 24.7 24.2
    endloop
  endfacet
  facet normal 0.997856 -0.0654432 0
    outer loop
      vertex 30.2 24.7 22.8
      vertex 30.1786 24.3737 24.2
      vertex 30.1786 24.3737 22.8
    endloop
  endfacet
  facet normal 0 0 -1
    outer loop
      vertex 28.5 24.7 22.8
      vertex 30.2 24.7 22.8
      vertex 30.1786 24.3737 22.8
    endloop
  endfacet
  facet normal 0 0 -1
    outer loop
      vertex 28.4932 24.5956 22.8
      vertex 30.1786 24.3737 22.8
      vertex 30.1148 24.053 22.8
    endloop
  endfacet
  facet normal 0 0 -1
    outer loop
      vertex 30.2 24.7 22.8
      vertex 28.5 24.7 22.8
      vertex 30.1786 25.0263 22.8
    endloop
  endfacet
  facet normal 0 0 -1
    outer loop
      vertex 28.4727 24.4929 22.8
      vertex 30.1148 24.053 22.8
      vertex 30.0097 23.7433 22.8
    endloop
  endfacet
  facet normal 0 0 -1
    outer loop
      vertex 28.4932 24.8044 22.8
      vertex 30.1786 25.0263 22.8
      vertex 28.5 24.7 22.8
    endloop
  endfacet
  facet normal 0 0 -1
    outer loop
      vertex 28.4391 24.3939 22.8
      vertex 30.0097 23.7433 22.8
      vertex 29.8651 23.45 22.8
    endloop
  endfacet
  facet normal -0 0 -1
    outer loop
      vertex 30.1786 25.0263 22.8
      vertex 28.4932 24.8044 22.8
      vertex 30.1148 25.347 22.8
    endloop
  endfacet
  facet normal 0 0 -1
    outer loop
      vertex 28.3928 24.3 22.8
      vertex 29.8651 23.45 22.8
      vertex 29.6834 23.1781 22.8
    endloop
  endfacet
  facet normal 0 0 -1
    outer loop
      vertex 28.4727 24.9071 22.8
      vertex 30.1148 25.347 22.8
      vertex 28.4932 24.8044 22.8
    endloop
  endfacet
  facet normal 0 0 -1
    outer loop
      vertex 28.3347 24.213 22.8
      vertex 29.6834 23.1781 22.8
      vertex 29.4678 22.9322 22.8
    endloop
  endfacet
  facet normal -0 0 -1
    outer loop
      vertex 30.1148 25.347 22.8
      vertex 28.4727 24.9071 22.8
      vertex 30.0097 25.6567 22.8
    endloop
  endfacet
  facet normal 0 0 -1
    outer loop
      vertex 28.2657 24.1343 22.8
      vertex 29.4678 22.9322 22.8
      vertex 29.2219 22.7166 22.8
    endloop
  endfacet
  facet normal 0 0 -1
    outer loop
      vertex 28.4391 25.0061 22.8
      vertex 30.0097 25.6567 22.8
      vertex 28.4727 24.9071 22.8
    endloop
  endfacet
  facet normal 0 0 -1
    outer loop
      vertex 28.187 24.0653 22.8
      vertex 29.2219 22.7166 22.8
      vertex 28.95 22.5349 22.8
    endloop
  endfacet
  facet normal -0 0 -1
    outer loop
      vertex 30.0097 25.6567 22.8
      vertex 28.4391 25.0061 22.8
      vertex 29.8651 25.95 22.8
    endloop
  endfacet
  facet normal 0 0 -1
    outer loop
      vertex 28.1 24.0072 22.8
      vertex 28.95 22.5349 22.8
      vertex 28.6567 22.3903 22.8
    endloop
  endfacet
  facet normal 0 0 -1
    outer loop
      vertex 28.3928 25.1 22.8
      vertex 29.8651 25.95 22.8
      vertex 28.4391 25.0061 22.8
    endloop
  endfacet
  facet normal -0 0 -1
    outer loop
      vertex 29.8651 25.95 22.8
      vertex 28.3928 25.1 22.8
      vertex 29.6834 26.2219 22.8
    endloop
  endfacet
  facet normal 0 0 -1
    outer loop
      vertex 30.1786 24.3737 22.8
      vertex 28.4932 24.5956 22.8
      vertex 28.5 24.7 22.8
    endloop
  endfacet
  facet normal 0 0 -1
    outer loop
      vertex 30.1148 24.053 22.8
      vertex 28.4727 24.4929 22.8
      vertex 28.4932 24.5956 22.8
    endloop
  endfacet
  facet normal 0 0 -1
    outer loop
      vertex 30.0097 23.7433 22.8
      vertex 28.4391 24.3939 22.8
      vertex 28.4727 24.4929 22.8
    endloop
  endfacet
  facet normal 0 0 -1
    outer loop
      vertex 29.8651 23.45 22.8
      vertex 28.3928 24.3 22.8
      vertex 28.4391 24.3939 22.8
    endloop
  endfacet
  facet normal 0 0 -1
    outer loop
      vertex 28.0061 23.9609 22.8
      vertex 28.6567 22.3903 22.8
      vertex 28.347 22.2852 22.8
    endloop
  endfacet
  facet normal 0 0 -1
    outer loop
      vertex 29.6834 23.1781 22.8
      vertex 28.3347 24.213 22.8
      vertex 28.3928 24.3 22.8
    endloop
  endfacet
  facet normal 0 0 -1
    outer loop
      vertex 29.4678 22.9322 22.8
      vertex 28.2657 24.1343 22.8
      vertex 28.3347 24.213 22.8
    endloop
  endfacet
  facet normal 0 0 -1
    outer loop
      vertex 29.2219 22.7166 22.8
      vertex 28.187 24.0653 22.8
      vertex 28.2657 24.1343 22.8
    endloop
  endfacet
  facet normal 0 0 -1
    outer loop
      vertex 28.95 22.5349 22.8
      vertex 28.1 24.0072 22.8
      vertex 28.187 24.0653 22.8
    endloop
  endfacet
  facet normal 0 0 -1
    outer loop
      vertex 27.9071 23.9273 22.8
      vertex 28.347 22.2852 22.8
      vertex 28.0263 22.2214 22.8
    endloop
  endfacet
  facet normal 0 0 -1
    outer loop
      vertex 28.6567 22.3903 22.8
      vertex 28.0061 23.9609 22.8
      vertex 28.1 24.0072 22.8
    endloop
  endfacet
  facet normal 0 0 -1
    outer loop
      vertex 28.347 22.2852 22.8
      vertex 27.9071 23.9273 22.8
      vertex 28.0061 23.9609 22.8
    endloop
  endfacet
  facet normal 0 0 -1
    outer loop
      vertex 28.0263 22.2214 22.8
      vertex 27.8044 23.9068 22.8
      vertex 27.9071 23.9273 22.8
    endloop
  endfacet
  facet normal 0 0 -1
    outer loop
      vertex 27.7 22.2 22.8
      vertex 27.8044 23.9068 22.8
      vertex 28.0263 22.2214 22.8
    endloop
  endfacet
  facet normal 0 0 -1
    outer loop
      vertex 27.7 22.2 22.8
      vertex 27.7 23.9 22.8
      vertex 27.8044 23.9068 22.8
    endloop
  endfacet
  facet normal 0 0 -1
    outer loop
      vertex 27.7 22.2 22.8
      vertex 27.5956 23.9068 22.8
      vertex 27.7 23.9 22.8
    endloop
  endfacet
  facet normal 0 0 -1
    outer loop
      vertex 27.3737 22.2214 22.8
      vertex 27.5956 23.9068 22.8
      vertex 27.7 22.2 22.8
    endloop
  endfacet
  facet normal -0 0 -1
    outer loop
      vertex 27.5956 23.9068 22.8
      vertex 27.3737 22.2214 22.8
      vertex 27.4929 23.9273 22.8
    endloop
  endfacet
  facet normal 0 0 -1
    outer loop
      vertex 27.053 22.2852 22.8
      vertex 27.4929 23.9273 22.8
      vertex 27.3737 22.2214 22.8
    endloop
  endfacet
  facet normal -0 0 -1
    outer loop
      vertex 27.4929 23.9273 22.8
      vertex 27.053 22.2852 22.8
      vertex 27.3939 23.9609 22.8
    endloop
  endfacet
  facet normal 0 0 -1
    outer loop
      vertex 26.7433 22.3903 22.8
      vertex 27.3939 23.9609 22.8
      vertex 27.053 22.2852 22.8
    endloop
  endfacet
  facet normal -0 0 -1
    outer loop
      vertex 27.3939 23.9609 22.8
      vertex 26.7433 22.3903 22.8
      vertex 27.3 24.0072 22.8
    endloop
  endfacet
  facet normal 0 0 -1
    outer loop
      vertex 26.45 22.5349 22.8
      vertex 27.3 24.0072 22.8
      vertex 26.7433 22.3903 22.8
    endloop
  endfacet
  facet normal -0 0 -1
    outer loop
      vertex 27.3 24.0072 22.8
      vertex 26.45 22.5349 22.8
      vertex 27.213 24.0653 22.8
    endloop
  endfacet
  facet normal 0 0 -1
    outer loop
      vertex 26.1781 22.7166 22.8
      vertex 27.213 24.0653 22.8
      vertex 26.45 22.5349 22.8
    endloop
  endfacet
  facet normal -0 0 -1
    outer loop
      vertex 27.213 24.0653 22.8
      vertex 26.1781 22.7166 22.8
      vertex 27.1343 24.1343 22.8
    endloop
  endfacet
  facet normal 0 0 -1
    outer loop
      vertex 25.9322 22.9322 22.8
      vertex 27.1343 24.1343 22.8
      vertex 26.1781 22.7166 22.8
    endloop
  endfacet
  facet normal -0 0 -1
    outer loop
      vertex 27.1343 24.1343 22.8
      vertex 25.9322 22.9322 22.8
      vertex 27.0653 24.213 22.8
    endloop
  endfacet
  facet normal 0 0 -1
    outer loop
      vertex 25.7166 23.1781 22.8
      vertex 27.0653 24.213 22.8
      vertex 25.9322 22.9322 22.8
    endloop
  endfacet
  facet normal -0 0 -1
    outer loop
      vertex 27.0653 24.213 22.8
      vertex 25.7166 23.1781 22.8
      vertex 27.0072 24.3 22.8
    endloop
  endfacet
  facet normal 0 0 -1
    outer loop
      vertex 28.3347 25.187 22.8
      vertex 29.6834 26.2219 22.8
      vertex 28.3928 25.1 22.8
    endloop
  endfacet
  facet normal -0 0 -1
    outer loop
      vertex 29.6834 26.2219 22.8
      vertex 28.3347 25.187 22.8
      vertex 29.4678 26.4678 22.8
    endloop
  endfacet
  facet normal 0 0 -1
    outer loop
      vertex 28.2657 25.2657 22.8
      vertex 29.4678 26.4678 22.8
      vertex 28.3347 25.187 22.8
    endloop
  endfacet
  facet normal -0 0 -1
    outer loop
      vertex 29.4678 26.4678 22.8
      vertex 28.2657 25.2657 22.8
      vertex 29.2219 26.6834 22.8
    endloop
  endfacet
  facet normal 0 0 -1
    outer loop
      vertex 28.187 25.3347 22.8
      vertex 29.2219 26.6834 22.8
      vertex 28.2657 25.2657 22.8
    endloop
  endfacet
  facet normal -0 0 -1
    outer loop
      vertex 29.2219 26.6834 22.8
      vertex 28.187 25.3347 22.8
      vertex 28.95 26.8651 22.8
    endloop
  endfacet
  facet normal 0 0 -1
    outer loop
      vertex 28.1 25.3928 22.8
      vertex 28.95 26.8651 22.8
      vertex 28.187 25.3347 22.8
    endloop
  endfacet
  facet normal -0 0 -1
    outer loop
      vertex 28.95 26.8651 22.8
      vertex 28.1 25.3928 22.8
      vertex 28.6567 27.0097 22.8
    endloop
  endfacet
  facet normal 0 0 -1
    outer loop
      vertex 28.0061 25.4391 22.8
      vertex 28.6567 27.0097 22.8
      vertex 28.1 25.3928 22.8
    endloop
  endfacet
  facet normal -0 0 -1
    outer loop
      vertex 28.6567 27.0097 22.8
      vertex 28.0061 25.4391 22.8
      vertex 28.347 27.1148 22.8
    endloop
  endfacet
  facet normal 0 0 -1
    outer loop
      vertex 27.9071 25.4727 22.8
      vertex 28.347 27.1148 22.8
      vertex 28.0061 25.4391 22.8
    endloop
  endfacet
  facet normal -0 0 -1
    outer loop
      vertex 28.347 27.1148 22.8
      vertex 27.9071 25.4727 22.8
      vertex 28.0263 27.1786 22.8
    endloop
  endfacet
  facet normal 0 0 -1
    outer loop
      vertex 27.8044 25.4932 22.8
      vertex 28.0263 27.1786 22.8
      vertex 27.9071 25.4727 22.8
    endloop
  endfacet
  facet normal 0 0 -1
    outer loop
      vertex 27.7 25.5 22.8
      vertex 28.0263 27.1786 22.8
      vertex 27.8044 25.4932 22.8
    endloop
  endfacet
  facet normal 0 0 -1
    outer loop
      vertex 27.7 25.5 22.8
      vertex 27.7 27.2 22.8
      vertex 28.0263 27.1786 22.8
    endloop
  endfacet
  facet normal 0 0 -1
    outer loop
      vertex 27.5956 25.4932 22.8
      vertex 27.7 27.2 22.8
      vertex 27.7 25.5 22.8
    endloop
  endfacet
  facet normal 0 0 -1
    outer loop
      vertex 27.3737 27.1786 22.8
      vertex 27.5956 25.4932 22.8
      vertex 27.4929 25.4727 22.8
    endloop
  endfacet
  facet normal 0 0 -1
    outer loop
      vertex 27.053 27.1148 22.8
      vertex 27.4929 25.4727 22.8
      vertex 27.3939 25.4391 22.8
    endloop
  endfacet
  facet normal 0 0 -1
    outer loop
      vertex 27.5956 25.4932 22.8
      vertex 27.3737 27.1786 22.8
      vertex 27.7 27.2 22.8
    endloop
  endfacet
  facet normal 0 0 -1
    outer loop
      vertex 26.7433 27.0097 22.8
      vertex 27.3939 25.4391 22.8
      vertex 27.3 25.3928 22.8
    endloop
  endfacet
  facet normal 0 0 -1
    outer loop
      vertex 26.45 26.8651 22.8
      vertex 27.3 25.3928 22.8
      vertex 27.213 25.3347 22.8
    endloop
  endfacet
  facet normal 0 0 -1
    outer loop
      vertex 26.1781 26.6834 22.8
      vertex 27.213 25.3347 22.8
      vertex 27.1343 25.2657 22.8
    endloop
  endfacet
  facet normal 0 0 -1
    outer loop
      vertex 25.9322 26.4678 22.8
      vertex 27.1343 25.2657 22.8
      vertex 27.0653 25.187 22.8
    endloop
  endfacet
  facet normal 0 0 -1
    outer loop
      vertex 27.4929 25.4727 22.8
      vertex 27.053 27.1148 22.8
      vertex 27.3737 27.1786 22.8
    endloop
  endfacet
  facet normal 0 0 -1
    outer loop
      vertex 25.7166 26.2219 22.8
      vertex 27.0653 25.187 22.8
      vertex 27.0072 25.1 22.8
    endloop
  endfacet
  facet normal 0 0 -1
    outer loop
      vertex 25.5349 25.95 22.8
      vertex 27.0072 25.1 22.8
      vertex 26.9609 25.0061 22.8
    endloop
  endfacet
  facet normal 0 0 -1
    outer loop
      vertex 25.3903 25.6567 22.8
      vertex 26.9609 25.0061 22.8
      vertex 26.9273 24.9071 22.8
    endloop
  endfacet
  facet normal 0 0 -1
    outer loop
      vertex 25.2852 25.347 22.8
      vertex 26.9273 24.9071 22.8
      vertex 26.9068 24.8044 22.8
    endloop
  endfacet
  facet normal 0 0 -1
    outer loop
      vertex 25.2214 25.0263 22.8
      vertex 26.9068 24.8044 22.8
      vertex 26.9 24.7 22.8
    endloop
  endfacet
  facet normal 0 0 -1
    outer loop
      vertex 25.5349 23.45 22.8
      vertex 27.0072 24.3 22.8
      vertex 25.7166 23.1781 22.8
    endloop
  endfacet
  facet normal 0 0 -1
    outer loop
      vertex 27.3939 25.4391 22.8
      vertex 26.7433 27.0097 22.8
      vertex 27.053 27.1148 22.8
    endloop
  endfacet
  facet normal -0 0 -1
    outer loop
      vertex 27.0072 24.3 22.8
      vertex 25.5349 23.45 22.8
      vertex 26.9609 24.3939 22.8
    endloop
  endfacet
  facet normal 0 0 -1
    outer loop
      vertex 27.3 25.3928 22.8
      vertex 26.45 26.8651 22.8
      vertex 26.7433 27.0097 22.8
    endloop
  endfacet
  facet normal 0 0 -1
    outer loop
      vertex 25.3903 23.7433 22.8
      vertex 26.9609 24.3939 22.8
      vertex 25.5349 23.45 22.8
    endloop
  endfacet
  facet normal 0 0 -1
    outer loop
      vertex 27.213 25.3347 22.8
      vertex 26.1781 26.6834 22.8
      vertex 26.45 26.8651 22.8
    endloop
  endfacet
  facet normal -0 0 -1
    outer loop
      vertex 26.9609 24.3939 22.8
      vertex 25.3903 23.7433 22.8
      vertex 26.9273 24.4929 22.8
    endloop
  endfacet
  facet normal 0 0 -1
    outer loop
      vertex 27.1343 25.2657 22.8
      vertex 25.9322 26.4678 22.8
      vertex 26.1781 26.6834 22.8
    endloop
  endfacet
  facet normal 0 0 -1
    outer loop
      vertex 25.2852 24.053 22.8
      vertex 26.9273 24.4929 22.8
      vertex 25.3903 23.7433 22.8
    endloop
  endfacet
  facet normal 0 0 -1
    outer loop
      vertex 27.0653 25.187 22.8
      vertex 25.7166 26.2219 22.8
      vertex 25.9322 26.4678 22.8
    endloop
  endfacet
  facet normal -0 0 -1
    outer loop
      vertex 26.9273 24.4929 22.8
      vertex 25.2852 24.053 22.8
      vertex 26.9068 24.5956 22.8
    endloop
  endfacet
  facet normal 0 0 -1
    outer loop
      vertex 27.0072 25.1 22.8
      vertex 25.5349 25.95 22.8
      vertex 25.7166 26.2219 22.8
    endloop
  endfacet
  facet normal 0 0 -1
    outer loop
      vertex 25.2214 24.3737 22.8
      vertex 26.9068 24.5956 22.8
      vertex 25.2852 24.053 22.8
    endloop
  endfacet
  facet normal 0 0 -1
    outer loop
      vertex 26.9609 25.0061 22.8
      vertex 25.3903 25.6567 22.8
      vertex 25.5349 25.95 22.8
    endloop
  endfacet
  facet normal -0 0 -1
    outer loop
      vertex 26.9068 24.5956 22.8
      vertex 25.2214 24.3737 22.8
      vertex 26.9 24.7 22.8
    endloop
  endfacet
  facet normal 0 0 -1
    outer loop
      vertex 26.9273 24.9071 22.8
      vertex 25.2852 25.347 22.8
      vertex 25.3903 25.6567 22.8
    endloop
  endfacet
  facet normal 0 0 -1
    outer loop
      vertex 25.2 24.7 22.8
      vertex 26.9 24.7 22.8
      vertex 25.2214 24.3737 22.8
    endloop
  endfacet
  facet normal 0 0 -1
    outer loop
      vertex 26.9068 24.8044 22.8
      vertex 25.2214 25.0263 22.8
      vertex 25.2852 25.347 22.8
    endloop
  endfacet
  facet normal 0 0 -1
    outer loop
      vertex 26.9 24.7 22.8
      vertex 25.2 24.7 22.8
      vertex 25.2214 25.0263 22.8
    endloop
  endfacet
  facet normal 0.98078 -0.195116 0
    outer loop
      vertex 30.1148 24.053 24.2
      vertex 30.1786 24.3737 22.8
      vertex 30.1786 24.3737 24.2
    endloop
  endfacet
  facet normal 0.98078 -0.195116 0
    outer loop
      vertex 30.1786 24.3737 22.8
      vertex 30.1148 24.053 24.2
      vertex 30.1148 24.053 22.8
    endloop
  endfacet
  facet normal -0.98078 -0.195116 0
    outer loop
      vertex 25.2852 24.053 22.8
      vertex 25.2214 24.3737 24.2
      vertex 25.2214 24.3737 22.8
    endloop
  endfacet
  facet normal -0.98078 -0.195116 0
    outer loop
      vertex 25.2214 24.3737 24.2
      vertex 25.2852 24.053 22.8
      vertex 25.2852 24.053 24.2
    endloop
  endfacet
  facet normal -0.659262 -0.751913 0
    outer loop
      vertex 25.9322 22.9322 22.8
      vertex 26.1781 22.7166 24.2
      vertex 25.9322 22.9322 24.2
    endloop
  endfacet
  facet normal -0.659262 -0.751913 -0
    outer loop
      vertex 26.1781 22.7166 24.2
      vertex 25.9322 22.9322 22.8
      vertex 26.1781 22.7166 22.8
    endloop
  endfacet
  facet normal -0.751913 0.659262 0
    outer loop
      vertex 25.7166 26.2219 22.8
      vertex 25.9322 26.4678 24.2
      vertex 25.9322 26.4678 22.8
    endloop
  endfacet
  facet normal -0.751913 0.659262 0
    outer loop
      vertex 25.9322 26.4678 24.2
      vertex 25.7166 26.2219 22.8
      vertex 25.7166 26.2219 24.2
    endloop
  endfacet
  facet normal -0.946957 0.32136 0
    outer loop
      vertex 25.2852 25.347 22.8
      vertex 25.3903 25.6567 24.2
      vertex 25.3903 25.6567 22.8
    endloop
  endfacet
  facet normal -0.946957 0.32136 0
    outer loop
      vertex 25.3903 25.6567 24.2
      vertex 25.2852 25.347 22.8
      vertex 25.2852 25.347 24.2
    endloop
  endfacet
  facet normal -0.896921 0.442191 0
    outer loop
      vertex 25.3903 25.6567 22.8
      vertex 25.5349 25.95 24.2
      vertex 25.5349 25.95 22.8
    endloop
  endfacet
  facet normal -0.896921 0.442191 0
    outer loop
      vertex 25.5349 25.95 24.2
      vertex 25.3903 25.6567 22.8
      vertex 25.3903 25.6567 24.2
    endloop
  endfacet
  facet normal 0.442191 -0.896921 0
    outer loop
      vertex 28.6567 22.3903 22.8
      vertex 28.95 22.5349 24.2
      vertex 28.6567 22.3903 24.2
    endloop
  endfacet
  facet normal 0.442191 -0.896921 0
    outer loop
      vertex 28.95 22.5349 24.2
      vertex 28.6567 22.3903 22.8
      vertex 28.95 22.5349 22.8
    endloop
  endfacet
  facet normal 0.659262 -0.751913 0
    outer loop
      vertex 29.2219 22.7166 22.8
      vertex 29.4678 22.9322 24.2
      vertex 29.2219 22.7166 24.2
    endloop
  endfacet
  facet normal 0.659262 -0.751913 0
    outer loop
      vertex 29.4678 22.9322 24.2
      vertex 29.2219 22.7166 22.8
      vertex 29.4678 22.9322 22.8
    endloop
  endfacet
  facet normal -0.32136 -0.946957 0
    outer loop
      vertex 26.7433 22.3903 22.8
      vertex 27.053 22.2852 24.2
      vertex 26.7433 22.3903 24.2
    endloop
  endfacet
  facet normal -0.32136 -0.946957 -0
    outer loop
      vertex 27.053 22.2852 24.2
      vertex 26.7433 22.3903 22.8
      vertex 27.053 22.2852 22.8
    endloop
  endfacet
  facet normal -0.442191 -0.896921 0
    outer loop
      vertex 26.45 22.5349 22.8
      vertex 26.7433 22.3903 24.2
      vertex 26.45 22.5349 24.2
    endloop
  endfacet
  facet normal -0.442191 -0.896921 -0
    outer loop
      vertex 26.7433 22.3903 24.2
      vertex 26.45 22.5349 22.8
      vertex 26.7433 22.3903 22.8
    endloop
  endfacet
  facet normal -0.946948 -0.321388 0
    outer loop
      vertex 28.4727 24.9071 22.8
      vertex 28.4391 25.0061 24.2
      vertex 28.4391 25.0061 22.8
    endloop
  endfacet
  facet normal -0.946948 -0.321388 0
    outer loop
      vertex 28.4391 25.0061 24.2
      vertex 28.4727 24.9071 22.8
      vertex 28.4727 24.9071 24.2
    endloop
  endfacet
  facet normal -0.751925 0.659248 0
    outer loop
      vertex 28.2657 24.1343 22.8
      vertex 28.3347 24.213 24.2
      vertex 28.3347 24.213 22.8
    endloop
  endfacet
  facet normal -0.751925 0.659248 0
    outer loop
      vertex 28.3347 24.213 24.2
      vertex 28.2657 24.1343 22.8
      vertex 28.2657 24.1343 24.2
    endloop
  endfacet
  facet normal -0.659248 -0.751925 0
    outer loop
      vertex 28.187 25.3347 22.8
      vertex 28.2657 25.2657 24.2
      vertex 28.187 25.3347 24.2
    endloop
  endfacet
  facet normal -0.659248 -0.751925 -0
    outer loop
      vertex 28.2657 25.2657 24.2
      vertex 28.187 25.3347 22.8
      vertex 28.2657 25.2657 22.8
    endloop
  endfacet
  facet normal -0.831609 -0.555362 0
    outer loop
      vertex 28.3928 25.1 22.8
      vertex 28.3347 25.187 24.2
      vertex 28.3347 25.187 22.8
    endloop
  endfacet
  facet normal -0.831609 -0.555362 0
    outer loop
      vertex 28.3347 25.187 24.2
      vertex 28.3928 25.1 22.8
      vertex 28.3928 25.1 24.2
    endloop
  endfacet
  facet normal -0.831609 0.555362 0
    outer loop
      vertex 28.3347 24.213 22.8
      vertex 28.3928 24.3 24.2
      vertex 28.3928 24.3 22.8
    endloop
  endfacet
  facet normal -0.831609 0.555362 0
    outer loop
      vertex 28.3928 24.3 24.2
      vertex 28.3347 24.213 22.8
      vertex 28.3347 24.213 24.2
    endloop
  endfacet
  facet normal 0.896897 0.44224 0
    outer loop
      vertex 27.0072 24.3 24.2
      vertex 26.9609 24.3939 22.8
      vertex 26.9609 24.3939 24.2
    endloop
  endfacet
  facet normal 0.896897 0.44224 0
    outer loop
      vertex 26.9609 24.3939 22.8
      vertex 27.0072 24.3 24.2
      vertex 27.0072 24.3 22.8
    endloop
  endfacet
  facet normal -0.0649964 -0.997886 0
    outer loop
      vertex 27.7 25.5 22.8
      vertex 27.8044 25.4932 24.2
      vertex 27.7 25.5 24.2
    endloop
  endfacet
  facet normal -0.0649964 -0.997886 -0
    outer loop
      vertex 27.8044 25.4932 24.2
      vertex 27.7 25.5 22.8
      vertex 27.8044 25.4932 22.8
    endloop
  endfacet
  facet normal -0.751925 -0.659248 0
    outer loop
      vertex 28.3347 25.187 22.8
      vertex 28.2657 25.2657 24.2
      vertex 28.2657 25.2657 22.8
    endloop
  endfacet
  facet normal -0.751925 -0.659248 0
    outer loop
      vertex 28.2657 25.2657 24.2
      vertex 28.3347 25.187 22.8
      vertex 28.3347 25.187 24.2
    endloop
  endfacet
  facet normal -0.997886 -0.0649964 0
    outer loop
      vertex 28.5 24.7 22.8
      vertex 28.4932 24.8044 24.2
      vertex 28.4932 24.8044 22.8
    endloop
  endfacet
  facet normal -0.997886 -0.0649964 0
    outer loop
      vertex 28.4932 24.8044 24.2
      vertex 28.5 24.7 22.8
      vertex 28.5 24.7 24.2
    endloop
  endfacet
  facet normal 0.321388 -0.946948 0
    outer loop
      vertex 27.3939 25.4391 22.8
      vertex 27.4929 25.4727 24.2
      vertex 27.3939 25.4391 24.2
    endloop
  endfacet
  facet normal 0.321388 -0.946948 0
    outer loop
      vertex 27.4929 25.4727 24.2
      vertex 27.3939 25.4391 22.8
      vertex 27.4929 25.4727 22.8
    endloop
  endfacet
  facet normal -0.659248 0.751925 0
    outer loop
      vertex 28.2657 24.1343 22.8
      vertex 28.187 24.0653 24.2
      vertex 28.2657 24.1343 24.2
    endloop
  endfacet
  facet normal -0.659248 0.751925 0
    outer loop
      vertex 28.187 24.0653 24.2
      vertex 28.2657 24.1343 22.8
      vertex 28.187 24.0653 22.8
    endloop
  endfacet
  facet normal -0.896897 -0.44224 0
    outer loop
      vertex 28.4391 25.0061 22.8
      vertex 28.3928 25.1 24.2
      vertex 28.3928 25.1 22.8
    endloop
  endfacet
  facet normal -0.896897 -0.44224 0
    outer loop
      vertex 28.3928 25.1 24.2
      vertex 28.4391 25.0061 22.8
      vertex 28.4391 25.0061 24.2
    endloop
  endfacet
  facet normal 0.321388 0.946948 -0
    outer loop
      vertex 27.4929 23.9273 22.8
      vertex 27.3939 23.9609 24.2
      vertex 27.4929 23.9273 24.2
    endloop
  endfacet
  facet normal 0.321388 0.946948 0
    outer loop
      vertex 27.3939 23.9609 24.2
      vertex 27.4929 23.9273 22.8
      vertex 27.3939 23.9609 22.8
    endloop
  endfacet
  facet normal 0.195749 0.980654 -0
    outer loop
      vertex 27.5956 23.9068 22.8
      vertex 27.4929 23.9273 24.2
      vertex 27.5956 23.9068 24.2
    endloop
  endfacet
  facet normal 0.195749 0.980654 0
    outer loop
      vertex 27.4929 23.9273 24.2
      vertex 27.5956 23.9068 22.8
      vertex 27.4929 23.9273 22.8
    endloop
  endfacet
  facet normal 0.997886 0.0649964 0
    outer loop
      vertex 26.9068 24.5956 24.2
      vertex 26.9 24.7 22.8
      vertex 26.9 24.7 24.2
    endloop
  endfacet
  facet normal 0.997886 0.0649964 0
    outer loop
      vertex 26.9 24.7 22.8
      vertex 26.9068 24.5956 24.2
      vertex 26.9068 24.5956 22.8
    endloop
  endfacet
  facet normal -0.555362 -0.831609 0
    outer loop
      vertex 28.1 25.3928 22.8
      vertex 28.187 25.3347 24.2
      vertex 28.1 25.3928 24.2
    endloop
  endfacet
  facet normal -0.555362 -0.831609 -0
    outer loop
      vertex 28.187 25.3347 24.2
      vertex 28.1 25.3928 22.8
      vertex 28.187 25.3347 22.8
    endloop
  endfacet
  facet normal 0.997886 -0.0649964 0
    outer loop
      vertex 26.9 24.7 24.2
      vertex 26.9068 24.8044 22.8
      vertex 26.9068 24.8044 24.2
    endloop
  endfacet
  facet normal 0.997886 -0.0649964 0
    outer loop
      vertex 26.9068 24.8044 22.8
      vertex 26.9 24.7 24.2
      vertex 26.9 24.7 22.8
    endloop
  endfacet
  facet normal 0.195749 -0.980654 0
    outer loop
      vertex 27.4929 25.4727 22.8
      vertex 27.5956 25.4932 24.2
      vertex 27.4929 25.4727 24.2
    endloop
  endfacet
  facet normal 0.195749 -0.980654 0
    outer loop
      vertex 27.5956 25.4932 24.2
      vertex 27.4929 25.4727 22.8
      vertex 27.5956 25.4932 22.8
    endloop
  endfacet
  facet normal 0.896897 -0.44224 0
    outer loop
      vertex 26.9609 25.0061 24.2
      vertex 27.0072 25.1 22.8
      vertex 27.0072 25.1 24.2
    endloop
  endfacet
  facet normal 0.896897 -0.44224 0
    outer loop
      vertex 27.0072 25.1 22.8
      vertex 26.9609 25.0061 24.2
      vertex 26.9609 25.0061 22.8
    endloop
  endfacet
  facet normal -0.980654 -0.195749 0
    outer loop
      vertex 28.4932 24.8044 22.8
      vertex 28.4727 24.9071 24.2
      vertex 28.4727 24.9071 22.8
    endloop
  endfacet
  facet normal -0.980654 -0.195749 0
    outer loop
      vertex 28.4727 24.9071 24.2
      vertex 28.4932 24.8044 22.8
      vertex 28.4932 24.8044 24.2
    endloop
  endfacet
  facet normal -0.555362 0.831609 0
    outer loop
      vertex 28.187 24.0653 22.8
      vertex 28.1 24.0072 24.2
      vertex 28.187 24.0653 24.2
    endloop
  endfacet
  facet normal -0.555362 0.831609 0
    outer loop
      vertex 28.1 24.0072 24.2
      vertex 28.187 24.0653 22.8
      vertex 28.1 24.0072 22.8
    endloop
  endfacet
  facet normal 0.980654 0.195749 0
    outer loop
      vertex 26.9273 24.4929 24.2
      vertex 26.9068 24.5956 22.8
      vertex 26.9068 24.5956 24.2
    endloop
  endfacet
  facet normal 0.980654 0.195749 0
    outer loop
      vertex 26.9068 24.5956 22.8
      vertex 26.9273 24.4929 24.2
      vertex 26.9273 24.4929 22.8
    endloop
  endfacet
  facet normal -0.997886 0.0649964 0
    outer loop
      vertex 28.4932 24.5956 22.8
      vertex 28.5 24.7 24.2
      vertex 28.5 24.7 22.8
    endloop
  endfacet
  facet normal -0.997886 0.0649964 0
    outer loop
      vertex 28.5 24.7 24.2
      vertex 28.4932 24.5956 22.8
      vertex 28.4932 24.5956 24.2
    endloop
  endfacet
  facet normal -0.321388 -0.946948 0
    outer loop
      vertex 27.9071 25.4727 22.8
      vertex 28.0061 25.4391 24.2
      vertex 27.9071 25.4727 24.2
    endloop
  endfacet
  facet normal -0.321388 -0.946948 -0
    outer loop
      vertex 28.0061 25.4391 24.2
      vertex 27.9071 25.4727 22.8
      vertex 28.0061 25.4391 22.8
    endloop
  endfacet
  facet normal -0.44224 0.896897 0
    outer loop
      vertex 28.1 24.0072 22.8
      vertex 28.0061 23.9609 24.2
      vertex 28.1 24.0072 24.2
    endloop
  endfacet
  facet normal -0.44224 0.896897 0
    outer loop
      vertex 28.0061 23.9609 24.2
      vertex 28.1 24.0072 22.8
      vertex 28.0061 23.9609 22.8
    endloop
  endfacet
  facet normal -0.896897 0.44224 0
    outer loop
      vertex 28.3928 24.3 22.8
      vertex 28.4391 24.3939 24.2
      vertex 28.4391 24.3939 22.8
    endloop
  endfacet
  facet normal -0.896897 0.44224 0
    outer loop
      vertex 28.4391 24.3939 24.2
      vertex 28.3928 24.3 22.8
      vertex 28.3928 24.3 24.2
    endloop
  endfacet
  facet normal 0.555362 0.831609 -0
    outer loop
      vertex 27.3 24.0072 22.8
      vertex 27.213 24.0653 24.2
      vertex 27.3 24.0072 24.2
    endloop
  endfacet
  facet normal 0.555362 0.831609 0
    outer loop
      vertex 27.213 24.0653 24.2
      vertex 27.3 24.0072 22.8
      vertex 27.213 24.0653 22.8
    endloop
  endfacet
  facet normal -0.44224 -0.896897 0
    outer loop
      vertex 28.0061 25.4391 22.8
      vertex 28.1 25.3928 24.2
      vertex 28.0061 25.4391 24.2
    endloop
  endfacet
  facet normal -0.44224 -0.896897 -0
    outer loop
      vertex 28.1 25.3928 24.2
      vertex 28.0061 25.4391 22.8
      vertex 28.1 25.3928 22.8
    endloop
  endfacet
  facet normal 0.0649964 -0.997886 0
    outer loop
      vertex 27.5956 25.4932 22.8
      vertex 27.7 25.5 24.2
      vertex 27.5956 25.4932 24.2
    endloop
  endfacet
  facet normal 0.0649964 -0.997886 0
    outer loop
      vertex 27.7 25.5 24.2
      vertex 27.5956 25.4932 22.8
      vertex 27.7 25.5 22.8
    endloop
  endfacet
  facet normal 0.980654 -0.195749 0
    outer loop
      vertex 26.9068 24.8044 24.2
      vertex 26.9273 24.9071 22.8
      vertex 26.9273 24.9071 24.2
    endloop
  endfacet
  facet normal 0.980654 -0.195749 0
    outer loop
      vertex 26.9273 24.9071 22.8
      vertex 26.9068 24.8044 24.2
      vertex 26.9068 24.8044 22.8
    endloop
  endfacet
  facet normal 0.555362 -0.831609 0
    outer loop
      vertex 27.213 25.3347 22.8
      vertex 27.3 25.3928 24.2
      vertex 27.213 25.3347 24.2
    endloop
  endfacet
  facet normal 0.555362 -0.831609 0
    outer loop
      vertex 27.3 25.3928 24.2
      vertex 27.213 25.3347 22.8
      vertex 27.3 25.3928 22.8
    endloop
  endfacet
  facet normal 0.831609 0.555362 0
    outer loop
      vertex 27.0653 24.213 24.2
      vertex 27.0072 24.3 22.8
      vertex 27.0072 24.3 24.2
    endloop
  endfacet
  facet normal 0.831609 0.555362 0
    outer loop
      vertex 27.0072 24.3 22.8
      vertex 27.0653 24.213 24.2
      vertex 27.0653 24.213 22.8
    endloop
  endfacet
  facet normal -0.195749 0.980654 0
    outer loop
      vertex 27.9071 23.9273 22.8
      vertex 27.8044 23.9068 24.2
      vertex 27.9071 23.9273 24.2
    endloop
  endfacet
  facet normal -0.195749 0.980654 0
    outer loop
      vertex 27.8044 23.9068 24.2
      vertex 27.9071 23.9273 22.8
      vertex 27.8044 23.9068 22.8
    endloop
  endfacet
  facet normal -0.195749 -0.980654 0
    outer loop
      vertex 27.8044 25.4932 22.8
      vertex 27.9071 25.4727 24.2
      vertex 27.8044 25.4932 24.2
    endloop
  endfacet
  facet normal -0.195749 -0.980654 -0
    outer loop
      vertex 27.9071 25.4727 24.2
      vertex 27.8044 25.4932 22.8
      vertex 27.9071 25.4727 22.8
    endloop
  endfacet
  facet normal 0.44224 -0.896897 0
    outer loop
      vertex 27.3 25.3928 22.8
      vertex 27.3939 25.4391 24.2
      vertex 27.3 25.3928 24.2
    endloop
  endfacet
  facet normal 0.44224 -0.896897 0
    outer loop
      vertex 27.3939 25.4391 24.2
      vertex 27.3 25.3928 22.8
      vertex 27.3939 25.4391 22.8
    endloop
  endfacet
  facet normal 0.659248 0.751925 -0
    outer loop
      vertex 27.213 24.0653 22.8
      vertex 27.1343 24.1343 24.2
      vertex 27.213 24.0653 24.2
    endloop
  endfacet
  facet normal 0.659248 0.751925 0
    outer loop
      vertex 27.1343 24.1343 24.2
      vertex 27.213 24.0653 22.8
      vertex 27.1343 24.1343 22.8
    endloop
  endfacet
  facet normal -0.0649964 0.997886 0
    outer loop
      vertex 27.8044 23.9068 22.8
      vertex 27.7 23.9 24.2
      vertex 27.8044 23.9068 24.2
    endloop
  endfacet
  facet normal -0.0649964 0.997886 0
    outer loop
      vertex 27.7 23.9 24.2
      vertex 27.8044 23.9068 22.8
      vertex 27.7 23.9 22.8
    endloop
  endfacet
  facet normal -0.980654 0.195749 0
    outer loop
      vertex 28.4727 24.4929 22.8
      vertex 28.4932 24.5956 24.2
      vertex 28.4932 24.5956 22.8
    endloop
  endfacet
  facet normal -0.980654 0.195749 0
    outer loop
      vertex 28.4932 24.5956 24.2
      vertex 28.4727 24.4929 22.8
      vertex 28.4727 24.4929 24.2
    endloop
  endfacet
  facet normal -0.321388 0.946948 0
    outer loop
      vertex 28.0061 23.9609 22.8
      vertex 27.9071 23.9273 24.2
      vertex 28.0061 23.9609 24.2
    endloop
  endfacet
  facet normal -0.321388 0.946948 0
    outer loop
      vertex 27.9071 23.9273 24.2
      vertex 28.0061 23.9609 22.8
      vertex 27.9071 23.9273 22.8
    endloop
  endfacet
  facet normal 0.831609 -0.555362 0
    outer loop
      vertex 27.0072 25.1 24.2
      vertex 27.0653 25.187 22.8
      vertex 27.0653 25.187 24.2
    endloop
  endfacet
  facet normal 0.831609 -0.555362 0
    outer loop
      vertex 27.0653 25.187 22.8
      vertex 27.0072 25.1 24.2
      vertex 27.0072 25.1 22.8
    endloop
  endfacet
  facet normal 0.751925 -0.659248 0
    outer loop
      vertex 27.0653 25.187 24.2
      vertex 27.1343 25.2657 22.8
      vertex 27.1343 25.2657 24.2
    endloop
  endfacet
  facet normal 0.751925 -0.659248 0
    outer loop
      vertex 27.1343 25.2657 22.8
      vertex 27.0653 25.187 24.2
      vertex 27.0653 25.187 22.8
    endloop
  endfacet
  facet normal 0.659248 -0.751925 0
    outer loop
      vertex 27.1343 25.2657 22.8
      vertex 27.213 25.3347 24.2
      vertex 27.1343 25.2657 24.2
    endloop
  endfacet
  facet normal 0.659248 -0.751925 0
    outer loop
      vertex 27.213 25.3347 24.2
      vertex 27.1343 25.2657 22.8
      vertex 27.213 25.3347 22.8
    endloop
  endfacet
  facet normal -0.946948 0.321388 0
    outer loop
      vertex 28.4391 24.3939 22.8
      vertex 28.4727 24.4929 24.2
      vertex 28.4727 24.4929 22.8
    endloop
  endfacet
  facet normal -0.946948 0.321388 0
    outer loop
      vertex 28.4727 24.4929 24.2
      vertex 28.4391 24.3939 22.8
      vertex 28.4391 24.3939 24.2
    endloop
  endfacet
  facet normal 0.946948 0.321388 0
    outer loop
      vertex 26.9609 24.3939 24.2
      vertex 26.9273 24.4929 22.8
      vertex 26.9273 24.4929 24.2
    endloop
  endfacet
  facet normal 0.946948 0.321388 0
    outer loop
      vertex 26.9273 24.4929 22.8
      vertex 26.9609 24.3939 24.2
      vertex 26.9609 24.3939 22.8
    endloop
  endfacet
  facet normal 0.946948 -0.321388 0
    outer loop
      vertex 26.9273 24.9071 24.2
      vertex 26.9609 25.0061 22.8
      vertex 26.9609 25.0061 24.2
    endloop
  endfacet
  facet normal 0.946948 -0.321388 0
    outer loop
      vertex 26.9609 25.0061 22.8
      vertex 26.9273 24.9071 24.2
      vertex 26.9273 24.9071 22.8
    endloop
  endfacet
  facet normal 0.751925 0.659248 0
    outer loop
      vertex 27.1343 24.1343 24.2
      vertex 27.0653 24.213 22.8
      vertex 27.0653 24.213 24.2
    endloop
  endfacet
  facet normal 0.751925 0.659248 0
    outer loop
      vertex 27.0653 24.213 22.8
      vertex 27.1343 24.1343 24.2
      vertex 27.1343 24.1343 22.8
    endloop
  endfacet
  facet normal 0.0649964 0.997886 -0
    outer loop
      vertex 27.7 23.9 22.8
      vertex 27.5956 23.9068 24.2
      vertex 27.7 23.9 24.2
    endloop
  endfacet
  facet normal 0.0649964 0.997886 0
    outer loop
      vertex 27.5956 23.9068 24.2
      vertex 27.7 23.9 22.8
      vertex 27.5956 23.9068 22.8
    endloop
  endfacet
  facet normal 0.44224 0.896897 -0
    outer loop
      vertex 27.3939 23.9609 22.8
      vertex 27.3 24.0072 24.2
      vertex 27.3939 23.9609 24.2
    endloop
  endfacet
  facet normal 0.44224 0.896897 0
    outer loop
      vertex 27.3 24.0072 24.2
      vertex 27.3939 23.9609 22.8
      vertex 27.3 24.0072 22.8
    endloop
  endfacet
  facet normal 0.98078 -0.195116 0
    outer loop
      vertex -8.88519 51.053 24.2
      vertex -8.82139 51.3737 22.8
      vertex -8.82139 51.3737 24.2
    endloop
  endfacet
  facet normal 0.98078 -0.195116 0
    outer loop
      vertex -8.82139 51.3737 22.8
      vertex -8.88519 51.053 24.2
      vertex -8.88519 51.053 22.8
    endloop
  endfacet
  facet normal 0.98078 0.195116 0
    outer loop
      vertex -8.82139 52.0263 24.2
      vertex -8.88519 52.347 22.8
      vertex -8.88519 52.347 24.2
    endloop
  endfacet
  facet normal 0.98078 0.195116 0
    outer loop
      vertex -8.88519 52.347 22.8
      vertex -8.82139 52.0263 24.2
      vertex -8.82139 52.0263 22.8
    endloop
  endfacet
  facet normal 0.997858 -0.0654128 0
    outer loop
      vertex -8.82139 51.3737 24.2
      vertex -8.8 51.7 22.8
      vertex -8.8 51.7 24.2
    endloop
  endfacet
  facet normal 0.997858 -0.0654128 0
    outer loop
      vertex -8.8 51.7 22.8
      vertex -8.82139 51.3737 24.2
      vertex -8.82139 51.3737 22.8
    endloop
  endfacet
  facet normal 0.32136 0.946957 -0
    outer loop
      vertex -10.3433 54.0097 22.8
      vertex -10.653 54.1148 24.2
      vertex -10.3433 54.0097 24.2
    endloop
  endfacet
  facet normal 0.32136 0.946957 0
    outer loop
      vertex -10.653 54.1148 24.2
      vertex -10.3433 54.0097 22.8
      vertex -10.653 54.1148 22.8
    endloop
  endfacet
  facet normal 0.195116 -0.98078 0
    outer loop
      vertex -10.9737 49.2214 22.8
      vertex -10.653 49.2852 24.2
      vertex -10.9737 49.2214 24.2
    endloop
  endfacet
  facet normal 0.195116 -0.98078 0
    outer loop
      vertex -10.653 49.2852 24.2
      vertex -10.9737 49.2214 22.8
      vertex -10.653 49.2852 22.8
    endloop
  endfacet
  facet normal -0.98078 0.195116 0
    outer loop
      vertex -13.7786 52.0263 22.8
      vertex -13.7148 52.347 24.2
      vertex -13.7148 52.347 22.8
    endloop
  endfacet
  facet normal -0.98078 0.195116 0
    outer loop
      vertex -13.7148 52.347 24.2
      vertex -13.7786 52.0263 22.8
      vertex -13.7786 52.0263 24.2
    endloop
  endfacet
  facet normal -0.831438 -0.555617 0
    outer loop
      vertex -13.2834 50.1781 22.8
      vertex -13.4651 50.45 24.2
      vertex -13.4651 50.45 22.8
    endloop
  endfacet
  facet normal -0.831438 -0.555617 0
    outer loop
      vertex -13.4651 50.45 24.2
      vertex -13.2834 50.1781 22.8
      vertex -13.2834 50.1781 24.2
    endloop
  endfacet
  facet normal -0.997856 0.0654432 0
    outer loop
      vertex -13.8 51.7 22.8
      vertex -13.7786 52.0263 24.2
      vertex -13.7786 52.0263 22.8
    endloop
  endfacet
  facet normal -0.997856 0.0654432 0
    outer loop
      vertex -13.7786 52.0263 24.2
      vertex -13.8 51.7 22.8
      vertex -13.8 51.7 24.2
    endloop
  endfacet
  facet normal 0.659307 -0.751873 0
    outer loop
      vertex -9.7781 49.7166 22.8
      vertex -9.53223 49.9322 24.2
      vertex -9.7781 49.7166 24.2
    endloop
  endfacet
  facet normal 0.659307 -0.751873 0
    outer loop
      vertex -9.53223 49.9322 24.2
      vertex -9.7781 49.7166 22.8
      vertex -9.53223 49.9322 22.8
    endloop
  endfacet
  facet normal 0.997858 0.0654128 0
    outer loop
      vertex -8.8 51.7 24.2
      vertex -8.82139 52.0263 22.8
      vertex -8.82139 52.0263 24.2
    endloop
  endfacet
  facet normal 0.997858 0.0654128 0
    outer loop
      vertex -8.82139 52.0263 22.8
      vertex -8.8 51.7 24.2
      vertex -8.8 51.7 22.8
    endloop
  endfacet
  facet normal 0.659307 0.751873 -0
    outer loop
      vertex -9.53223 53.4678 22.8
      vertex -9.7781 53.6834 24.2
      vertex -9.53223 53.4678 24.2
    endloop
  endfacet
  facet normal 0.659307 0.751873 0
    outer loop
      vertex -9.7781 53.6834 24.2
      vertex -9.53223 53.4678 22.8
      vertex -9.7781 53.6834 22.8
    endloop
  endfacet
  facet normal 0.831466 -0.555575 0
    outer loop
      vertex -9.31662 50.1781 24.2
      vertex -9.13494 50.45 22.8
      vertex -9.13494 50.45 24.2
    endloop
  endfacet
  facet normal 0.831466 -0.555575 0
    outer loop
      vertex -9.13494 50.45 22.8
      vertex -9.31662 50.1781 24.2
      vertex -9.31662 50.1781 22.8
    endloop
  endfacet
  facet normal -0.195116 0.98078 0
    outer loop
      vertex -11.6263 54.1786 22.8
      vertex -11.947 54.1148 24.2
      vertex -11.6263 54.1786 24.2
    endloop
  endfacet
  facet normal -0.195116 0.98078 0
    outer loop
      vertex -11.947 54.1148 24.2
      vertex -11.6263 54.1786 22.8
      vertex -11.947 54.1148 22.8
    endloop
  endfacet
  facet normal -0.751913 0.659262 0
    outer loop
      vertex -13.2834 53.2219 22.8
      vertex -13.0678 53.4678 24.2
      vertex -13.0678 53.4678 22.8
    endloop
  endfacet
  facet normal -0.751913 0.659262 0
    outer loop
      vertex -13.0678 53.4678 24.2
      vertex -13.2834 53.2219 22.8
      vertex -13.2834 53.2219 24.2
    endloop
  endfacet
  facet normal 0.946948 -0.321387 0
    outer loop
      vertex -8.9903 50.7433 24.2
      vertex -8.88519 51.053 22.8
      vertex -8.88519 51.053 24.2
    endloop
  endfacet
  facet normal 0.946948 -0.321387 0
    outer loop
      vertex -8.88519 51.053 22.8
      vertex -8.9903 50.7433 24.2
      vertex -8.9903 50.7433 22.8
    endloop
  endfacet
  facet normal -0.997856 -0.0654432 0
    outer loop
      vertex -13.7786 51.3737 22.8
      vertex -13.8 51.7 24.2
      vertex -13.8 51.7 22.8
    endloop
  endfacet
  facet normal -0.997856 -0.0654432 0
    outer loop
      vertex -13.8 51.7 24.2
      vertex -13.7786 51.3737 22.8
      vertex -13.7786 51.3737 24.2
    endloop
  endfacet
  facet normal 0.555617 -0.831438 0
    outer loop
      vertex -10.05 49.5349 22.8
      vertex -9.7781 49.7166 24.2
      vertex -10.05 49.5349 24.2
    endloop
  endfacet
  facet normal 0.555617 -0.831438 0
    outer loop
      vertex -9.7781 49.7166 24.2
      vertex -10.05 49.5349 22.8
      vertex -9.7781 49.7166 22.8
    endloop
  endfacet
  facet normal -0.98078 -0.195116 0
    outer loop
      vertex -13.7148 51.053 22.8
      vertex -13.7786 51.3737 24.2
      vertex -13.7786 51.3737 22.8
    endloop
  endfacet
  facet normal -0.98078 -0.195116 0
    outer loop
      vertex -13.7786 51.3737 24.2
      vertex -13.7148 51.053 22.8
      vertex -13.7148 51.053 24.2
    endloop
  endfacet
  facet normal -0.32136 0.946957 0
    outer loop
      vertex -11.947 54.1148 22.8
      vertex -12.2567 54.0097 24.2
      vertex -11.947 54.1148 24.2
    endloop
  endfacet
  facet normal -0.32136 0.946957 0
    outer loop
      vertex -12.2567 54.0097 24.2
      vertex -11.947 54.1148 22.8
      vertex -12.2567 54.0097 22.8
    endloop
  endfacet
  facet normal -0.0654432 -0.997856 0
    outer loop
      vertex -11.6263 49.2214 22.8
      vertex -11.3 49.2 24.2
      vertex -11.6263 49.2214 24.2
    endloop
  endfacet
  facet normal -0.0654432 -0.997856 -0
    outer loop
      vertex -11.3 49.2 24.2
      vertex -11.6263 49.2214 22.8
      vertex -11.3 49.2 22.8
    endloop
  endfacet
  facet normal 0.946948 0.321387 0
    outer loop
      vertex -8.88519 52.347 24.2
      vertex -8.9903 52.6567 22.8
      vertex -8.9903 52.6567 24.2
    endloop
  endfacet
  facet normal 0.946948 0.321387 0
    outer loop
      vertex -8.9903 52.6567 22.8
      vertex -8.88519 52.347 24.2
      vertex -8.88519 52.347 22.8
    endloop
  endfacet
  facet normal -0.831438 0.555617 0
    outer loop
      vertex -13.4651 52.95 22.8
      vertex -13.2834 53.2219 24.2
      vertex -13.2834 53.2219 22.8
    endloop
  endfacet
  facet normal -0.831438 0.555617 0
    outer loop
      vertex -13.2834 53.2219 24.2
      vertex -13.4651 52.95 22.8
      vertex -13.4651 52.95 24.2
    endloop
  endfacet
  facet normal -0.555617 0.831438 0
    outer loop
      vertex -12.55 53.8651 22.8
      vertex -12.8219 53.6834 24.2
      vertex -12.55 53.8651 24.2
    endloop
  endfacet
  facet normal -0.555617 0.831438 0
    outer loop
      vertex -12.8219 53.6834 24.2
      vertex -12.55 53.8651 22.8
      vertex -12.8219 53.6834 22.8
    endloop
  endfacet
  facet normal -0.946957 -0.32136 0
    outer loop
      vertex -13.6097 50.7433 22.8
      vertex -13.7148 51.053 24.2
      vertex -13.7148 51.053 22.8
    endloop
  endfacet
  facet normal -0.946957 -0.32136 0
    outer loop
      vertex -13.7148 51.053 24.2
      vertex -13.6097 50.7433 22.8
      vertex -13.6097 50.7433 24.2
    endloop
  endfacet
  facet normal -0.896921 0.442191 0
    outer loop
      vertex -13.6097 52.6567 22.8
      vertex -13.4651 52.95 24.2
      vertex -13.4651 52.95 22.8
    endloop
  endfacet
  facet normal -0.896921 0.442191 0
    outer loop
      vertex -13.4651 52.95 24.2
      vertex -13.6097 52.6567 22.8
      vertex -13.6097 52.6567 24.2
    endloop
  endfacet
  facet normal 0 0 -1
    outer loop
      vertex -10.5 51.7 22.8
      vertex -8.8 51.7 22.8
      vertex -8.82139 51.3737 22.8
    endloop
  endfacet
  facet normal 0 0 -1
    outer loop
      vertex -10.5068 51.5956 22.8
      vertex -8.82139 51.3737 22.8
      vertex -8.88519 51.053 22.8
    endloop
  endfacet
  facet normal 0 0 -1
    outer loop
      vertex -8.8 51.7 22.8
      vertex -10.5 51.7 22.8
      vertex -8.82139 52.0263 22.8
    endloop
  endfacet
  facet normal 0 0 -1
    outer loop
      vertex -10.5273 51.4929 22.8
      vertex -8.88519 51.053 22.8
      vertex -8.9903 50.7433 22.8
    endloop
  endfacet
  facet normal 0 0 -1
    outer loop
      vertex -10.5068 51.8044 22.8
      vertex -8.82139 52.0263 22.8
      vertex -10.5 51.7 22.8
    endloop
  endfacet
  facet normal 0 0 -1
    outer loop
      vertex -10.5609 51.3939 22.8
      vertex -8.9903 50.7433 22.8
      vertex -9.13494 50.45 22.8
    endloop
  endfacet
  facet normal -0 0 -1
    outer loop
      vertex -8.82139 52.0263 22.8
      vertex -10.5068 51.8044 22.8
      vertex -8.88519 52.347 22.8
    endloop
  endfacet
  facet normal 0 0 -1
    outer loop
      vertex -10.6072 51.3 22.8
      vertex -9.13494 50.45 22.8
      vertex -9.31662 50.1781 22.8
    endloop
  endfacet
  facet normal 0 0 -1
    outer loop
      vertex -10.5273 51.9071 22.8
      vertex -8.88519 52.347 22.8
      vertex -10.5068 51.8044 22.8
    endloop
  endfacet
  facet normal 0 0 -1
    outer loop
      vertex -10.6653 51.213 22.8
      vertex -9.31662 50.1781 22.8
      vertex -9.53223 49.9322 22.8
    endloop
  endfacet
  facet normal -0 0 -1
    outer loop
      vertex -8.88519 52.347 22.8
      vertex -10.5273 51.9071 22.8
      vertex -8.9903 52.6567 22.8
    endloop
  endfacet
  facet normal 0 0 -1
    outer loop
      vertex -10.7343 51.1343 22.8
      vertex -9.53223 49.9322 22.8
      vertex -9.7781 49.7166 22.8
    endloop
  endfacet
  facet normal 0 0 -1
    outer loop
      vertex -10.5609 52.0061 22.8
      vertex -8.9903 52.6567 22.8
      vertex -10.5273 51.9071 22.8
    endloop
  endfacet
  facet normal 0 0 -1
    outer loop
      vertex -10.813 51.0653 22.8
      vertex -9.7781 49.7166 22.8
      vertex -10.05 49.5349 22.8
    endloop
  endfacet
  facet normal -0 0 -1
    outer loop
      vertex -8.9903 52.6567 22.8
      vertex -10.5609 52.0061 22.8
      vertex -9.13494 52.95 22.8
    endloop
  endfacet
  facet normal 0 0 -1
    outer loop
      vertex -10.9 51.0072 22.8
      vertex -10.05 49.5349 22.8
      vertex -10.3433 49.3903 22.8
    endloop
  endfacet
  facet normal 0 0 -1
    outer loop
      vertex -10.6072 52.1 22.8
      vertex -9.13494 52.95 22.8
      vertex -10.5609 52.0061 22.8
    endloop
  endfacet
  facet normal -0 0 -1
    outer loop
      vertex -9.13494 52.95 22.8
      vertex -10.6072 52.1 22.8
      vertex -9.31662 53.2219 22.8
    endloop
  endfacet
  facet normal 0 0 -1
    outer loop
      vertex -8.82139 51.3737 22.8
      vertex -10.5068 51.5956 22.8
      vertex -10.5 51.7 22.8
    endloop
  endfacet
  facet normal 0 0 -1
    outer loop
      vertex -8.88519 51.053 22.8
      vertex -10.5273 51.4929 22.8
      vertex -10.5068 51.5956 22.8
    endloop
  endfacet
  facet normal 0 0 -1
    outer loop
      vertex -8.9903 50.7433 22.8
      vertex -10.5609 51.3939 22.8
      vertex -10.5273 51.4929 22.8
    endloop
  endfacet
  facet normal 0 0 -1
    outer loop
      vertex -9.13494 50.45 22.8
      vertex -10.6072 51.3 22.8
      vertex -10.5609 51.3939 22.8
    endloop
  endfacet
  facet normal 0 0 -1
    outer loop
      vertex -10.9939 50.9609 22.8
      vertex -10.3433 49.3903 22.8
      vertex -10.653 49.2852 22.8
    endloop
  endfacet
  facet normal 0 0 -1
    outer loop
      vertex -9.31662 50.1781 22.8
      vertex -10.6653 51.213 22.8
      vertex -10.6072 51.3 22.8
    endloop
  endfacet
  facet normal 0 0 -1
    outer loop
      vertex -9.53223 49.9322 22.8
      vertex -10.7343 51.1343 22.8
      vertex -10.6653 51.213 22.8
    endloop
  endfacet
  facet normal 0 0 -1
    outer loop
      vertex -9.7781 49.7166 22.8
      vertex -10.813 51.0653 22.8
      vertex -10.7343 51.1343 22.8
    endloop
  endfacet
  facet normal 0 0 -1
    outer loop
      vertex -10.05 49.5349 22.8
      vertex -10.9 51.0072 22.8
      vertex -10.813 51.0653 22.8
    endloop
  endfacet
  facet normal 0 0 -1
    outer loop
      vertex -11.0929 50.9273 22.8
      vertex -10.653 49.2852 22.8
      vertex -10.9737 49.2214 22.8
    endloop
  endfacet
  facet normal 0 0 -1
    outer loop
      vertex -10.3433 49.3903 22.8
      vertex -10.9939 50.9609 22.8
      vertex -10.9 51.0072 22.8
    endloop
  endfacet
  facet normal 0 0 -1
    outer loop
      vertex -10.653 49.2852 22.8
      vertex -11.0929 50.9273 22.8
      vertex -10.9939 50.9609 22.8
    endloop
  endfacet
  facet normal 0 0 -1
    outer loop
      vertex -10.9737 49.2214 22.8
      vertex -11.1956 50.9068 22.8
      vertex -11.0929 50.9273 22.8
    endloop
  endfacet
  facet normal 0 0 -1
    outer loop
      vertex -11.3 49.2 22.8
      vertex -11.1956 50.9068 22.8
      vertex -10.9737 49.2214 22.8
    endloop
  endfacet
  facet normal 0 0 -1
    outer loop
      vertex -11.3 49.2 22.8
      vertex -11.3 50.9 22.8
      vertex -11.1956 50.9068 22.8
    endloop
  endfacet
  facet normal 0 0 -1
    outer loop
      vertex -11.3 49.2 22.8
      vertex -11.4044 50.9068 22.8
      vertex -11.3 50.9 22.8
    endloop
  endfacet
  facet normal 0 0 -1
    outer loop
      vertex -11.6263 49.2214 22.8
      vertex -11.4044 50.9068 22.8
      vertex -11.3 49.2 22.8
    endloop
  endfacet
  facet normal -0 0 -1
    outer loop
      vertex -11.4044 50.9068 22.8
      vertex -11.6263 49.2214 22.8
      vertex -11.5071 50.9273 22.8
    endloop
  endfacet
  facet normal 0 0 -1
    outer loop
      vertex -11.947 49.2852 22.8
      vertex -11.5071 50.9273 22.8
      vertex -11.6263 49.2214 22.8
    endloop
  endfacet
  facet normal -0 0 -1
    outer loop
      vertex -11.5071 50.9273 22.8
      vertex -11.947 49.2852 22.8
      vertex -11.6061 50.9609 22.8
    endloop
  endfacet
  facet normal 0 0 -1
    outer loop
      vertex -12.2567 49.3903 22.8
      vertex -11.6061 50.9609 22.8
      vertex -11.947 49.2852 22.8
    endloop
  endfacet
  facet normal -0 0 -1
    outer loop
      vertex -11.6061 50.9609 22.8
      vertex -12.2567 49.3903 22.8
      vertex -11.7 51.0072 22.8
    endloop
  endfacet
  facet normal 0 0 -1
    outer loop
      vertex -12.55 49.5349 22.8
      vertex -11.7 51.0072 22.8
      vertex -12.2567 49.3903 22.8
    endloop
  endfacet
  facet normal -0 0 -1
    outer loop
      vertex -11.7 51.0072 22.8
      vertex -12.55 49.5349 22.8
      vertex -11.787 51.0653 22.8
    endloop
  endfacet
  facet normal 0 0 -1
    outer loop
      vertex -12.8219 49.7166 22.8
      vertex -11.787 51.0653 22.8
      vertex -12.55 49.5349 22.8
    endloop
  endfacet
  facet normal -0 0 -1
    outer loop
      vertex -11.787 51.0653 22.8
      vertex -12.8219 49.7166 22.8
      vertex -11.8657 51.1343 22.8
    endloop
  endfacet
  facet normal 0 0 -1
    outer loop
      vertex -13.0678 49.9322 22.8
      vertex -11.8657 51.1343 22.8
      vertex -12.8219 49.7166 22.8
    endloop
  endfacet
  facet normal -0 0 -1
    outer loop
      vertex -11.8657 51.1343 22.8
      vertex -13.0678 49.9322 22.8
      vertex -11.9347 51.213 22.8
    endloop
  endfacet
  facet normal 0 0 -1
    outer loop
      vertex -13.2834 50.1781 22.8
      vertex -11.9347 51.213 22.8
      vertex -13.0678 49.9322 22.8
    endloop
  endfacet
  facet normal -0 0 -1
    outer loop
      vertex -11.9347 51.213 22.8
      vertex -13.2834 50.1781 22.8
      vertex -11.9928 51.3 22.8
    endloop
  endfacet
  facet normal 0 0 -1
    outer loop
      vertex -10.6653 52.187 22.8
      vertex -9.31662 53.2219 22.8
      vertex -10.6072 52.1 22.8
    endloop
  endfacet
  facet normal -0 0 -1
    outer loop
      vertex -9.31662 53.2219 22.8
      vertex -10.6653 52.187 22.8
      vertex -9.53223 53.4678 22.8
    endloop
  endfacet
  facet normal 0 0 -1
    outer loop
      vertex -10.7343 52.2657 22.8
      vertex -9.53223 53.4678 22.8
      vertex -10.6653 52.187 22.8
    endloop
  endfacet
  facet normal -0 0 -1
    outer loop
      vertex -9.53223 53.4678 22.8
      vertex -10.7343 52.2657 22.8
      vertex -9.7781 53.6834 22.8
    endloop
  endfacet
  facet normal 0 0 -1
    outer loop
      vertex -10.813 52.3347 22.8
      vertex -9.7781 53.6834 22.8
      vertex -10.7343 52.2657 22.8
    endloop
  endfacet
  facet normal -0 0 -1
    outer loop
      vertex -9.7781 53.6834 22.8
      vertex -10.813 52.3347 22.8
      vertex -10.05 53.8651 22.8
    endloop
  endfacet
  facet normal 0 0 -1
    outer loop
      vertex -10.9 52.3928 22.8
      vertex -10.05 53.8651 22.8
      vertex -10.813 52.3347 22.8
    endloop
  endfacet
  facet normal -0 0 -1
    outer loop
      vertex -10.05 53.8651 22.8
      vertex -10.9 52.3928 22.8
      vertex -10.3433 54.0097 22.8
    endloop
  endfacet
  facet normal 0 0 -1
    outer loop
      vertex -10.9939 52.4391 22.8
      vertex -10.3433 54.0097 22.8
      vertex -10.9 52.3928 22.8
    endloop
  endfacet
  facet normal -0 0 -1
    outer loop
      vertex -10.3433 54.0097 22.8
      vertex -10.9939 52.4391 22.8
      vertex -10.653 54.1148 22.8
    endloop
  endfacet
  facet normal 0 0 -1
    outer loop
      vertex -11.0929 52.4727 22.8
      vertex -10.653 54.1148 22.8
      vertex -10.9939 52.4391 22.8
    endloop
  endfacet
  facet normal -0 0 -1
    outer loop
      vertex -10.653 54.1148 22.8
      vertex -11.0929 52.4727 22.8
      vertex -10.9737 54.1786 22.8
    endloop
  endfacet
  facet normal 0 0 -1
    outer loop
      vertex -11.1956 52.4932 22.8
      vertex -10.9737 54.1786 22.8
      vertex -11.0929 52.4727 22.8
    endloop
  endfacet
  facet normal 0 0 -1
    outer loop
      vertex -11.3 52.5 22.8
      vertex -10.9737 54.1786 22.8
      vertex -11.1956 52.4932 22.8
    endloop
  endfacet
  facet normal 0 0 -1
    outer loop
      vertex -11.3 52.5 22.8
      vertex -11.3 54.2 22.8
      vertex -10.9737 54.1786 22.8
    endloop
  endfacet
  facet normal 0 0 -1
    outer loop
      vertex -11.4044 52.4932 22.8
      vertex -11.3 54.2 22.8
      vertex -11.3 52.5 22.8
    endloop
  endfacet
  facet normal 0 0 -1
    outer loop
      vertex -11.6263 54.1786 22.8
      vertex -11.4044 52.4932 22.8
      vertex -11.5071 52.4727 22.8
    endloop
  endfacet
  facet normal 0 0 -1
    outer loop
      vertex -11.947 54.1148 22.8
      vertex -11.5071 52.4727 22.8
      vertex -11.6061 52.4391 22.8
    endloop
  endfacet
  facet normal 0 0 -1
    outer loop
      vertex -11.4044 52.4932 22.8
      vertex -11.6263 54.1786 22.8
      vertex -11.3 54.2 22.8
    endloop
  endfacet
  facet normal 0 0 -1
    outer loop
      vertex -12.2567 54.0097 22.8
      vertex -11.6061 52.4391 22.8
      vertex -11.7 52.3928 22.8
    endloop
  endfacet
  facet normal 0 0 -1
    outer loop
      vertex -12.55 53.8651 22.8
      vertex -11.7 52.3928 22.8
      vertex -11.787 52.3347 22.8
    endloop
  endfacet
  facet normal 0 0 -1
    outer loop
      vertex -12.8219 53.6834 22.8
      vertex -11.787 52.3347 22.8
      vertex -11.8657 52.2657 22.8
    endloop
  endfacet
  facet normal 0 0 -1
    outer loop
      vertex -13.0678 53.4678 22.8
      vertex -11.8657 52.2657 22.8
      vertex -11.9347 52.187 22.8
    endloop
  endfacet
  facet normal 0 0 -1
    outer loop
      vertex -11.5071 52.4727 22.8
      vertex -11.947 54.1148 22.8
      vertex -11.6263 54.1786 22.8
    endloop
  endfacet
  facet normal 0 0 -1
    outer loop
      vertex -13.2834 53.2219 22.8
      vertex -11.9347 52.187 22.8
      vertex -11.9928 52.1 22.8
    endloop
  endfacet
  facet normal 0 0 -1
    outer loop
      vertex -13.4651 52.95 22.8
      vertex -11.9928 52.1 22.8
      vertex -12.0391 52.0061 22.8
    endloop
  endfacet
  facet normal 0 0 -1
    outer loop
      vertex -13.6097 52.6567 22.8
      vertex -12.0391 52.0061 22.8
      vertex -12.0727 51.9071 22.8
    endloop
  endfacet
  facet normal 0 0 -1
    outer loop
      vertex -13.7148 52.347 22.8
      vertex -12.0727 51.9071 22.8
      vertex -12.0932 51.8044 22.8
    endloop
  endfacet
  facet normal 0 0 -1
    outer loop
      vertex -13.7786 52.0263 22.8
      vertex -12.0932 51.8044 22.8
      vertex -12.1 51.7 22.8
    endloop
  endfacet
  facet normal 0 0 -1
    outer loop
      vertex -13.4651 50.45 22.8
      vertex -11.9928 51.3 22.8
      vertex -13.2834 50.1781 22.8
    endloop
  endfacet
  facet normal 0 0 -1
    outer loop
      vertex -11.6061 52.4391 22.8
      vertex -12.2567 54.0097 22.8
      vertex -11.947 54.1148 22.8
    endloop
  endfacet
  facet normal -0 0 -1
    outer loop
      vertex -11.9928 51.3 22.8
      vertex -13.4651 50.45 22.8
      vertex -12.0391 51.3939 22.8
    endloop
  endfacet
  facet normal 0 0 -1
    outer loop
      vertex -11.7 52.3928 22.8
      vertex -12.55 53.8651 22.8
      vertex -12.2567 54.0097 22.8
    endloop
  endfacet
  facet normal 0 0 -1
    outer loop
      vertex -13.6097 50.7433 22.8
      vertex -12.0391 51.3939 22.8
      vertex -13.4651 50.45 22.8
    endloop
  endfacet
  facet normal 0 0 -1
    outer loop
      vertex -11.787 52.3347 22.8
      vertex -12.8219 53.6834 22.8
      vertex -12.55 53.8651 22.8
    endloop
  endfacet
  facet normal -0 0 -1
    outer loop
      vertex -12.0391 51.3939 22.8
      vertex -13.6097 50.7433 22.8
      vertex -12.0727 51.4929 22.8
    endloop
  endfacet
  facet normal 0 0 -1
    outer loop
      vertex -11.8657 52.2657 22.8
      vertex -13.0678 53.4678 22.8
      vertex -12.8219 53.6834 22.8
    endloop
  endfacet
  facet normal 0 0 -1
    outer loop
      vertex -13.7148 51.053 22.8
      vertex -12.0727 51.4929 22.8
      vertex -13.6097 50.7433 22.8
    endloop
  endfacet
  facet normal 0 0 -1
    outer loop
      vertex -11.9347 52.187 22.8
      vertex -13.2834 53.2219 22.8
      vertex -13.0678 53.4678 22.8
    endloop
  endfacet
  facet normal -0 0 -1
    outer loop
      vertex -12.0727 51.4929 22.8
      vertex -13.7148 51.053 22.8
      vertex -12.0932 51.5956 22.8
    endloop
  endfacet
  facet normal 0 0 -1
    outer loop
      vertex -11.9928 52.1 22.8
      vertex -13.4651 52.95 22.8
      vertex -13.2834 53.2219 22.8
    endloop
  endfacet
  facet normal 0 0 -1
    outer loop
      vertex -13.7786 51.3737 22.8
      vertex -12.0932 51.5956 22.8
      vertex -13.7148 51.053 22.8
    endloop
  endfacet
  facet normal 0 0 -1
    outer loop
      vertex -12.0391 52.0061 22.8
      vertex -13.6097 52.6567 22.8
      vertex -13.4651 52.95 22.8
    endloop
  endfacet
  facet normal -0 0 -1
    outer loop
      vertex -12.0932 51.5956 22.8
      vertex -13.7786 51.3737 22.8
      vertex -12.1 51.7 22.8
    endloop
  endfacet
  facet normal 0 0 -1
    outer loop
      vertex -12.0727 51.9071 22.8
      vertex -13.7148 52.347 22.8
      vertex -13.6097 52.6567 22.8
    endloop
  endfacet
  facet normal 0 0 -1
    outer loop
      vertex -13.8 51.7 22.8
      vertex -12.1 51.7 22.8
      vertex -13.7786 51.3737 22.8
    endloop
  endfacet
  facet normal 0 0 -1
    outer loop
      vertex -12.0932 51.8044 22.8
      vertex -13.7786 52.0263 22.8
      vertex -13.7148 52.347 22.8
    endloop
  endfacet
  facet normal 0 0 -1
    outer loop
      vertex -12.1 51.7 22.8
      vertex -13.8 51.7 22.8
      vertex -13.7786 52.0263 22.8
    endloop
  endfacet
  facet normal 0.442191 0.896921 -0
    outer loop
      vertex -10.05 53.8651 22.8
      vertex -10.3433 54.0097 24.2
      vertex -10.05 53.8651 24.2
    endloop
  endfacet
  facet normal 0.442191 0.896921 0
    outer loop
      vertex -10.3433 54.0097 24.2
      vertex -10.05 53.8651 22.8
      vertex -10.3433 54.0097 22.8
    endloop
  endfacet
  facet normal -0.751913 -0.659262 0
    outer loop
      vertex -13.0678 49.9322 22.8
      vertex -13.2834 50.1781 24.2
      vertex -13.2834 50.1781 22.8
    endloop
  endfacet
  facet normal -0.751913 -0.659262 0
    outer loop
      vertex -13.2834 50.1781 24.2
      vertex -13.0678 49.9322 22.8
      vertex -13.0678 49.9322 24.2
    endloop
  endfacet
  facet normal 0.0654432 -0.997856 0
    outer loop
      vertex -11.3 49.2 22.8
      vertex -10.9737 49.2214 24.2
      vertex -11.3 49.2 24.2
    endloop
  endfacet
  facet normal 0.0654432 -0.997856 0
    outer loop
      vertex -10.9737 49.2214 24.2
      vertex -11.3 49.2 22.8
      vertex -10.9737 49.2214 22.8
    endloop
  endfacet
  facet normal 0.555617 0.831438 -0
    outer loop
      vertex -9.7781 53.6834 22.8
      vertex -10.05 53.8651 24.2
      vertex -9.7781 53.6834 24.2
    endloop
  endfacet
  facet normal 0.555617 0.831438 0
    outer loop
      vertex -10.05 53.8651 24.2
      vertex -9.7781 53.6834 22.8
      vertex -10.05 53.8651 22.8
    endloop
  endfacet
  facet normal -0.442191 0.896921 0
    outer loop
      vertex -12.2567 54.0097 22.8
      vertex -12.55 53.8651 24.2
      vertex -12.2567 54.0097 24.2
    endloop
  endfacet
  facet normal -0.442191 0.896921 0
    outer loop
      vertex -12.55 53.8651 24.2
      vertex -12.2567 54.0097 22.8
      vertex -12.55 53.8651 22.8
    endloop
  endfacet
  facet normal -0.0654432 0.997856 0
    outer loop
      vertex -11.3 54.2 22.8
      vertex -11.6263 54.1786 24.2
      vertex -11.3 54.2 24.2
    endloop
  endfacet
  facet normal -0.0654432 0.997856 0
    outer loop
      vertex -11.6263 54.1786 24.2
      vertex -11.3 54.2 22.8
      vertex -11.6263 54.1786 22.8
    endloop
  endfacet
  facet normal -0.659262 0.751913 0
    outer loop
      vertex -12.8219 53.6834 22.8
      vertex -13.0678 53.4678 24.2
      vertex -12.8219 53.6834 24.2
    endloop
  endfacet
  facet normal -0.659262 0.751913 0
    outer loop
      vertex -13.0678 53.4678 24.2
      vertex -12.8219 53.6834 22.8
      vertex -13.0678 53.4678 22.8
    endloop
  endfacet
  facet normal -0.195116 -0.98078 0
    outer loop
      vertex -11.947 49.2852 22.8
      vertex -11.6263 49.2214 24.2
      vertex -11.947 49.2852 24.2
    endloop
  endfacet
  facet normal -0.195116 -0.98078 -0
    outer loop
      vertex -11.6263 49.2214 24.2
      vertex -11.947 49.2852 22.8
      vertex -11.6263 49.2214 22.8
    endloop
  endfacet
  facet normal -0.442191 -0.896921 0
    outer loop
      vertex -12.55 49.5349 22.8
      vertex -12.2567 49.3903 24.2
      vertex -12.55 49.5349 24.2
    endloop
  endfacet
  facet normal -0.442191 -0.896921 -0
    outer loop
      vertex -12.2567 49.3903 24.2
      vertex -12.55 49.5349 22.8
      vertex -12.2567 49.3903 22.8
    endloop
  endfacet
  facet normal -0.896921 -0.442191 0
    outer loop
      vertex -13.4651 50.45 22.8
      vertex -13.6097 50.7433 24.2
      vertex -13.6097 50.7433 22.8
    endloop
  endfacet
  facet normal -0.896921 -0.442191 0
    outer loop
      vertex -13.6097 50.7433 24.2
      vertex -13.4651 50.45 22.8
      vertex -13.4651 50.45 24.2
    endloop
  endfacet
  facet normal -0.659262 -0.751913 0
    outer loop
      vertex -13.0678 49.9322 22.8
      vertex -12.8219 49.7166 24.2
      vertex -13.0678 49.9322 24.2
    endloop
  endfacet
  facet normal -0.659262 -0.751913 -0
    outer loop
      vertex -12.8219 49.7166 24.2
      vertex -13.0678 49.9322 22.8
      vertex -12.8219 49.7166 22.8
    endloop
  endfacet
  facet normal 0.195116 0.98078 -0
    outer loop
      vertex -10.653 54.1148 22.8
      vertex -10.9737 54.1786 24.2
      vertex -10.653 54.1148 24.2
    endloop
  endfacet
  facet normal 0.195116 0.98078 0
    outer loop
      vertex -10.9737 54.1786 24.2
      vertex -10.653 54.1148 22.8
      vertex -10.9737 54.1786 22.8
    endloop
  endfacet
  facet normal -0.946957 0.32136 0
    outer loop
      vertex -13.7148 52.347 22.8
      vertex -13.6097 52.6567 24.2
      vertex -13.6097 52.6567 22.8
    endloop
  endfacet
  facet normal -0.946957 0.32136 0
    outer loop
      vertex -13.6097 52.6567 24.2
      vertex -13.7148 52.347 22.8
      vertex -13.7148 52.347 24.2
    endloop
  endfacet
  facet normal 0.831466 0.555575 0
    outer loop
      vertex -9.13494 52.95 24.2
      vertex -9.31662 53.2219 22.8
      vertex -9.31662 53.2219 24.2
    endloop
  endfacet
  facet normal 0.831466 0.555575 0
    outer loop
      vertex -9.31662 53.2219 22.8
      vertex -9.13494 52.95 24.2
      vertex -9.13494 52.95 22.8
    endloop
  endfacet
  facet normal 0.751898 -0.659279 0
    outer loop
      vertex -9.53223 49.9322 24.2
      vertex -9.31662 50.1781 22.8
      vertex -9.31662 50.1781 24.2
    endloop
  endfacet
  facet normal 0.751898 -0.659279 0
    outer loop
      vertex -9.31662 50.1781 22.8
      vertex -9.53223 49.9322 24.2
      vertex -9.53223 49.9322 22.8
    endloop
  endfacet
  facet normal 0.896872 0.44229 0
    outer loop
      vertex -8.9903 52.6567 24.2
      vertex -9.13494 52.95 22.8
      vertex -9.13494 52.95 24.2
    endloop
  endfacet
  facet normal 0.896872 0.44229 0
    outer loop
      vertex -9.13494 52.95 22.8
      vertex -8.9903 52.6567 24.2
      vertex -8.9903 52.6567 22.8
    endloop
  endfacet
  facet normal 0.751898 0.659279 0
    outer loop
      vertex -9.31662 53.2219 24.2
      vertex -9.53223 53.4678 22.8
      vertex -9.53223 53.4678 24.2
    endloop
  endfacet
  facet normal 0.751898 0.659279 0
    outer loop
      vertex -9.53223 53.4678 22.8
      vertex -9.31662 53.2219 24.2
      vertex -9.31662 53.2219 22.8
    endloop
  endfacet
  facet normal 0.0654432 0.997856 -0
    outer loop
      vertex -10.9737 54.1786 22.8
      vertex -11.3 54.2 24.2
      vertex -10.9737 54.1786 24.2
    endloop
  endfacet
  facet normal 0.0654432 0.997856 0
    outer loop
      vertex -11.3 54.2 24.2
      vertex -10.9737 54.1786 22.8
      vertex -11.3 54.2 22.8
    endloop
  endfacet
  facet normal 0.896872 -0.44229 0
    outer loop
      vertex -9.13494 50.45 24.2
      vertex -8.9903 50.7433 22.8
      vertex -8.9903 50.7433 24.2
    endloop
  endfacet
  facet normal 0.896872 -0.44229 0
    outer loop
      vertex -8.9903 50.7433 22.8
      vertex -9.13494 50.45 24.2
      vertex -9.13494 50.45 22.8
    endloop
  endfacet
  facet normal -0.32136 -0.946957 0
    outer loop
      vertex -12.2567 49.3903 22.8
      vertex -11.947 49.2852 24.2
      vertex -12.2567 49.3903 24.2
    endloop
  endfacet
  facet normal -0.32136 -0.946957 -0
    outer loop
      vertex -11.947 49.2852 24.2
      vertex -12.2567 49.3903 22.8
      vertex -11.947 49.2852 22.8
    endloop
  endfacet
  facet normal 0.442191 -0.896921 0
    outer loop
      vertex -10.3433 49.3903 22.8
      vertex -10.05 49.5349 24.2
      vertex -10.3433 49.3903 24.2
    endloop
  endfacet
  facet normal 0.442191 -0.896921 0
    outer loop
      vertex -10.05 49.5349 24.2
      vertex -10.3433 49.3903 22.8
      vertex -10.05 49.5349 22.8
    endloop
  endfacet
  facet normal 0.32136 -0.946957 0
    outer loop
      vertex -10.653 49.2852 22.8
      vertex -10.3433 49.3903 24.2
      vertex -10.653 49.2852 24.2
    endloop
  endfacet
  facet normal 0.32136 -0.946957 0
    outer loop
      vertex -10.3433 49.3903 24.2
      vertex -10.653 49.2852 22.8
      vertex -10.3433 49.3903 22.8
    endloop
  endfacet
  facet normal -0.555617 -0.831438 0
    outer loop
      vertex -12.8219 49.7166 22.8
      vertex -12.55 49.5349 24.2
      vertex -12.8219 49.7166 24.2
    endloop
  endfacet
  facet normal -0.555617 -0.831438 -0
    outer loop
      vertex -12.55 49.5349 24.2
      vertex -12.8219 49.7166 22.8
      vertex -12.55 49.5349 22.8
    endloop
  endfacet
  facet normal 0.831609 -0.555362 0
    outer loop
      vertex -11.9928 52.1 24.2
      vertex -11.9347 52.187 22.8
      vertex -11.9347 52.187 24.2
    endloop
  endfacet
  facet normal 0.831609 -0.555362 0
    outer loop
      vertex -11.9347 52.187 22.8
      vertex -11.9928 52.1 24.2
      vertex -11.9928 52.1 22.8
    endloop
  endfacet
  facet normal 0.831609 0.555362 0
    outer loop
      vertex -11.9347 51.213 24.2
      vertex -11.9928 51.3 22.8
      vertex -11.9928 51.3 24.2
    endloop
  endfacet
  facet normal 0.831609 0.555362 0
    outer loop
      vertex -11.9928 51.3 22.8
      vertex -11.9347 51.213 24.2
      vertex -11.9347 51.213 22.8
    endloop
  endfacet
  facet normal 0.751925 0.659248 0
    outer loop
      vertex -11.8657 51.1343 24.2
      vertex -11.9347 51.213 22.8
      vertex -11.9347 51.213 24.2
    endloop
  endfacet
  facet normal 0.751925 0.659248 0
    outer loop
      vertex -11.9347 51.213 22.8
      vertex -11.8657 51.1343 24.2
      vertex -11.8657 51.1343 22.8
    endloop
  endfacet
  facet normal -0.195749 0.980654 0
    outer loop
      vertex -11.0929 50.9273 22.8
      vertex -11.1956 50.9068 24.2
      vertex -11.0929 50.9273 24.2
    endloop
  endfacet
  facet normal -0.195749 0.980654 0
    outer loop
      vertex -11.1956 50.9068 24.2
      vertex -11.0929 50.9273 22.8
      vertex -11.1956 50.9068 22.8
    endloop
  endfacet
  facet normal -0.44224 -0.896897 0
    outer loop
      vertex -10.9939 52.4391 22.8
      vertex -10.9 52.3928 24.2
      vertex -10.9939 52.4391 24.2
    endloop
  endfacet
  facet normal -0.44224 -0.896897 -0
    outer loop
      vertex -10.9 52.3928 24.2
      vertex -10.9939 52.4391 22.8
      vertex -10.9 52.3928 22.8
    endloop
  endfacet
  facet normal -0.555362 -0.831609 0
    outer loop
      vertex -10.9 52.3928 22.8
      vertex -10.813 52.3347 24.2
      vertex -10.9 52.3928 24.2
    endloop
  endfacet
  facet normal -0.555362 -0.831609 -0
    outer loop
      vertex -10.813 52.3347 24.2
      vertex -10.9 52.3928 22.8
      vertex -10.813 52.3347 22.8
    endloop
  endfacet
  facet normal -0.195749 -0.980654 0
    outer loop
      vertex -11.1956 52.4932 22.8
      vertex -11.0929 52.4727 24.2
      vertex -11.1956 52.4932 24.2
    endloop
  endfacet
  facet normal -0.195749 -0.980654 -0
    outer loop
      vertex -11.0929 52.4727 24.2
      vertex -11.1956 52.4932 22.8
      vertex -11.0929 52.4727 22.8
    endloop
  endfacet
  facet normal 0.0649964 -0.997886 0
    outer loop
      vertex -11.4044 52.4932 22.8
      vertex -11.3 52.5 24.2
      vertex -11.4044 52.4932 24.2
    endloop
  endfacet
  facet normal 0.0649964 -0.997886 0
    outer loop
      vertex -11.3 52.5 24.2
      vertex -11.4044 52.4932 22.8
      vertex -11.3 52.5 22.8
    endloop
  endfacet
  facet normal -0.896897 -0.44224 0
    outer loop
      vertex -10.5609 52.0061 22.8
      vertex -10.6072 52.1 24.2
      vertex -10.6072 52.1 22.8
    endloop
  endfacet
  facet normal -0.896897 -0.44224 0
    outer loop
      vertex -10.6072 52.1 24.2
      vertex -10.5609 52.0061 22.8
      vertex -10.5609 52.0061 24.2
    endloop
  endfacet
  facet normal 0.946948 -0.321388 0
    outer loop
      vertex -12.0727 51.9071 24.2
      vertex -12.0391 52.0061 22.8
      vertex -12.0391 52.0061 24.2
    endloop
  endfacet
  facet normal 0.946948 -0.321388 0
    outer loop
      vertex -12.0391 52.0061 22.8
      vertex -12.0727 51.9071 24.2
      vertex -12.0727 51.9071 22.8
    endloop
  endfacet
  facet normal -0.980654 -0.195749 0
    outer loop
      vertex -10.5068 51.8044 22.8
      vertex -10.5273 51.9071 24.2
      vertex -10.5273 51.9071 22.8
    endloop
  endfacet
  facet normal -0.980654 -0.195749 0
    outer loop
      vertex -10.5273 51.9071 24.2
      vertex -10.5068 51.8044 22.8
      vertex -10.5068 51.8044 24.2
    endloop
  endfacet
  facet normal 0.321388 -0.946948 0
    outer loop
      vertex -11.6061 52.4391 22.8
      vertex -11.5071 52.4727 24.2
      vertex -11.6061 52.4391 24.2
    endloop
  endfacet
  facet normal 0.321388 -0.946948 0
    outer loop
      vertex -11.5071 52.4727 24.2
      vertex -11.6061 52.4391 22.8
      vertex -11.5071 52.4727 22.8
    endloop
  endfacet
  facet normal -0.997886 -0.0649964 0
    outer loop
      vertex -10.5 51.7 22.8
      vertex -10.5068 51.8044 24.2
      vertex -10.5068 51.8044 22.8
    endloop
  endfacet
  facet normal -0.997886 -0.0649964 0
    outer loop
      vertex -10.5068 51.8044 24.2
      vertex -10.5 51.7 22.8
      vertex -10.5 51.7 24.2
    endloop
  endfacet
  facet normal 0.555362 -0.831609 0
    outer loop
      vertex -11.787 52.3347 22.8
      vertex -11.7 52.3928 24.2
      vertex -11.787 52.3347 24.2
    endloop
  endfacet
  facet normal 0.555362 -0.831609 0
    outer loop
      vertex -11.7 52.3928 24.2
      vertex -11.787 52.3347 22.8
      vertex -11.7 52.3928 22.8
    endloop
  endfacet
  facet normal -0.555362 0.831609 0
    outer loop
      vertex -10.813 51.0653 22.8
      vertex -10.9 51.0072 24.2
      vertex -10.813 51.0653 24.2
    endloop
  endfacet
  facet normal -0.555362 0.831609 0
    outer loop
      vertex -10.9 51.0072 24.2
      vertex -10.813 51.0653 22.8
      vertex -10.9 51.0072 22.8
    endloop
  endfacet
  facet normal -0.0649964 -0.997886 0
    outer loop
      vertex -11.3 52.5 22.8
      vertex -11.1956 52.4932 24.2
      vertex -11.3 52.5 24.2
    endloop
  endfacet
  facet normal -0.0649964 -0.997886 -0
    outer loop
      vertex -11.1956 52.4932 24.2
      vertex -11.3 52.5 22.8
      vertex -11.1956 52.4932 22.8
    endloop
  endfacet
  facet normal -0.751925 -0.659248 0
    outer loop
      vertex -10.6653 52.187 22.8
      vertex -10.7343 52.2657 24.2
      vertex -10.7343 52.2657 22.8
    endloop
  endfacet
  facet normal -0.751925 -0.659248 0
    outer loop
      vertex -10.7343 52.2657 24.2
      vertex -10.6653 52.187 22.8
      vertex -10.6653 52.187 24.2
    endloop
  endfacet
  facet normal -0.997886 0.0649964 0
    outer loop
      vertex -10.5068 51.5956 22.8
      vertex -10.5 51.7 24.2
      vertex -10.5 51.7 22.8
    endloop
  endfacet
  facet normal -0.997886 0.0649964 0
    outer loop
      vertex -10.5 51.7 24.2
      vertex -10.5068 51.5956 22.8
      vertex -10.5068 51.5956 24.2
    endloop
  endfacet
  facet normal 0.946948 0.321388 0
    outer loop
      vertex -12.0391 51.3939 24.2
      vertex -12.0727 51.4929 22.8
      vertex -12.0727 51.4929 24.2
    endloop
  endfacet
  facet normal 0.946948 0.321388 0
    outer loop
      vertex -12.0727 51.4929 22.8
      vertex -12.0391 51.3939 24.2
      vertex -12.0391 51.3939 22.8
    endloop
  endfacet
  facet normal -0.831609 0.555362 0
    outer loop
      vertex -10.6653 51.213 22.8
      vertex -10.6072 51.3 24.2
      vertex -10.6072 51.3 22.8
    endloop
  endfacet
  facet normal -0.831609 0.555362 0
    outer loop
      vertex -10.6072 51.3 24.2
      vertex -10.6653 51.213 22.8
      vertex -10.6653 51.213 24.2
    endloop
  endfacet
  facet normal -0.831609 -0.555362 0
    outer loop
      vertex -10.6072 52.1 22.8
      vertex -10.6653 52.187 24.2
      vertex -10.6653 52.187 22.8
    endloop
  endfacet
  facet normal -0.831609 -0.555362 0
    outer loop
      vertex -10.6653 52.187 24.2
      vertex -10.6072 52.1 22.8
      vertex -10.6072 52.1 24.2
    endloop
  endfacet
  facet normal 0.44224 -0.896897 0
    outer loop
      vertex -11.7 52.3928 22.8
      vertex -11.6061 52.4391 24.2
      vertex -11.7 52.3928 24.2
    endloop
  endfacet
  facet normal 0.44224 -0.896897 0
    outer loop
      vertex -11.6061 52.4391 24.2
      vertex -11.7 52.3928 22.8
      vertex -11.6061 52.4391 22.8
    endloop
  endfacet
  facet normal 0.751925 -0.659248 0
    outer loop
      vertex -11.9347 52.187 24.2
      vertex -11.8657 52.2657 22.8
      vertex -11.8657 52.2657 24.2
    endloop
  endfacet
  facet normal 0.751925 -0.659248 0
    outer loop
      vertex -11.8657 52.2657 22.8
      vertex -11.9347 52.187 24.2
      vertex -11.9347 52.187 22.8
    endloop
  endfacet
  facet normal 0.896897 0.44224 0
    outer loop
      vertex -11.9928 51.3 24.2
      vertex -12.0391 51.3939 22.8
      vertex -12.0391 51.3939 24.2
    endloop
  endfacet
  facet normal 0.896897 0.44224 0
    outer loop
      vertex -12.0391 51.3939 22.8
      vertex -11.9928 51.3 24.2
      vertex -11.9928 51.3 22.8
    endloop
  endfacet
  facet normal -0.44224 0.896897 0
    outer loop
      vertex -10.9 51.0072 22.8
      vertex -10.9939 50.9609 24.2
      vertex -10.9 51.0072 24.2
    endloop
  endfacet
  facet normal -0.44224 0.896897 0
    outer loop
      vertex -10.9939 50.9609 24.2
      vertex -10.9 51.0072 22.8
      vertex -10.9939 50.9609 22.8
    endloop
  endfacet
  facet normal -0.980654 0.195749 0
    outer loop
      vertex -10.5273 51.4929 22.8
      vertex -10.5068 51.5956 24.2
      vertex -10.5068 51.5956 22.8
    endloop
  endfacet
  facet normal -0.980654 0.195749 0
    outer loop
      vertex -10.5068 51.5956 24.2
      vertex -10.5273 51.4929 22.8
      vertex -10.5273 51.4929 24.2
    endloop
  endfacet
  facet normal -0.896897 0.44224 0
    outer loop
      vertex -10.6072 51.3 22.8
      vertex -10.5609 51.3939 24.2
      vertex -10.5609 51.3939 22.8
    endloop
  endfacet
  facet normal -0.896897 0.44224 0
    outer loop
      vertex -10.5609 51.3939 24.2
      vertex -10.6072 51.3 22.8
      vertex -10.6072 51.3 24.2
    endloop
  endfacet
  facet normal -0.946948 -0.321388 0
    outer loop
      vertex -10.5273 51.9071 22.8
      vertex -10.5609 52.0061 24.2
      vertex -10.5609 52.0061 22.8
    endloop
  endfacet
  facet normal -0.946948 -0.321388 0
    outer loop
      vertex -10.5609 52.0061 24.2
      vertex -10.5273 51.9071 22.8
      vertex -10.5273 51.9071 24.2
    endloop
  endfacet
  facet normal 0.997886 -0.0649964 0
    outer loop
      vertex -12.1 51.7 24.2
      vertex -12.0932 51.8044 22.8
      vertex -12.0932 51.8044 24.2
    endloop
  endfacet
  facet normal 0.997886 -0.0649964 0
    outer loop
      vertex -12.0932 51.8044 22.8
      vertex -12.1 51.7 24.2
      vertex -12.1 51.7 22.8
    endloop
  endfacet
  facet normal -0.321388 -0.946948 0
    outer loop
      vertex -11.0929 52.4727 22.8
      vertex -10.9939 52.4391 24.2
      vertex -11.0929 52.4727 24.2
    endloop
  endfacet
  facet normal -0.321388 -0.946948 -0
    outer loop
      vertex -10.9939 52.4391 24.2
      vertex -11.0929 52.4727 22.8
      vertex -10.9939 52.4391 22.8
    endloop
  endfacet
  facet normal 0.980654 0.195749 0
    outer loop
      vertex -12.0727 51.4929 24.2
      vertex -12.0932 51.5956 22.8
      vertex -12.0932 51.5956 24.2
    endloop
  endfacet
  facet normal 0.980654 0.195749 0
    outer loop
      vertex -12.0932 51.5956 22.8
      vertex -12.0727 51.4929 24.2
      vertex -12.0727 51.4929 22.8
    endloop
  endfacet
  facet normal 0.980654 -0.195749 0
    outer loop
      vertex -12.0932 51.8044 24.2
      vertex -12.0727 51.9071 22.8
      vertex -12.0727 51.9071 24.2
    endloop
  endfacet
  facet normal 0.980654 -0.195749 0
    outer loop
      vertex -12.0727 51.9071 22.8
      vertex -12.0932 51.8044 24.2
      vertex -12.0932 51.8044 22.8
    endloop
  endfacet
  facet normal -0.751925 0.659248 0
    outer loop
      vertex -10.7343 51.1343 22.8
      vertex -10.6653 51.213 24.2
      vertex -10.6653 51.213 22.8
    endloop
  endfacet
  facet normal -0.751925 0.659248 0
    outer loop
      vertex -10.6653 51.213 24.2
      vertex -10.7343 51.1343 22.8
      vertex -10.7343 51.1343 24.2
    endloop
  endfacet
  facet normal -0.659248 -0.751925 0
    outer loop
      vertex -10.813 52.3347 22.8
      vertex -10.7343 52.2657 24.2
      vertex -10.813 52.3347 24.2
    endloop
  endfacet
  facet normal -0.659248 -0.751925 -0
    outer loop
      vertex -10.7343 52.2657 24.2
      vertex -10.813 52.3347 22.8
      vertex -10.7343 52.2657 22.8
    endloop
  endfacet
  facet normal 0.997886 0.0649964 0
    outer loop
      vertex -12.0932 51.5956 24.2
      vertex -12.1 51.7 22.8
      vertex -12.1 51.7 24.2
    endloop
  endfacet
  facet normal 0.997886 0.0649964 0
    outer loop
      vertex -12.1 51.7 22.8
      vertex -12.0932 51.5956 24.2
      vertex -12.0932 51.5956 22.8
    endloop
  endfacet
  facet normal 0.555362 0.831609 -0
    outer loop
      vertex -11.7 51.0072 22.8
      vertex -11.787 51.0653 24.2
      vertex -11.7 51.0072 24.2
    endloop
  endfacet
  facet normal 0.555362 0.831609 0
    outer loop
      vertex -11.787 51.0653 24.2
      vertex -11.7 51.0072 22.8
      vertex -11.787 51.0653 22.8
    endloop
  endfacet
  facet normal 0.659248 -0.751925 0
    outer loop
      vertex -11.8657 52.2657 22.8
      vertex -11.787 52.3347 24.2
      vertex -11.8657 52.2657 24.2
    endloop
  endfacet
  facet normal 0.659248 -0.751925 0
    outer loop
      vertex -11.787 52.3347 24.2
      vertex -11.8657 52.2657 22.8
      vertex -11.787 52.3347 22.8
    endloop
  endfacet
  facet normal 0.0649964 0.997886 -0
    outer loop
      vertex -11.3 50.9 22.8
      vertex -11.4044 50.9068 24.2
      vertex -11.3 50.9 24.2
    endloop
  endfacet
  facet normal 0.0649964 0.997886 0
    outer loop
      vertex -11.4044 50.9068 24.2
      vertex -11.3 50.9 22.8
      vertex -11.4044 50.9068 22.8
    endloop
  endfacet
  facet normal 0.659248 0.751925 -0
    outer loop
      vertex -11.787 51.0653 22.8
      vertex -11.8657 51.1343 24.2
      vertex -11.787 51.0653 24.2
    endloop
  endfacet
  facet normal 0.659248 0.751925 0
    outer loop
      vertex -11.8657 51.1343 24.2
      vertex -11.787 51.0653 22.8
      vertex -11.8657 51.1343 22.8
    endloop
  endfacet
  facet normal -0.321388 0.946948 0
    outer loop
      vertex -10.9939 50.9609 22.8
      vertex -11.0929 50.9273 24.2
      vertex -10.9939 50.9609 24.2
    endloop
  endfacet
  facet normal -0.321388 0.946948 0
    outer loop
      vertex -11.0929 50.9273 24.2
      vertex -10.9939 50.9609 22.8
      vertex -11.0929 50.9273 22.8
    endloop
  endfacet
  facet normal 0.195749 -0.980654 0
    outer loop
      vertex -11.5071 52.4727 22.8
      vertex -11.4044 52.4932 24.2
      vertex -11.5071 52.4727 24.2
    endloop
  endfacet
  facet normal 0.195749 -0.980654 0
    outer loop
      vertex -11.4044 52.4932 24.2
      vertex -11.5071 52.4727 22.8
      vertex -11.4044 52.4932 22.8
    endloop
  endfacet
  facet normal -0.946948 0.321388 0
    outer loop
      vertex -10.5609 51.3939 22.8
      vertex -10.5273 51.4929 24.2
      vertex -10.5273 51.4929 22.8
    endloop
  endfacet
  facet normal -0.946948 0.321388 0
    outer loop
      vertex -10.5273 51.4929 24.2
      vertex -10.5609 51.3939 22.8
      vertex -10.5609 51.3939 24.2
    endloop
  endfacet
  facet normal -0.659248 0.751925 0
    outer loop
      vertex -10.7343 51.1343 22.8
      vertex -10.813 51.0653 24.2
      vertex -10.7343 51.1343 24.2
    endloop
  endfacet
  facet normal -0.659248 0.751925 0
    outer loop
      vertex -10.813 51.0653 24.2
      vertex -10.7343 51.1343 22.8
      vertex -10.813 51.0653 22.8
    endloop
  endfacet
  facet normal 0.195749 0.980654 -0
    outer loop
      vertex -11.4044 50.9068 22.8
      vertex -11.5071 50.9273 24.2
      vertex -11.4044 50.9068 24.2
    endloop
  endfacet
  facet normal 0.195749 0.980654 0
    outer loop
      vertex -11.5071 50.9273 24.2
      vertex -11.4044 50.9068 22.8
      vertex -11.5071 50.9273 22.8
    endloop
  endfacet
  facet normal -0.0649964 0.997886 0
    outer loop
      vertex -11.1956 50.9068 22.8
      vertex -11.3 50.9 24.2
      vertex -11.1956 50.9068 24.2
    endloop
  endfacet
  facet normal -0.0649964 0.997886 0
    outer loop
      vertex -11.3 50.9 24.2
      vertex -11.1956 50.9068 22.8
      vertex -11.3 50.9 22.8
    endloop
  endfacet
  facet normal 0.896897 -0.44224 0
    outer loop
      vertex -12.0391 52.0061 24.2
      vertex -11.9928 52.1 22.8
      vertex -11.9928 52.1 24.2
    endloop
  endfacet
  facet normal 0.896897 -0.44224 0
    outer loop
      vertex -11.9928 52.1 22.8
      vertex -12.0391 52.0061 24.2
      vertex -12.0391 52.0061 22.8
    endloop
  endfacet
  facet normal 0.321388 0.946948 -0
    outer loop
      vertex -11.5071 50.9273 22.8
      vertex -11.6061 50.9609 24.2
      vertex -11.5071 50.9273 24.2
    endloop
  endfacet
  facet normal 0.321388 0.946948 0
    outer loop
      vertex -11.6061 50.9609 24.2
      vertex -11.5071 50.9273 22.8
      vertex -11.6061 50.9609 22.8
    endloop
  endfacet
  facet normal 0.44224 0.896897 -0
    outer loop
      vertex -11.6061 50.9609 22.8
      vertex -11.7 51.0072 24.2
      vertex -11.6061 50.9609 24.2
    endloop
  endfacet
  facet normal 0.44224 0.896897 0
    outer loop
      vertex -11.7 51.0072 24.2
      vertex -11.6061 50.9609 22.8
      vertex -11.7 51.0072 22.8
    endloop
  endfacet
  facet normal 0.98078 -0.195116 0
    outer loop
      vertex 30.1148 51.053 24.2
      vertex 30.1786 51.3737 22.8
      vertex 30.1786 51.3737 24.2
    endloop
  endfacet
  facet normal 0.98078 -0.195116 0
    outer loop
      vertex 30.1786 51.3737 22.8
      vertex 30.1148 51.053 24.2
      vertex 30.1148 51.053 22.8
    endloop
  endfacet
  facet normal 0.98078 0.195116 0
    outer loop
      vertex 30.1786 52.0263 24.2
      vertex 30.1148 52.347 22.8
      vertex 30.1148 52.347 24.2
    endloop
  endfacet
  facet normal 0.98078 0.195116 0
    outer loop
      vertex 30.1148 52.347 22.8
      vertex 30.1786 52.0263 24.2
      vertex 30.1786 52.0263 22.8
    endloop
  endfacet
  facet normal 0.997856 -0.0654432 0
    outer loop
      vertex 30.1786 51.3737 24.2
      vertex 30.2 51.7 22.8
      vertex 30.2 51.7 24.2
    endloop
  endfacet
  facet normal 0.997856 -0.0654432 0
    outer loop
      vertex 30.2 51.7 22.8
      vertex 30.1786 51.3737 24.2
      vertex 30.1786 51.3737 22.8
    endloop
  endfacet
  facet normal 0.32136 0.946957 -0
    outer loop
      vertex 28.6567 54.0097 22.8
      vertex 28.347 54.1148 24.2
      vertex 28.6567 54.0097 24.2
    endloop
  endfacet
  facet normal 0.32136 0.946957 0
    outer loop
      vertex 28.347 54.1148 24.2
      vertex 28.6567 54.0097 22.8
      vertex 28.347 54.1148 22.8
    endloop
  endfacet
  facet normal 0.195116 -0.98078 0
    outer loop
      vertex 28.0263 49.2214 22.8
      vertex 28.347 49.2852 24.2
      vertex 28.0263 49.2214 24.2
    endloop
  endfacet
  facet normal 0.195116 -0.98078 0
    outer loop
      vertex 28.347 49.2852 24.2
      vertex 28.0263 49.2214 22.8
      vertex 28.347 49.2852 22.8
    endloop
  endfacet
  facet normal -0.98078 0.195116 0
    outer loop
      vertex 25.2214 52.0263 22.8
      vertex 25.2852 52.347 24.2
      vertex 25.2852 52.347 22.8
    endloop
  endfacet
  facet normal -0.98078 0.195116 0
    outer loop
      vertex 25.2852 52.347 24.2
      vertex 25.2214 52.0263 22.8
      vertex 25.2214 52.0263 24.2
    endloop
  endfacet
  facet normal -0.831438 -0.555617 0
    outer loop
      vertex 25.7166 50.1781 22.8
      vertex 25.5349 50.45 24.2
      vertex 25.5349 50.45 22.8
    endloop
  endfacet
  facet normal -0.831438 -0.555617 0
    outer loop
      vertex 25.5349 50.45 24.2
      vertex 25.7166 50.1781 22.8
      vertex 25.7166 50.1781 24.2
    endloop
  endfacet
  facet normal -0.997856 0.0654432 0
    outer loop
      vertex 25.2 51.7 22.8
      vertex 25.2214 52.0263 24.2
      vertex 25.2214 52.0263 22.8
    endloop
  endfacet
  facet normal -0.997856 0.0654432 0
    outer loop
      vertex 25.2214 52.0263 24.2
      vertex 25.2 51.7 22.8
      vertex 25.2 51.7 24.2
    endloop
  endfacet
  facet normal 0.659262 -0.751913 0
    outer loop
      vertex 29.2219 49.7166 22.8
      vertex 29.4678 49.9322 24.2
      vertex 29.2219 49.7166 24.2
    endloop
  endfacet
  facet normal 0.659262 -0.751913 0
    outer loop
      vertex 29.4678 49.9322 24.2
      vertex 29.2219 49.7166 22.8
      vertex 29.4678 49.9322 22.8
    endloop
  endfacet
  facet normal 0.997856 0.0654432 0
    outer loop
      vertex 30.2 51.7 24.2
      vertex 30.1786 52.0263 22.8
      vertex 30.1786 52.0263 24.2
    endloop
  endfacet
  facet normal 0.997856 0.0654432 0
    outer loop
      vertex 30.1786 52.0263 22.8
      vertex 30.2 51.7 24.2
      vertex 30.2 51.7 22.8
    endloop
  endfacet
  facet normal 0.659262 0.751913 -0
    outer loop
      vertex 29.4678 53.4678 22.8
      vertex 29.2219 53.6834 24.2
      vertex 29.4678 53.4678 24.2
    endloop
  endfacet
  facet normal 0.659262 0.751913 0
    outer loop
      vertex 29.2219 53.6834 24.2
      vertex 29.4678 53.4678 22.8
      vertex 29.2219 53.6834 22.8
    endloop
  endfacet
  facet normal 0.831438 -0.555617 0
    outer loop
      vertex 29.6834 50.1781 24.2
      vertex 29.8651 50.45 22.8
      vertex 29.8651 50.45 24.2
    endloop
  endfacet
  facet normal 0.831438 -0.555617 0
    outer loop
      vertex 29.8651 50.45 22.8
      vertex 29.6834 50.1781 24.2
      vertex 29.6834 50.1781 22.8
    endloop
  endfacet
  facet normal -0.195116 0.98078 0
    outer loop
      vertex 27.3737 54.1786 22.8
      vertex 27.053 54.1148 24.2
      vertex 27.3737 54.1786 24.2
    endloop
  endfacet
  facet normal -0.195116 0.98078 0
    outer loop
      vertex 27.053 54.1148 24.2
      vertex 27.3737 54.1786 22.8
      vertex 27.053 54.1148 22.8
    endloop
  endfacet
  facet normal -0.751913 0.659262 0
    outer loop
      vertex 25.7166 53.2219 22.8
      vertex 25.9322 53.4678 24.2
      vertex 25.9322 53.4678 22.8
    endloop
  endfacet
  facet normal -0.751913 0.659262 0
    outer loop
      vertex 25.9322 53.4678 24.2
      vertex 25.7166 53.2219 22.8
      vertex 25.7166 53.2219 24.2
    endloop
  endfacet
  facet normal 0.946957 -0.32136 0
    outer loop
      vertex 30.0097 50.7433 24.2
      vertex 30.1148 51.053 22.8
      vertex 30.1148 51.053 24.2
    endloop
  endfacet
  facet normal 0.946957 -0.32136 0
    outer loop
      vertex 30.1148 51.053 22.8
      vertex 30.0097 50.7433 24.2
      vertex 30.0097 50.7433 22.8
    endloop
  endfacet
  facet normal -0.997856 -0.0654432 0
    outer loop
      vertex 25.2214 51.3737 22.8
      vertex 25.2 51.7 24.2
      vertex 25.2 51.7 22.8
    endloop
  endfacet
  facet normal -0.997856 -0.0654432 0
    outer loop
      vertex 25.2 51.7 24.2
      vertex 25.2214 51.3737 22.8
      vertex 25.2214 51.3737 24.2
    endloop
  endfacet
  facet normal 0.555617 -0.831438 0
    outer loop
      vertex 28.95 49.5349 22.8
      vertex 29.2219 49.7166 24.2
      vertex 28.95 49.5349 24.2
    endloop
  endfacet
  facet normal 0.555617 -0.831438 0
    outer loop
      vertex 29.2219 49.7166 24.2
      vertex 28.95 49.5349 22.8
      vertex 29.2219 49.7166 22.8
    endloop
  endfacet
  facet normal -0.98078 -0.195116 0
    outer loop
      vertex 25.2852 51.053 22.8
      vertex 25.2214 51.3737 24.2
      vertex 25.2214 51.3737 22.8
    endloop
  endfacet
  facet normal -0.98078 -0.195116 0
    outer loop
      vertex 25.2214 51.3737 24.2
      vertex 25.2852 51.053 22.8
      vertex 25.2852 51.053 24.2
    endloop
  endfacet
  facet normal -0.32136 0.946957 0
    outer loop
      vertex 27.053 54.1148 22.8
      vertex 26.7433 54.0097 24.2
      vertex 27.053 54.1148 24.2
    endloop
  endfacet
  facet normal -0.32136 0.946957 0
    outer loop
      vertex 26.7433 54.0097 24.2
      vertex 27.053 54.1148 22.8
      vertex 26.7433 54.0097 22.8
    endloop
  endfacet
  facet normal 0.946957 0.32136 0
    outer loop
      vertex 30.1148 52.347 24.2
      vertex 30.0097 52.6567 22.8
      vertex 30.0097 52.6567 24.2
    endloop
  endfacet
  facet normal 0.946957 0.32136 0
    outer loop
      vertex 30.0097 52.6567 22.8
      vertex 30.1148 52.347 24.2
      vertex 30.1148 52.347 22.8
    endloop
  endfacet
  facet normal -0.831438 0.555617 0
    outer loop
      vertex 25.5349 52.95 22.8
      vertex 25.7166 53.2219 24.2
      vertex 25.7166 53.2219 22.8
    endloop
  endfacet
  facet normal -0.831438 0.555617 0
    outer loop
      vertex 25.7166 53.2219 24.2
      vertex 25.5349 52.95 22.8
      vertex 25.5349 52.95 24.2
    endloop
  endfacet
  facet normal -0.555617 0.831438 0
    outer loop
      vertex 26.45 53.8651 22.8
      vertex 26.1781 53.6834 24.2
      vertex 26.45 53.8651 24.2
    endloop
  endfacet
  facet normal -0.555617 0.831438 0
    outer loop
      vertex 26.1781 53.6834 24.2
      vertex 26.45 53.8651 22.8
      vertex 26.1781 53.6834 22.8
    endloop
  endfacet
  facet normal -0.946957 -0.32136 0
    outer loop
      vertex 25.3903 50.7433 22.8
      vertex 25.2852 51.053 24.2
      vertex 25.2852 51.053 22.8
    endloop
  endfacet
  facet normal -0.946957 -0.32136 0
    outer loop
      vertex 25.2852 51.053 24.2
      vertex 25.3903 50.7433 22.8
      vertex 25.3903 50.7433 24.2
    endloop
  endfacet
  facet normal -0.896921 0.442191 0
    outer loop
      vertex 25.3903 52.6567 22.8
      vertex 25.5349 52.95 24.2
      vertex 25.5349 52.95 22.8
    endloop
  endfacet
  facet normal -0.896921 0.442191 0
    outer loop
      vertex 25.5349 52.95 24.2
      vertex 25.3903 52.6567 22.8
      vertex 25.3903 52.6567 24.2
    endloop
  endfacet
  facet normal 0 0 -1
    outer loop
      vertex 28.5 51.7 22.8
      vertex 30.2 51.7 22.8
      vertex 30.1786 51.3737 22.8
    endloop
  endfacet
  facet normal 0 0 -1
    outer loop
      vertex 28.4932 51.5956 22.8
      vertex 30.1786 51.3737 22.8
      vertex 30.1148 51.053 22.8
    endloop
  endfacet
  facet normal 0 0 -1
    outer loop
      vertex 30.2 51.7 22.8
      vertex 28.5 51.7 22.8
      vertex 30.1786 52.0263 22.8
    endloop
  endfacet
  facet normal 0 0 -1
    outer loop
      vertex 28.4727 51.4929 22.8
      vertex 30.1148 51.053 22.8
      vertex 30.0097 50.7433 22.8
    endloop
  endfacet
  facet normal 0 0 -1
    outer loop
      vertex 28.4932 51.8044 22.8
      vertex 30.1786 52.0263 22.8
      vertex 28.5 51.7 22.8
    endloop
  endfacet
  facet normal 0 0 -1
    outer loop
      vertex 28.4391 51.3939 22.8
      vertex 30.0097 50.7433 22.8
      vertex 29.8651 50.45 22.8
    endloop
  endfacet
  facet normal -0 0 -1
    outer loop
      vertex 30.1786 52.0263 22.8
      vertex 28.4932 51.8044 22.8
      vertex 30.1148 52.347 22.8
    endloop
  endfacet
  facet normal 0 0 -1
    outer loop
      vertex 28.3928 51.3 22.8
      vertex 29.8651 50.45 22.8
      vertex 29.6834 50.1781 22.8
    endloop
  endfacet
  facet normal 0 0 -1
    outer loop
      vertex 28.4727 51.9071 22.8
      vertex 30.1148 52.347 22.8
      vertex 28.4932 51.8044 22.8
    endloop
  endfacet
  facet normal 0 0 -1
    outer loop
      vertex 28.3347 51.213 22.8
      vertex 29.6834 50.1781 22.8
      vertex 29.4678 49.9322 22.8
    endloop
  endfacet
  facet normal -0 0 -1
    outer loop
      vertex 30.1148 52.347 22.8
      vertex 28.4727 51.9071 22.8
      vertex 30.0097 52.6567 22.8
    endloop
  endfacet
  facet normal 0 0 -1
    outer loop
      vertex 28.2657 51.1343 22.8
      vertex 29.4678 49.9322 22.8
      vertex 29.2219 49.7166 22.8
    endloop
  endfacet
  facet normal 0 0 -1
    outer loop
      vertex 28.4391 52.0061 22.8
      vertex 30.0097 52.6567 22.8
      vertex 28.4727 51.9071 22.8
    endloop
  endfacet
  facet normal 0 0 -1
    outer loop
      vertex 28.187 51.0653 22.8
      vertex 29.2219 49.7166 22.8
      vertex 28.95 49.5349 22.8
    endloop
  endfacet
  facet normal -0 0 -1
    outer loop
      vertex 30.0097 52.6567 22.8
      vertex 28.4391 52.0061 22.8
      vertex 29.8651 52.95 22.8
    endloop
  endfacet
  facet normal 0 0 -1
    outer loop
      vertex 28.1 51.0072 22.8
      vertex 28.95 49.5349 22.8
      vertex 28.6567 49.3903 22.8
    endloop
  endfacet
  facet normal 0 0 -1
    outer loop
      vertex 28.3928 52.1 22.8
      vertex 29.8651 52.95 22.8
      vertex 28.4391 52.0061 22.8
    endloop
  endfacet
  facet normal -0 0 -1
    outer loop
      vertex 29.8651 52.95 22.8
      vertex 28.3928 52.1 22.8
      vertex 29.6834 53.2219 22.8
    endloop
  endfacet
  facet normal 0 0 -1
    outer loop
      vertex 30.1786 51.3737 22.8
      vertex 28.4932 51.5956 22.8
      vertex 28.5 51.7 22.8
    endloop
  endfacet
  facet normal 0 0 -1
    outer loop
      vertex 30.1148 51.053 22.8
      vertex 28.4727 51.4929 22.8
      vertex 28.4932 51.5956 22.8
    endloop
  endfacet
  facet normal 0 0 -1
    outer loop
      vertex 30.0097 50.7433 22.8
      vertex 28.4391 51.3939 22.8
      vertex 28.4727 51.4929 22.8
    endloop
  endfacet
  facet normal 0 0 -1
    outer loop
      vertex 29.8651 50.45 22.8
      vertex 28.3928 51.3 22.8
      vertex 28.4391 51.3939 22.8
    endloop
  endfacet
  facet normal 0 0 -1
    outer loop
      vertex 28.0061 50.9609 22.8
      vertex 28.6567 49.3903 22.8
      vertex 28.347 49.2852 22.8
    endloop
  endfacet
  facet normal 0 0 -1
    outer loop
      vertex 29.6834 50.1781 22.8
      vertex 28.3347 51.213 22.8
      vertex 28.3928 51.3 22.8
    endloop
  endfacet
  facet normal 0 0 -1
    outer loop
      vertex 29.4678 49.9322 22.8
      vertex 28.2657 51.1343 22.8
      vertex 28.3347 51.213 22.8
    endloop
  endfacet
  facet normal 0 0 -1
    outer loop
      vertex 29.2219 49.7166 22.8
      vertex 28.187 51.0653 22.8
      vertex 28.2657 51.1343 22.8
    endloop
  endfacet
  facet normal 0 0 -1
    outer loop
      vertex 28.95 49.5349 22.8
      vertex 28.1 51.0072 22.8
      vertex 28.187 51.0653 22.8
    endloop
  endfacet
  facet normal 0 0 -1
    outer loop
      vertex 27.9071 50.9273 22.8
      vertex 28.347 49.2852 22.8
      vertex 28.0263 49.2214 22.8
    endloop
  endfacet
  facet normal 0 0 -1
    outer loop
      vertex 28.6567 49.3903 22.8
      vertex 28.0061 50.9609 22.8
      vertex 28.1 51.0072 22.8
    endloop
  endfacet
  facet normal 0 0 -1
    outer loop
      vertex 28.347 49.2852 22.8
      vertex 27.9071 50.9273 22.8
      vertex 28.0061 50.9609 22.8
    endloop
  endfacet
  facet normal 0 0 -1
    outer loop
      vertex 28.0263 49.2214 22.8
      vertex 27.8044 50.9068 22.8
      vertex 27.9071 50.9273 22.8
    endloop
  endfacet
  facet normal 0 0 -1
    outer loop
      vertex 27.7 49.2 22.8
      vertex 27.8044 50.9068 22.8
      vertex 28.0263 49.2214 22.8
    endloop
  endfacet
  facet normal 0 0 -1
    outer loop
      vertex 27.7 49.2 22.8
      vertex 27.7 50.9 22.8
      vertex 27.8044 50.9068 22.8
    endloop
  endfacet
  facet normal 0 0 -1
    outer loop
      vertex 27.7 49.2 22.8
      vertex 27.5956 50.9068 22.8
      vertex 27.7 50.9 22.8
    endloop
  endfacet
  facet normal 0 0 -1
    outer loop
      vertex 27.3737 49.2214 22.8
      vertex 27.5956 50.9068 22.8
      vertex 27.7 49.2 22.8
    endloop
  endfacet
  facet normal -0 0 -1
    outer loop
      vertex 27.5956 50.9068 22.8
      vertex 27.3737 49.2214 22.8
      vertex 27.4929 50.9273 22.8
    endloop
  endfacet
  facet normal 0 0 -1
    outer loop
      vertex 27.053 49.2852 22.8
      vertex 27.4929 50.9273 22.8
      vertex 27.3737 49.2214 22.8
    endloop
  endfacet
  facet normal -0 0 -1
    outer loop
      vertex 27.4929 50.9273 22.8
      vertex 27.053 49.2852 22.8
      vertex 27.3939 50.9609 22.8
    endloop
  endfacet
  facet normal 0 0 -1
    outer loop
      vertex 26.7433 49.3903 22.8
      vertex 27.3939 50.9609 22.8
      vertex 27.053 49.2852 22.8
    endloop
  endfacet
  facet normal -0 0 -1
    outer loop
      vertex 27.3939 50.9609 22.8
      vertex 26.7433 49.3903 22.8
      vertex 27.3 51.0072 22.8
    endloop
  endfacet
  facet normal 0 0 -1
    outer loop
      vertex 26.45 49.5349 22.8
      vertex 27.3 51.0072 22.8
      vertex 26.7433 49.3903 22.8
    endloop
  endfacet
  facet normal -0 0 -1
    outer loop
      vertex 27.3 51.0072 22.8
      vertex 26.45 49.5349 22.8
      vertex 27.213 51.0653 22.8
    endloop
  endfacet
  facet normal 0 0 -1
    outer loop
      vertex 26.1781 49.7166 22.8
      vertex 27.213 51.0653 22.8
      vertex 26.45 49.5349 22.8
    endloop
  endfacet
  facet normal -0 0 -1
    outer loop
      vertex 27.213 51.0653 22.8
      vertex 26.1781 49.7166 22.8
      vertex 27.1343 51.1343 22.8
    endloop
  endfacet
  facet normal 0 0 -1
    outer loop
      vertex 25.9322 49.9322 22.8
      vertex 27.1343 51.1343 22.8
      vertex 26.1781 49.7166 22.8
    endloop
  endfacet
  facet normal -0 0 -1
    outer loop
      vertex 27.1343 51.1343 22.8
      vertex 25.9322 49.9322 22.8
      vertex 27.0653 51.213 22.8
    endloop
  endfacet
  facet normal 0 0 -1
    outer loop
      vertex 25.7166 50.1781 22.8
      vertex 27.0653 51.213 22.8
      vertex 25.9322 49.9322 22.8
    endloop
  endfacet
  facet normal -0 0 -1
    outer loop
      vertex 27.0653 51.213 22.8
      vertex 25.7166 50.1781 22.8
      vertex 27.0072 51.3 22.8
    endloop
  endfacet
  facet normal 0 0 -1
    outer loop
      vertex 28.3347 52.187 22.8
      vertex 29.6834 53.2219 22.8
      vertex 28.3928 52.1 22.8
    endloop
  endfacet
  facet normal -0 0 -1
    outer loop
      vertex 29.6834 53.2219 22.8
      vertex 28.3347 52.187 22.8
      vertex 29.4678 53.4678 22.8
    endloop
  endfacet
  facet normal 0 0 -1
    outer loop
      vertex 28.2657 52.2657 22.8
      vertex 29.4678 53.4678 22.8
      vertex 28.3347 52.187 22.8
    endloop
  endfacet
  facet normal -0 0 -1
    outer loop
      vertex 29.4678 53.4678 22.8
      vertex 28.2657 52.2657 22.8
      vertex 29.2219 53.6834 22.8
    endloop
  endfacet
  facet normal 0 0 -1
    outer loop
      vertex 28.187 52.3347 22.8
      vertex 29.2219 53.6834 22.8
      vertex 28.2657 52.2657 22.8
    endloop
  endfacet
  facet normal -0 0 -1
    outer loop
      vertex 29.2219 53.6834 22.8
      vertex 28.187 52.3347 22.8
      vertex 28.95 53.8651 22.8
    endloop
  endfacet
  facet normal 0 0 -1
    outer loop
      vertex 28.1 52.3928 22.8
      vertex 28.95 53.8651 22.8
      vertex 28.187 52.3347 22.8
    endloop
  endfacet
  facet normal -0 0 -1
    outer loop
      vertex 28.95 53.8651 22.8
      vertex 28.1 52.3928 22.8
      vertex 28.6567 54.0097 22.8
    endloop
  endfacet
  facet normal 0 0 -1
    outer loop
      vertex 28.0061 52.4391 22.8
      vertex 28.6567 54.0097 22.8
      vertex 28.1 52.3928 22.8
    endloop
  endfacet
  facet normal -0 0 -1
    outer loop
      vertex 28.6567 54.0097 22.8
      vertex 28.0061 52.4391 22.8
      vertex 28.347 54.1148 22.8
    endloop
  endfacet
  facet normal 0 0 -1
    outer loop
      vertex 27.9071 52.4727 22.8
      vertex 28.347 54.1148 22.8
      vertex 28.0061 52.4391 22.8
    endloop
  endfacet
  facet normal -0 0 -1
    outer loop
      vertex 28.347 54.1148 22.8
      vertex 27.9071 52.4727 22.8
      vertex 28.0263 54.1786 22.8
    endloop
  endfacet
  facet normal 0 0 -1
    outer loop
      vertex 27.8044 52.4932 22.8
      vertex 28.0263 54.1786 22.8
      vertex 27.9071 52.4727 22.8
    endloop
  endfacet
  facet normal 0 0 -1
    outer loop
      vertex 27.7 52.5 22.8
      vertex 28.0263 54.1786 22.8
      vertex 27.8044 52.4932 22.8
    endloop
  endfacet
  facet normal 0 0 -1
    outer loop
      vertex 27.7 52.5 22.8
      vertex 27.7 54.2 22.8
      vertex 28.0263 54.1786 22.8
    endloop
  endfacet
  facet normal 0 0 -1
    outer loop
      vertex 27.5956 52.4932 22.8
      vertex 27.7 54.2 22.8
      vertex 27.7 52.5 22.8
    endloop
  endfacet
  facet normal 0 0 -1
    outer loop
      vertex 27.3737 54.1786 22.8
      vertex 27.5956 52.4932 22.8
      vertex 27.4929 52.4727 22.8
    endloop
  endfacet
  facet normal 0 0 -1
    outer loop
      vertex 27.053 54.1148 22.8
      vertex 27.4929 52.4727 22.8
      vertex 27.3939 52.4391 22.8
    endloop
  endfacet
  facet normal 0 0 -1
    outer loop
      vertex 27.5956 52.4932 22.8
      vertex 27.3737 54.1786 22.8
      vertex 27.7 54.2 22.8
    endloop
  endfacet
  facet normal 0 0 -1
    outer loop
      vertex 26.7433 54.0097 22.8
      vertex 27.3939 52.4391 22.8
      vertex 27.3 52.3928 22.8
    endloop
  endfacet
  facet normal 0 0 -1
    outer loop
      vertex 26.45 53.8651 22.8
      vertex 27.3 52.3928 22.8
      vertex 27.213 52.3347 22.8
    endloop
  endfacet
  facet normal 0 0 -1
    outer loop
      vertex 26.1781 53.6834 22.8
      vertex 27.213 52.3347 22.8
      vertex 27.1343 52.2657 22.8
    endloop
  endfacet
  facet normal 0 0 -1
    outer loop
      vertex 25.9322 53.4678 22.8
      vertex 27.1343 52.2657 22.8
      vertex 27.0653 52.187 22.8
    endloop
  endfacet
  facet normal 0 0 -1
    outer loop
      vertex 27.4929 52.4727 22.8
      vertex 27.053 54.1148 22.8
      vertex 27.3737 54.1786 22.8
    endloop
  endfacet
  facet normal 0 0 -1
    outer loop
      vertex 25.7166 53.2219 22.8
      vertex 27.0653 52.187 22.8
      vertex 27.0072 52.1 22.8
    endloop
  endfacet
  facet normal 0 0 -1
    outer loop
      vertex 25.5349 52.95 22.8
      vertex 27.0072 52.1 22.8
      vertex 26.9609 52.0061 22.8
    endloop
  endfacet
  facet normal 0 0 -1
    outer loop
      vertex 25.3903 52.6567 22.8
      vertex 26.9609 52.0061 22.8
      vertex 26.9273 51.9071 22.8
    endloop
  endfacet
  facet normal 0 0 -1
    outer loop
      vertex 25.2852 52.347 22.8
      vertex 26.9273 51.9071 22.8
      vertex 26.9068 51.8044 22.8
    endloop
  endfacet
  facet normal 0 0 -1
    outer loop
      vertex 25.2214 52.0263 22.8
      vertex 26.9068 51.8044 22.8
      vertex 26.9 51.7 22.8
    endloop
  endfacet
  facet normal 0 0 -1
    outer loop
      vertex 25.5349 50.45 22.8
      vertex 27.0072 51.3 22.8
      vertex 25.7166 50.1781 22.8
    endloop
  endfacet
  facet normal 0 0 -1
    outer loop
      vertex 27.3939 52.4391 22.8
      vertex 26.7433 54.0097 22.8
      vertex 27.053 54.1148 22.8
    endloop
  endfacet
  facet normal -0 0 -1
    outer loop
      vertex 27.0072 51.3 22.8
      vertex 25.5349 50.45 22.8
      vertex 26.9609 51.3939 22.8
    endloop
  endfacet
  facet normal 0 0 -1
    outer loop
      vertex 27.3 52.3928 22.8
      vertex 26.45 53.8651 22.8
      vertex 26.7433 54.0097 22.8
    endloop
  endfacet
  facet normal 0 0 -1
    outer loop
      vertex 25.3903 50.7433 22.8
      vertex 26.9609 51.3939 22.8
      vertex 25.5349 50.45 22.8
    endloop
  endfacet
  facet normal 0 0 -1
    outer loop
      vertex 27.213 52.3347 22.8
      vertex 26.1781 53.6834 22.8
      vertex 26.45 53.8651 22.8
    endloop
  endfacet
  facet normal -0 0 -1
    outer loop
      vertex 26.9609 51.3939 22.8
      vertex 25.3903 50.7433 22.8
      vertex 26.9273 51.4929 22.8
    endloop
  endfacet
  facet normal 0 0 -1
    outer loop
      vertex 27.1343 52.2657 22.8
      vertex 25.9322 53.4678 22.8
      vertex 26.1781 53.6834 22.8
    endloop
  endfacet
  facet normal 0 0 -1
    outer loop
      vertex 25.2852 51.053 22.8
      vertex 26.9273 51.4929 22.8
      vertex 25.3903 50.7433 22.8
    endloop
  endfacet
  facet normal 0 0 -1
    outer loop
      vertex 27.0653 52.187 22.8
      vertex 25.7166 53.2219 22.8
      vertex 25.9322 53.4678 22.8
    endloop
  endfacet
  facet normal -0 0 -1
    outer loop
      vertex 26.9273 51.4929 22.8
      vertex 25.2852 51.053 22.8
      vertex 26.9068 51.5956 22.8
    endloop
  endfacet
  facet normal 0 0 -1
    outer loop
      vertex 27.0072 52.1 22.8
      vertex 25.5349 52.95 22.8
      vertex 25.7166 53.2219 22.8
    endloop
  endfacet
  facet normal 0 0 -1
    outer loop
      vertex 25.2214 51.3737 22.8
      vertex 26.9068 51.5956 22.8
      vertex 25.2852 51.053 22.8
    endloop
  endfacet
  facet normal 0 0 -1
    outer loop
      vertex 26.9609 52.0061 22.8
      vertex 25.3903 52.6567 22.8
      vertex 25.5349 52.95 22.8
    endloop
  endfacet
  facet normal -0 0 -1
    outer loop
      vertex 26.9068 51.5956 22.8
      vertex 25.2214 51.3737 22.8
      vertex 26.9 51.7 22.8
    endloop
  endfacet
  facet normal 0 0 -1
    outer loop
      vertex 26.9273 51.9071 22.8
      vertex 25.2852 52.347 22.8
      vertex 25.3903 52.6567 22.8
    endloop
  endfacet
  facet normal 0 0 -1
    outer loop
      vertex 25.2 51.7 22.8
      vertex 26.9 51.7 22.8
      vertex 25.2214 51.3737 22.8
    endloop
  endfacet
  facet normal 0 0 -1
    outer loop
      vertex 26.9068 51.8044 22.8
      vertex 25.2214 52.0263 22.8
      vertex 25.2852 52.347 22.8
    endloop
  endfacet
  facet normal 0 0 -1
    outer loop
      vertex 26.9 51.7 22.8
      vertex 25.2 51.7 22.8
      vertex 25.2214 52.0263 22.8
    endloop
  endfacet
  facet normal 0.442191 0.896921 -0
    outer loop
      vertex 28.95 53.8651 22.8
      vertex 28.6567 54.0097 24.2
      vertex 28.95 53.8651 24.2
    endloop
  endfacet
  facet normal 0.442191 0.896921 0
    outer loop
      vertex 28.6567 54.0097 24.2
      vertex 28.95 53.8651 22.8
      vertex 28.6567 54.0097 22.8
    endloop
  endfacet
  facet normal -0.751913 -0.659262 0
    outer loop
      vertex 25.9322 49.9322 22.8
      vertex 25.7166 50.1781 24.2
      vertex 25.7166 50.1781 22.8
    endloop
  endfacet
  facet normal -0.751913 -0.659262 0
    outer loop
      vertex 25.7166 50.1781 24.2
      vertex 25.9322 49.9322 22.8
      vertex 25.9322 49.9322 24.2
    endloop
  endfacet
  facet normal 0.0654432 -0.997856 0
    outer loop
      vertex 27.7 49.2 22.8
      vertex 28.0263 49.2214 24.2
      vertex 27.7 49.2 24.2
    endloop
  endfacet
  facet normal 0.0654432 -0.997856 0
    outer loop
      vertex 28.0263 49.2214 24.2
      vertex 27.7 49.2 22.8
      vertex 28.0263 49.2214 22.8
    endloop
  endfacet
  facet normal 0.555617 0.831438 -0
    outer loop
      vertex 29.2219 53.6834 22.8
      vertex 28.95 53.8651 24.2
      vertex 29.2219 53.6834 24.2
    endloop
  endfacet
  facet normal 0.555617 0.831438 0
    outer loop
      vertex 28.95 53.8651 24.2
      vertex 29.2219 53.6834 22.8
      vertex 28.95 53.8651 22.8
    endloop
  endfacet
  facet normal -0.442191 0.896921 0
    outer loop
      vertex 26.7433 54.0097 22.8
      vertex 26.45 53.8651 24.2
      vertex 26.7433 54.0097 24.2
    endloop
  endfacet
  facet normal -0.442191 0.896921 0
    outer loop
      vertex 26.45 53.8651 24.2
      vertex 26.7433 54.0097 22.8
      vertex 26.45 53.8651 22.8
    endloop
  endfacet
  facet normal -0.0654432 0.997856 0
    outer loop
      vertex 27.7 54.2 22.8
      vertex 27.3737 54.1786 24.2
      vertex 27.7 54.2 24.2
    endloop
  endfacet
  facet normal -0.0654432 0.997856 0
    outer loop
      vertex 27.3737 54.1786 24.2
      vertex 27.7 54.2 22.8
      vertex 27.3737 54.1786 22.8
    endloop
  endfacet
  facet normal -0.659262 0.751913 0
    outer loop
      vertex 26.1781 53.6834 22.8
      vertex 25.9322 53.4678 24.2
      vertex 26.1781 53.6834 24.2
    endloop
  endfacet
  facet normal -0.659262 0.751913 0
    outer loop
      vertex 25.9322 53.4678 24.2
      vertex 26.1781 53.6834 22.8
      vertex 25.9322 53.4678 22.8
    endloop
  endfacet
  facet normal -0.195116 -0.98078 0
    outer loop
      vertex 27.053 49.2852 22.8
      vertex 27.3737 49.2214 24.2
      vertex 27.053 49.2852 24.2
    endloop
  endfacet
  facet normal -0.195116 -0.98078 -0
    outer loop
      vertex 27.3737 49.2214 24.2
      vertex 27.053 49.2852 22.8
      vertex 27.3737 49.2214 22.8
    endloop
  endfacet
  facet normal -0.442191 -0.896921 0
    outer loop
      vertex 26.45 49.5349 22.8
      vertex 26.7433 49.3903 24.2
      vertex 26.45 49.5349 24.2
    endloop
  endfacet
  facet normal -0.442191 -0.896921 -0
    outer loop
      vertex 26.7433 49.3903 24.2
      vertex 26.45 49.5349 22.8
      vertex 26.7433 49.3903 22.8
    endloop
  endfacet
  facet normal -0.896921 -0.442191 0
    outer loop
      vertex 25.5349 50.45 22.8
      vertex 25.3903 50.7433 24.2
      vertex 25.3903 50.7433 22.8
    endloop
  endfacet
  facet normal -0.896921 -0.442191 0
    outer loop
      vertex 25.3903 50.7433 24.2
      vertex 25.5349 50.45 22.8
      vertex 25.5349 50.45 24.2
    endloop
  endfacet
  facet normal -0.659262 -0.751913 0
    outer loop
      vertex 25.9322 49.9322 22.8
      vertex 26.1781 49.7166 24.2
      vertex 25.9322 49.9322 24.2
    endloop
  endfacet
  facet normal -0.659262 -0.751913 -0
    outer loop
      vertex 26.1781 49.7166 24.2
      vertex 25.9322 49.9322 22.8
      vertex 26.1781 49.7166 22.8
    endloop
  endfacet
  facet normal 0.896921 -0.442191 0
    outer loop
      vertex 29.8651 50.45 24.2
      vertex 30.0097 50.7433 22.8
      vertex 30.0097 50.7433 24.2
    endloop
  endfacet
  facet normal 0.896921 -0.442191 0
    outer loop
      vertex 30.0097 50.7433 22.8
      vertex 29.8651 50.45 24.2
      vertex 29.8651 50.45 22.8
    endloop
  endfacet
  facet normal 0.195116 0.98078 -0
    outer loop
      vertex 28.347 54.1148 22.8
      vertex 28.0263 54.1786 24.2
      vertex 28.347 54.1148 24.2
    endloop
  endfacet
  facet normal 0.195116 0.98078 0
    outer loop
      vertex 28.0263 54.1786 24.2
      vertex 28.347 54.1148 22.8
      vertex 28.0263 54.1786 22.8
    endloop
  endfacet
  facet normal -0.946957 0.32136 0
    outer loop
      vertex 25.2852 52.347 22.8
      vertex 25.3903 52.6567 24.2
      vertex 25.3903 52.6567 22.8
    endloop
  endfacet
  facet normal -0.946957 0.32136 0
    outer loop
      vertex 25.3903 52.6567 24.2
      vertex 25.2852 52.347 22.8
      vertex 25.2852 52.347 24.2
    endloop
  endfacet
  facet normal 0.831438 0.555617 0
    outer loop
      vertex 29.8651 52.95 24.2
      vertex 29.6834 53.2219 22.8
      vertex 29.6834 53.2219 24.2
    endloop
  endfacet
  facet normal 0.831438 0.555617 0
    outer loop
      vertex 29.6834 53.2219 22.8
      vertex 29.8651 52.95 24.2
      vertex 29.8651 52.95 22.8
    endloop
  endfacet
  facet normal 0.751913 -0.659262 0
    outer loop
      vertex 29.4678 49.9322 24.2
      vertex 29.6834 50.1781 22.8
      vertex 29.6834 50.1781 24.2
    endloop
  endfacet
  facet normal 0.751913 -0.659262 0
    outer loop
      vertex 29.6834 50.1781 22.8
      vertex 29.4678 49.9322 24.2
      vertex 29.4678 49.9322 22.8
    endloop
  endfacet
  facet normal 0.896921 0.442191 0
    outer loop
      vertex 30.0097 52.6567 24.2
      vertex 29.8651 52.95 22.8
      vertex 29.8651 52.95 24.2
    endloop
  endfacet
  facet normal 0.896921 0.442191 0
    outer loop
      vertex 29.8651 52.95 22.8
      vertex 30.0097 52.6567 24.2
      vertex 30.0097 52.6567 22.8
    endloop
  endfacet
  facet normal 0.751913 0.659262 0
    outer loop
      vertex 29.6834 53.2219 24.2
      vertex 29.4678 53.4678 22.8
      vertex 29.4678 53.4678 24.2
    endloop
  endfacet
  facet normal 0.751913 0.659262 0
    outer loop
      vertex 29.4678 53.4678 22.8
      vertex 29.6834 53.2219 24.2
      vertex 29.6834 53.2219 22.8
    endloop
  endfacet
  facet normal 0.0654432 0.997856 -0
    outer loop
      vertex 28.0263 54.1786 22.8
      vertex 27.7 54.2 24.2
      vertex 28.0263 54.1786 24.2
    endloop
  endfacet
  facet normal 0.0654432 0.997856 0
    outer loop
      vertex 27.7 54.2 24.2
      vertex 28.0263 54.1786 22.8
      vertex 27.7 54.2 22.8
    endloop
  endfacet
  facet normal -0.0654432 -0.997856 0
    outer loop
      vertex 27.3737 49.2214 22.8
      vertex 27.7 49.2 24.2
      vertex 27.3737 49.2214 24.2
    endloop
  endfacet
  facet normal -0.0654432 -0.997856 -0
    outer loop
      vertex 27.7 49.2 24.2
      vertex 27.3737 49.2214 22.8
      vertex 27.7 49.2 22.8
    endloop
  endfacet
  facet normal -0.32136 -0.946957 0
    outer loop
      vertex 26.7433 49.3903 22.8
      vertex 27.053 49.2852 24.2
      vertex 26.7433 49.3903 24.2
    endloop
  endfacet
  facet normal -0.32136 -0.946957 -0
    outer loop
      vertex 27.053 49.2852 24.2
      vertex 26.7433 49.3903 22.8
      vertex 27.053 49.2852 22.8
    endloop
  endfacet
  facet normal 0.442191 -0.896921 0
    outer loop
      vertex 28.6567 49.3903 22.8
      vertex 28.95 49.5349 24.2
      vertex 28.6567 49.3903 24.2
    endloop
  endfacet
  facet normal 0.442191 -0.896921 0
    outer loop
      vertex 28.95 49.5349 24.2
      vertex 28.6567 49.3903 22.8
      vertex 28.95 49.5349 22.8
    endloop
  endfacet
  facet normal 0.32136 -0.946957 0
    outer loop
      vertex 28.347 49.2852 22.8
      vertex 28.6567 49.3903 24.2
      vertex 28.347 49.2852 24.2
    endloop
  endfacet
  facet normal 0.32136 -0.946957 0
    outer loop
      vertex 28.6567 49.3903 24.2
      vertex 28.347 49.2852 22.8
      vertex 28.6567 49.3903 22.8
    endloop
  endfacet
  facet normal -0.555617 -0.831438 0
    outer loop
      vertex 26.1781 49.7166 22.8
      vertex 26.45 49.5349 24.2
      vertex 26.1781 49.7166 24.2
    endloop
  endfacet
  facet normal -0.555617 -0.831438 -0
    outer loop
      vertex 26.45 49.5349 24.2
      vertex 26.1781 49.7166 22.8
      vertex 26.45 49.5349 22.8
    endloop
  endfacet
  facet normal 0.44224 -0.896897 0
    outer loop
      vertex 27.3 52.3928 22.8
      vertex 27.3939 52.4391 24.2
      vertex 27.3 52.3928 24.2
    endloop
  endfacet
  facet normal 0.44224 -0.896897 0
    outer loop
      vertex 27.3939 52.4391 24.2
      vertex 27.3 52.3928 22.8
      vertex 27.3939 52.4391 22.8
    endloop
  endfacet
  facet normal 0.555362 0.831609 -0
    outer loop
      vertex 27.3 51.0072 22.8
      vertex 27.213 51.0653 24.2
      vertex 27.3 51.0072 24.2
    endloop
  endfacet
  facet normal 0.555362 0.831609 0
    outer loop
      vertex 27.213 51.0653 24.2
      vertex 27.3 51.0072 22.8
      vertex 27.213 51.0653 22.8
    endloop
  endfacet
  facet normal 0.831609 -0.555362 0
    outer loop
      vertex 27.0072 52.1 24.2
      vertex 27.0653 52.187 22.8
      vertex 27.0653 52.187 24.2
    endloop
  endfacet
  facet normal 0.831609 -0.555362 0
    outer loop
      vertex 27.0653 52.187 22.8
      vertex 27.0072 52.1 24.2
      vertex 27.0072 52.1 22.8
    endloop
  endfacet
  facet normal -0.659248 0.751925 0
    outer loop
      vertex 28.2657 51.1343 22.8
      vertex 28.187 51.0653 24.2
      vertex 28.2657 51.1343 24.2
    endloop
  endfacet
  facet normal -0.659248 0.751925 0
    outer loop
      vertex 28.187 51.0653 24.2
      vertex 28.2657 51.1343 22.8
      vertex 28.187 51.0653 22.8
    endloop
  endfacet
  facet normal -0.44224 0.896897 0
    outer loop
      vertex 28.1 51.0072 22.8
      vertex 28.0061 50.9609 24.2
      vertex 28.1 51.0072 24.2
    endloop
  endfacet
  facet normal -0.44224 0.896897 0
    outer loop
      vertex 28.0061 50.9609 24.2
      vertex 28.1 51.0072 22.8
      vertex 28.0061 50.9609 22.8
    endloop
  endfacet
  facet normal 0.751925 -0.659248 0
    outer loop
      vertex 27.0653 52.187 24.2
      vertex 27.1343 52.2657 22.8
      vertex 27.1343 52.2657 24.2
    endloop
  endfacet
  facet normal 0.751925 -0.659248 0
    outer loop
      vertex 27.1343 52.2657 22.8
      vertex 27.0653 52.187 24.2
      vertex 27.0653 52.187 22.8
    endloop
  endfacet
  facet normal 0.946948 -0.321388 0
    outer loop
      vertex 26.9273 51.9071 24.2
      vertex 26.9609 52.0061 22.8
      vertex 26.9609 52.0061 24.2
    endloop
  endfacet
  facet normal 0.946948 -0.321388 0
    outer loop
      vertex 26.9609 52.0061 22.8
      vertex 26.9273 51.9071 24.2
      vertex 26.9273 51.9071 22.8
    endloop
  endfacet
  facet normal -0.896897 -0.44224 0
    outer loop
      vertex 28.4391 52.0061 22.8
      vertex 28.3928 52.1 24.2
      vertex 28.3928 52.1 22.8
    endloop
  endfacet
  facet normal -0.896897 -0.44224 0
    outer loop
      vertex 28.3928 52.1 24.2
      vertex 28.4391 52.0061 22.8
      vertex 28.4391 52.0061 24.2
    endloop
  endfacet
  facet normal 0.997886 -0.0649964 0
    outer loop
      vertex 26.9 51.7 24.2
      vertex 26.9068 51.8044 22.8
      vertex 26.9068 51.8044 24.2
    endloop
  endfacet
  facet normal 0.997886 -0.0649964 0
    outer loop
      vertex 26.9068 51.8044 22.8
      vertex 26.9 51.7 24.2
      vertex 26.9 51.7 22.8
    endloop
  endfacet
  facet normal -0.555362 -0.831609 0
    outer loop
      vertex 28.1 52.3928 22.8
      vertex 28.187 52.3347 24.2
      vertex 28.1 52.3928 24.2
    endloop
  endfacet
  facet normal -0.555362 -0.831609 -0
    outer loop
      vertex 28.187 52.3347 24.2
      vertex 28.1 52.3928 22.8
      vertex 28.187 52.3347 22.8
    endloop
  endfacet
  facet normal -0.997886 -0.0649964 0
    outer loop
      vertex 28.5 51.7 22.8
      vertex 28.4932 51.8044 24.2
      vertex 28.4932 51.8044 22.8
    endloop
  endfacet
  facet normal -0.997886 -0.0649964 0
    outer loop
      vertex 28.4932 51.8044 24.2
      vertex 28.5 51.7 22.8
      vertex 28.5 51.7 24.2
    endloop
  endfacet
  facet normal -0.980654 -0.195749 0
    outer loop
      vertex 28.4932 51.8044 22.8
      vertex 28.4727 51.9071 24.2
      vertex 28.4727 51.9071 22.8
    endloop
  endfacet
  facet normal -0.980654 -0.195749 0
    outer loop
      vertex 28.4727 51.9071 24.2
      vertex 28.4932 51.8044 22.8
      vertex 28.4932 51.8044 24.2
    endloop
  endfacet
  facet normal 0.896897 0.44224 0
    outer loop
      vertex 27.0072 51.3 24.2
      vertex 26.9609 51.3939 22.8
      vertex 26.9609 51.3939 24.2
    endloop
  endfacet
  facet normal 0.896897 0.44224 0
    outer loop
      vertex 26.9609 51.3939 22.8
      vertex 27.0072 51.3 24.2
      vertex 27.0072 51.3 22.8
    endloop
  endfacet
  facet normal -0.555362 0.831609 0
    outer loop
      vertex 28.187 51.0653 22.8
      vertex 28.1 51.0072 24.2
      vertex 28.187 51.0653 24.2
    endloop
  endfacet
  facet normal -0.555362 0.831609 0
    outer loop
      vertex 28.1 51.0072 24.2
      vertex 28.187 51.0653 22.8
      vertex 28.1 51.0072 22.8
    endloop
  endfacet
  facet normal -0.44224 -0.896897 0
    outer loop
      vertex 28.0061 52.4391 22.8
      vertex 28.1 52.3928 24.2
      vertex 28.0061 52.4391 24.2
    endloop
  endfacet
  facet normal -0.44224 -0.896897 -0
    outer loop
      vertex 28.1 52.3928 24.2
      vertex 28.0061 52.4391 22.8
      vertex 28.1 52.3928 22.8
    endloop
  endfacet
  facet normal -0.321388 -0.946948 0
    outer loop
      vertex 27.9071 52.4727 22.8
      vertex 28.0061 52.4391 24.2
      vertex 27.9071 52.4727 24.2
    endloop
  endfacet
  facet normal -0.321388 -0.946948 -0
    outer loop
      vertex 28.0061 52.4391 24.2
      vertex 27.9071 52.4727 22.8
      vertex 28.0061 52.4391 22.8
    endloop
  endfacet
  facet normal -0.946948 0.321388 0
    outer loop
      vertex 28.4391 51.3939 22.8
      vertex 28.4727 51.4929 24.2
      vertex 28.4727 51.4929 22.8
    endloop
  endfacet
  facet normal -0.946948 0.321388 0
    outer loop
      vertex 28.4727 51.4929 24.2
      vertex 28.4391 51.3939 22.8
      vertex 28.4391 51.3939 24.2
    endloop
  endfacet
  facet normal 0.896897 -0.44224 0
    outer loop
      vertex 26.9609 52.0061 24.2
      vertex 27.0072 52.1 22.8
      vertex 27.0072 52.1 24.2
    endloop
  endfacet
  facet normal 0.896897 -0.44224 0
    outer loop
      vertex 27.0072 52.1 22.8
      vertex 26.9609 52.0061 24.2
      vertex 26.9609 52.0061 22.8
    endloop
  endfacet
  facet normal -0.751925 -0.659248 0
    outer loop
      vertex 28.3347 52.187 22.8
      vertex 28.2657 52.2657 24.2
      vertex 28.2657 52.2657 22.8
    endloop
  endfacet
  facet normal -0.751925 -0.659248 0
    outer loop
      vertex 28.2657 52.2657 24.2
      vertex 28.3347 52.187 22.8
      vertex 28.3347 52.187 24.2
    endloop
  endfacet
  facet normal -0.831609 0.555362 0
    outer loop
      vertex 28.3347 51.213 22.8
      vertex 28.3928 51.3 24.2
      vertex 28.3928 51.3 22.8
    endloop
  endfacet
  facet normal -0.831609 0.555362 0
    outer loop
      vertex 28.3928 51.3 24.2
      vertex 28.3347 51.213 22.8
      vertex 28.3347 51.213 24.2
    endloop
  endfacet
  facet normal 0.980654 -0.195749 0
    outer loop
      vertex 26.9068 51.8044 24.2
      vertex 26.9273 51.9071 22.8
      vertex 26.9273 51.9071 24.2
    endloop
  endfacet
  facet normal 0.980654 -0.195749 0
    outer loop
      vertex 26.9273 51.9071 22.8
      vertex 26.9068 51.8044 24.2
      vertex 26.9068 51.8044 22.8
    endloop
  endfacet
  facet normal 0.997886 0.0649964 0
    outer loop
      vertex 26.9068 51.5956 24.2
      vertex 26.9 51.7 22.8
      vertex 26.9 51.7 24.2
    endloop
  endfacet
  facet normal 0.997886 0.0649964 0
    outer loop
      vertex 26.9 51.7 22.8
      vertex 26.9068 51.5956 24.2
      vertex 26.9068 51.5956 22.8
    endloop
  endfacet
  facet normal 0.831609 0.555362 0
    outer loop
      vertex 27.0653 51.213 24.2
      vertex 27.0072 51.3 22.8
      vertex 27.0072 51.3 24.2
    endloop
  endfacet
  facet normal 0.831609 0.555362 0
    outer loop
      vertex 27.0072 51.3 22.8
      vertex 27.0653 51.213 24.2
      vertex 27.0653 51.213 22.8
    endloop
  endfacet
  facet normal 0.195749 0.980654 -0
    outer loop
      vertex 27.5956 50.9068 22.8
      vertex 27.4929 50.9273 24.2
      vertex 27.5956 50.9068 24.2
    endloop
  endfacet
  facet normal 0.195749 0.980654 0
    outer loop
      vertex 27.4929 50.9273 24.2
      vertex 27.5956 50.9068 22.8
      vertex 27.4929 50.9273 22.8
    endloop
  endfacet
  facet normal -0.0649964 -0.997886 0
    outer loop
      vertex 27.7 52.5 22.8
      vertex 27.8044 52.4932 24.2
      vertex 27.7 52.5 24.2
    endloop
  endfacet
  facet normal -0.0649964 -0.997886 -0
    outer loop
      vertex 27.8044 52.4932 24.2
      vertex 27.7 52.5 22.8
      vertex 27.8044 52.4932 22.8
    endloop
  endfacet
  facet normal 0.555362 -0.831609 0
    outer loop
      vertex 27.213 52.3347 22.8
      vertex 27.3 52.3928 24.2
      vertex 27.213 52.3347 24.2
    endloop
  endfacet
  facet normal 0.555362 -0.831609 0
    outer loop
      vertex 27.3 52.3928 24.2
      vertex 27.213 52.3347 22.8
      vertex 27.3 52.3928 22.8
    endloop
  endfacet
  facet normal 0.321388 -0.946948 0
    outer loop
      vertex 27.3939 52.4391 22.8
      vertex 27.4929 52.4727 24.2
      vertex 27.3939 52.4391 24.2
    endloop
  endfacet
  facet normal 0.321388 -0.946948 0
    outer loop
      vertex 27.4929 52.4727 24.2
      vertex 27.3939 52.4391 22.8
      vertex 27.4929 52.4727 22.8
    endloop
  endfacet
  facet normal -0.831609 -0.555362 0
    outer loop
      vertex 28.3928 52.1 22.8
      vertex 28.3347 52.187 24.2
      vertex 28.3347 52.187 22.8
    endloop
  endfacet
  facet normal -0.831609 -0.555362 0
    outer loop
      vertex 28.3347 52.187 24.2
      vertex 28.3928 52.1 22.8
      vertex 28.3928 52.1 24.2
    endloop
  endfacet
  facet normal -0.980654 0.195749 0
    outer loop
      vertex 28.4727 51.4929 22.8
      vertex 28.4932 51.5956 24.2
      vertex 28.4932 51.5956 22.8
    endloop
  endfacet
  facet normal -0.980654 0.195749 0
    outer loop
      vertex 28.4932 51.5956 24.2
      vertex 28.4727 51.4929 22.8
      vertex 28.4727 51.4929 24.2
    endloop
  endfacet
  facet normal -0.946948 -0.321388 0
    outer loop
      vertex 28.4727 51.9071 22.8
      vertex 28.4391 52.0061 24.2
      vertex 28.4391 52.0061 22.8
    endloop
  endfacet
  facet normal -0.946948 -0.321388 0
    outer loop
      vertex 28.4391 52.0061 24.2
      vertex 28.4727 51.9071 22.8
      vertex 28.4727 51.9071 24.2
    endloop
  endfacet
  facet normal 0.980654 0.195749 0
    outer loop
      vertex 26.9273 51.4929 24.2
      vertex 26.9068 51.5956 22.8
      vertex 26.9068 51.5956 24.2
    endloop
  endfacet
  facet normal 0.980654 0.195749 0
    outer loop
      vertex 26.9068 51.5956 22.8
      vertex 26.9273 51.4929 24.2
      vertex 26.9273 51.4929 22.8
    endloop
  endfacet
  facet normal -0.321388 0.946948 0
    outer loop
      vertex 28.0061 50.9609 22.8
      vertex 27.9071 50.9273 24.2
      vertex 28.0061 50.9609 24.2
    endloop
  endfacet
  facet normal -0.321388 0.946948 0
    outer loop
      vertex 27.9071 50.9273 24.2
      vertex 28.0061 50.9609 22.8
      vertex 27.9071 50.9273 22.8
    endloop
  endfacet
  facet normal 0.751925 0.659248 0
    outer loop
      vertex 27.1343 51.1343 24.2
      vertex 27.0653 51.213 22.8
      vertex 27.0653 51.213 24.2
    endloop
  endfacet
  facet normal 0.751925 0.659248 0
    outer loop
      vertex 27.0653 51.213 22.8
      vertex 27.1343 51.1343 24.2
      vertex 27.1343 51.1343 22.8
    endloop
  endfacet
  facet normal 0.195749 -0.980654 0
    outer loop
      vertex 27.4929 52.4727 22.8
      vertex 27.5956 52.4932 24.2
      vertex 27.4929 52.4727 24.2
    endloop
  endfacet
  facet normal 0.195749 -0.980654 0
    outer loop
      vertex 27.5956 52.4932 24.2
      vertex 27.4929 52.4727 22.8
      vertex 27.5956 52.4932 22.8
    endloop
  endfacet
  facet normal -0.997886 0.0649964 0
    outer loop
      vertex 28.4932 51.5956 22.8
      vertex 28.5 51.7 24.2
      vertex 28.5 51.7 22.8
    endloop
  endfacet
  facet normal -0.997886 0.0649964 0
    outer loop
      vertex 28.5 51.7 24.2
      vertex 28.4932 51.5956 22.8
      vertex 28.4932 51.5956 24.2
    endloop
  endfacet
  facet normal 0.946948 0.321388 0
    outer loop
      vertex 26.9609 51.3939 24.2
      vertex 26.9273 51.4929 22.8
      vertex 26.9273 51.4929 24.2
    endloop
  endfacet
  facet normal 0.946948 0.321388 0
    outer loop
      vertex 26.9273 51.4929 22.8
      vertex 26.9609 51.3939 24.2
      vertex 26.9609 51.3939 22.8
    endloop
  endfacet
  facet normal -0.195749 0.980654 0
    outer loop
      vertex 27.9071 50.9273 22.8
      vertex 27.8044 50.9068 24.2
      vertex 27.9071 50.9273 24.2
    endloop
  endfacet
  facet normal -0.195749 0.980654 0
    outer loop
      vertex 27.8044 50.9068 24.2
      vertex 27.9071 50.9273 22.8
      vertex 27.8044 50.9068 22.8
    endloop
  endfacet
  facet normal -0.0649964 0.997886 0
    outer loop
      vertex 27.8044 50.9068 22.8
      vertex 27.7 50.9 24.2
      vertex 27.8044 50.9068 24.2
    endloop
  endfacet
  facet normal -0.0649964 0.997886 0
    outer loop
      vertex 27.7 50.9 24.2
      vertex 27.8044 50.9068 22.8
      vertex 27.7 50.9 22.8
    endloop
  endfacet
  facet normal 0.659248 0.751925 -0
    outer loop
      vertex 27.213 51.0653 22.8
      vertex 27.1343 51.1343 24.2
      vertex 27.213 51.0653 24.2
    endloop
  endfacet
  facet normal 0.659248 0.751925 0
    outer loop
      vertex 27.1343 51.1343 24.2
      vertex 27.213 51.0653 22.8
      vertex 27.1343 51.1343 22.8
    endloop
  endfacet
  facet normal 0.0649964 -0.997886 0
    outer loop
      vertex 27.5956 52.4932 22.8
      vertex 27.7 52.5 24.2
      vertex 27.5956 52.4932 24.2
    endloop
  endfacet
  facet normal 0.0649964 -0.997886 0
    outer loop
      vertex 27.7 52.5 24.2
      vertex 27.5956 52.4932 22.8
      vertex 27.7 52.5 22.8
    endloop
  endfacet
  facet normal 0.321388 0.946948 -0
    outer loop
      vertex 27.4929 50.9273 22.8
      vertex 27.3939 50.9609 24.2
      vertex 27.4929 50.9273 24.2
    endloop
  endfacet
  facet normal 0.321388 0.946948 0
    outer loop
      vertex 27.3939 50.9609 24.2
      vertex 27.4929 50.9273 22.8
      vertex 27.3939 50.9609 22.8
    endloop
  endfacet
  facet normal -0.896897 0.44224 0
    outer loop
      vertex 28.3928 51.3 22.8
      vertex 28.4391 51.3939 24.2
      vertex 28.4391 51.3939 22.8
    endloop
  endfacet
  facet normal -0.896897 0.44224 0
    outer loop
      vertex 28.4391 51.3939 24.2
      vertex 28.3928 51.3 22.8
      vertex 28.3928 51.3 24.2
    endloop
  endfacet
  facet normal 0.659248 -0.751925 0
    outer loop
      vertex 27.1343 52.2657 22.8
      vertex 27.213 52.3347 24.2
      vertex 27.1343 52.2657 24.2
    endloop
  endfacet
  facet normal 0.659248 -0.751925 0
    outer loop
      vertex 27.213 52.3347 24.2
      vertex 27.1343 52.2657 22.8
      vertex 27.213 52.3347 22.8
    endloop
  endfacet
  facet normal -0.659248 -0.751925 0
    outer loop
      vertex 28.187 52.3347 22.8
      vertex 28.2657 52.2657 24.2
      vertex 28.187 52.3347 24.2
    endloop
  endfacet
  facet normal -0.659248 -0.751925 -0
    outer loop
      vertex 28.2657 52.2657 24.2
      vertex 28.187 52.3347 22.8
      vertex 28.2657 52.2657 22.8
    endloop
  endfacet
  facet normal 0.44224 0.896897 -0
    outer loop
      vertex 27.3939 50.9609 22.8
      vertex 27.3 51.0072 24.2
      vertex 27.3939 50.9609 24.2
    endloop
  endfacet
  facet normal 0.44224 0.896897 0
    outer loop
      vertex 27.3 51.0072 24.2
      vertex 27.3939 50.9609 22.8
      vertex 27.3 51.0072 22.8
    endloop
  endfacet
  facet normal -0.195749 -0.980654 0
    outer loop
      vertex 27.8044 52.4932 22.8
      vertex 27.9071 52.4727 24.2
      vertex 27.8044 52.4932 24.2
    endloop
  endfacet
  facet normal -0.195749 -0.980654 -0
    outer loop
      vertex 27.9071 52.4727 24.2
      vertex 27.8044 52.4932 22.8
      vertex 27.9071 52.4727 22.8
    endloop
  endfacet
  facet normal -0.751925 0.659248 0
    outer loop
      vertex 28.2657 51.1343 22.8
      vertex 28.3347 51.213 24.2
      vertex 28.3347 51.213 22.8
    endloop
  endfacet
  facet normal -0.751925 0.659248 0
    outer loop
      vertex 28.3347 51.213 24.2
      vertex 28.2657 51.1343 22.8
      vertex 28.2657 51.1343 24.2
    endloop
  endfacet
  facet normal 0.0649964 0.997886 -0
    outer loop
      vertex 27.7 50.9 22.8
      vertex 27.5956 50.9068 24.2
      vertex 27.7 50.9 24.2
    endloop
  endfacet
  facet normal 0.0649964 0.997886 0
    outer loop
      vertex 27.5956 50.9068 24.2
      vertex 27.7 50.9 22.8
      vertex 27.5956 50.9068 22.8
    endloop
  endfacet
endsolid OpenSCAD_Model
